Transaction ID,Date,Day,Month,Year,Day Name,Brand,Mobile Model,Units Sold,Price Per Unit,Total Sales,Customer Name,Customer Age,City,Payment Method,Customer Ratings
1,2021-10-09,9,10,2021,Saturday,Xiaomi,Redmi Note 10,6,10174.7,61048.200000000004,Lalita Ahuja,38,Ludhiana,UPI,5
2,2021-10-09,9,10,2021,Saturday,Vivo,Vivo Y51,6,10565.19,63391.14,Sneha Sharma,37,Delhi,Credit Card,3
3,2021-10-09,9,10,2021,Saturday,Vivo,Vivo S1,8,58527.58,468220.64,Radha Srivastava,40,Mumbai,UPI,5
4,2021-10-10,10,10,2021,Sunday,Xiaomi,Mi 11,5,25563.98,127819.9,Bhavana Arora,21,Mumbai,Credit Card,4
5,2021-10-10,10,10,2021,Sunday,OnePlus,OnePlus 9,3,48168.02,144504.06,Sneha Mehta,38,Gorakhpur,Cash,5
6,2021-10-10,10,10,2021,Sunday,Samsung,Galaxy Note 20,3,37252.87,111758.61000000002,Reena Mehta,38,Jodhpur,UPI,3
7,2021-10-10,10,10,2021,Sunday,OnePlus,OnePlus Nord,6,61805.8,370834.80000000005,Pankaj Alva,18,Delhi,Cash,4
8,2021-10-11,11,10,2021,Monday,Apple,iPhone 12,2,65017.67,130035.34,Mala Rawat,32,Vadodara,Cash,3
9,2021-10-11,11,10,2021,Monday,Vivo,Vivo Y51,6,69808.46,418850.76,Pankaj Varma,34,Delhi,UPI,5
10,2021-10-11,11,10,2021,Monday,Samsung,Galaxy A51,6,19221.05,115326.29999999999,Yogesh Sharma,31,Mumbai,Debit Card,2
11,2021-10-12,12,10,2021,Tuesday,Samsung,Galaxy A51,8,61777.84,494222.72,Radha Sharma,36,Madurai,Credit Card,5
12,2021-10-12,12,10,2021,Tuesday,Apple,iPhone 12,7,25961.28,181728.96,Namita Roy,51,Delhi,UPI,4
13,2021-10-12,12,10,2021,Tuesday,Apple,iPhone 12,8,45448.95,363591.6,Ramesh Joshi,23,Mumbai,Cash,5
14,2021-10-13,13,10,2021,Wednesday,Xiaomi,Redmi Note 10,9,40346.37,363117.33,Arun Iyer,23,Hyderabad,Credit Card,2
15,2021-10-13,13,10,2021,Wednesday,Vivo,Vivo V20,6,11079.29,66475.74,Manoj Siddiqui,22,Chennai,Cash,5
16,2021-10-13,13,10,2021,Wednesday,Vivo,Vivo Y51,3,65966.28,197898.84,Anjali Gupta,24,Mumbai,Credit Card,2
17,2021-10-14,14,10,2021,Thursday,OnePlus,OnePlus Nord,3,14699.62,44098.86,Ramesh Rao,50,Coimbatore,UPI,4
18,2021-10-14,14,10,2021,Thursday,Xiaomi,Redmi Note 10,1,51293.14,51293.14,Anand Pillai,30,Delhi,Cash,3
19,2021-10-14,14,10,2021,Thursday,Xiaomi,Redmi Note 10,5,57100.41,285502.05000000005,Kiran Rawat,18,Mumbai,Credit Card,4
20,2021-10-14,14,10,2021,Thursday,Xiaomi,Redmi Note 10,4,57717.27,230869.08,Harish Kaur,30,Mumbai,Credit Card,5
21,2021-10-15,15,10,2021,Friday,Xiaomi,Mi 11,9,18129.67,163167.02999999997,Manoj Luthra,44,Coimbatore,UPI,4
22,2021-10-15,15,10,2021,Friday,Vivo,Vivo S1,9,36854.2,331687.8,Jyoti Roy,24,Vadodara,Credit Card,5
23,2021-10-15,15,10,2021,Friday,Vivo,Vivo S1,5,59765.73,298828.65,Rajesh Sheth,20,Kolkata,Credit Card,5
24,2021-10-16,16,10,2021,Saturday,Xiaomi,Redmi Note 10,4,28160.75,112643.0,Mala Ghosh,42,Mumbai,Cash,5
25,2021-10-16,16,10,2021,Saturday,OnePlus,OnePlus Nord,7,38064.92,266454.44,Reena Teja,50,Delhi,UPI,2
26,2021-10-16,16,10,2021,Saturday,Samsung,Galaxy Note 20,6,26367.63,158205.78,Bhavana Dutta,57,Delhi,UPI,5
27,2021-10-17,17,10,2021,Sunday,Samsung,Galaxy A51,4,37813.09,151252.36,Yogesh Ahuja,34,Delhi,Cash,4
28,2021-10-17,17,10,2021,Sunday,OnePlus,OnePlus 9,2,63270.28,126540.56,Isha Desai,31,Vadodara,Debit Card,4
29,2021-10-17,17,10,2021,Sunday,Xiaomi,Redmi 9,1,37307.45,37307.45,Tapan Shah,54,Delhi,Cash,4
30,2021-10-18,18,10,2021,Monday,Vivo,Vivo Y51,4,43354.72,173418.88,Vinod Pathak,40,Delhi,Cash,5
31,2021-10-18,18,10,2021,Monday,Samsung,Galaxy Note 20,4,34238.58,136954.32,Bhavana Siddiqui,41,Ludhiana,Debit Card,2
32,2021-10-18,18,10,2021,Monday,Apple,iPhone SE,1,37607.03,37607.03,Meena Mathur,46,Mumbai,Credit Card,5
33,2021-10-18,18,10,2021,Monday,Apple,iPhone SE,6,10910.45,65462.700000000004,Sumit Pillai,55,Rajkot,UPI,3
34,2021-10-19,19,10,2021,Tuesday,OnePlus,OnePlus 9,4,27024.73,108098.92,Vinod Dutta,44,Mumbai,UPI,5
35,2021-10-19,19,10,2021,Tuesday,Xiaomi,Redmi Note 10,1,36194.9,36194.9,Shruti Bhatnagar,55,Kanpur,Debit Card,4
36,2021-10-19,19,10,2021,Tuesday,Samsung,Galaxy S21,1,48027.82,48027.82,Pankaj Shah,57,Kolkata,UPI,3
37,2021-10-20,20,10,2021,Wednesday,Xiaomi,Redmi 9,1,37003.12,37003.12,Deepika Verma,40,Coimbatore,Debit Card,3
38,2021-10-20,20,10,2021,Wednesday,Samsung,Galaxy Note 20,8,30269.02,242152.16,Sanjay Joshi,48,Ludhiana,Credit Card,5
39,2021-10-20,20,10,2021,Wednesday,OnePlus,OnePlus 8T,8,33285.92,266287.36,Umesh Goyal,53,Delhi,Debit Card,5
40,2021-10-21,21,10,2021,Thursday,OnePlus,OnePlus Nord,2,24537.6,49075.2,Rajesh Verma,34,Delhi,UPI,5
41,2021-10-21,21,10,2021,Thursday,Apple,iPhone 11,7,65469.66,458287.62,Pooja Rao,54,Delhi,UPI,5
42,2021-10-21,21,10,2021,Thursday,Xiaomi,Mi 11,8,41304.59,330436.72,Jyoti Mishra,20,Mumbai,Debit Card,2
43,2021-10-22,22,10,2021,Friday,Apple,iPhone SE,8,10804.57,86436.56,Sachin Desai,53,Ludhiana,UPI,5
44,2021-10-22,22,10,2021,Friday,Xiaomi,Mi 11,7,11166.78,78167.46,Manoj Jain,22,Rajkot,Debit Card,5
45,2021-10-22,22,10,2021,Friday,Apple,iPhone SE,5,68377.7,341888.5,Deepika Shah,32,Chennai,UPI,5
46,2021-10-23,23,10,2021,Saturday,Vivo,Vivo V20,1,23287.05,23287.05,Priyanka Pillai,23,Madurai,Cash,5
47,2021-10-23,23,10,2021,Saturday,Vivo,Vivo Y51,9,58336.5,525028.5,Pooja Arora,27,Delhi,Credit Card,5
48,2021-10-23,23,10,2021,Saturday,Vivo,Vivo S1,7,13496.52,94475.64,Tanuja Prasad,49,Bhopal,UPI,5
49,2021-10-23,23,10,2021,Saturday,Vivo,Vivo Y51,2,65269.76,130539.52,Monika Thakur,40,Mumbai,UPI,5
50,2021-10-24,24,10,2021,Sunday,Samsung,Galaxy Note 20,6,62465.02,374790.12,Anand Nair,34,Madurai,UPI,2
51,2021-10-24,24,10,2021,Sunday,Vivo,Vivo V20,2,44265.59,88531.18,Vinod Kaur,37,Ranchi,Debit Card,5
52,2021-10-24,24,10,2021,Sunday,OnePlus,OnePlus Nord,1,10539.92,10539.92,Yogesh Roy,58,Delhi,UPI,5
53,2021-10-25,25,10,2021,Monday,OnePlus,OnePlus 9,7,25468.65,178280.55000000002,Krishna Mehta,32,Lucknow,Debit Card,5
54,2021-10-25,25,10,2021,Monday,Samsung,Galaxy Note 20,2,34409.36,68818.72,Mala Malhotra,39,Bhopal,UPI,2
55,2021-10-25,25,10,2021,Monday,Vivo,Vivo Y51,2,37603.85,75207.7,Sunita Thakur,23,Mumbai,Cash,2
56,2021-10-25,25,10,2021,Monday,Vivo,Vivo Y51,5,27860.73,139303.65,Kavita Sheth,21,Delhi,Cash,5
57,2021-10-26,26,10,2021,Tuesday,Vivo,Vivo S1,5,11976.87,59884.350000000006,Anjali Roy,40,Kolkata,Credit Card,5
58,2021-10-26,26,10,2021,Tuesday,Apple,iPhone 12,7,45407.64,317853.48,Shruti Dutta,36,Delhi,Debit Card,4
59,2021-10-26,26,10,2021,Tuesday,Xiaomi,Redmi 9,1,41449.28,41449.28,Devendra Jain,48,Kanpur,Credit Card,5
60,2021-10-26,26,10,2021,Tuesday,Apple,iPhone 11,8,26980.04,215840.32,Jyoti Bhattacharya,20,Kanpur,UPI,2
61,2021-10-27,27,10,2021,Wednesday,Xiaomi,Redmi Note 10,3,12278.56,36835.68,Kavita Srivastava,45,Mumbai,UPI,4
62,2021-10-27,27,10,2021,Wednesday,Vivo,Vivo Y51,4,69675.65,278702.6,Radha Mathur,20,Madurai,Cash,5
63,2021-10-27,27,10,2021,Wednesday,Vivo,Vivo V20,9,38919.17,350272.52999999997,Lata Shah,31,Gorakhpur,Credit Card,5
64,2021-10-27,27,10,2021,Wednesday,Apple,iPhone SE,4,55360.25,221441.0,Sumit Ghosh,35,Ludhiana,UPI,4
65,2021-10-28,28,10,2021,Thursday,Apple,iPhone SE,5,37138.84,185694.19999999998,Tanuja Dutta,44,Kanpur,UPI,5
66,2021-10-28,28,10,2021,Thursday,Xiaomi,Redmi 9,7,12590.22,88131.54,Ramesh Kumar,27,Ludhiana,Debit Card,4
67,2021-10-28,28,10,2021,Thursday,OnePlus,OnePlus Nord,4,28576.04,114304.16,Sunil Luthra,32,Indore,UPI,5
68,2021-10-29,29,10,2021,Friday,Xiaomi,Redmi 9,1,29206.61,29206.61,Kavita Solanki,36,Kanpur,Credit Card,5
69,2021-10-29,29,10,2021,Friday,Apple,iPhone 12,9,60301.17,542710.53,Meena Thakur,26,Chennai,Cash,5
70,2021-10-29,29,10,2021,Friday,Apple,iPhone 12,4,49253.8,197015.2,Pooja Reddy,21,Delhi,Cash,5
71,2021-10-29,29,10,2021,Friday,Samsung,Galaxy Note 20,9,26525.79,238732.11000000002,Ayesha Ghosh,32,Ranchi,UPI,3
72,2021-10-30,30,10,2021,Saturday,Apple,iPhone 12,6,68064.4,408386.39999999997,Yogesh Ahuja,25,Patna,UPI,4
73,2021-10-30,30,10,2021,Saturday,Samsung,Galaxy Note 20,1,29292.51,29292.51,Nikhil Bhattacharya,18,Delhi,UPI,5
74,2021-10-30,30,10,2021,Saturday,OnePlus,OnePlus Nord,3,69894.04,209682.12,Sunil Das,24,Delhi,Debit Card,4
75,2021-10-31,31,10,2021,Sunday,Xiaomi,Redmi Note 10,2,69769.82,139539.64,Shruti Iyer,48,Mumbai,UPI,3
76,2021-10-31,31,10,2021,Sunday,Xiaomi,Redmi Note 10,9,21472.63,193253.67,Sunita Arora,35,Mumbai,UPI,5
77,2021-10-31,31,10,2021,Sunday,Samsung,Galaxy A51,1,28764.47,28764.47,Deepika Deshmukh,29,Mumbai,Debit Card,3
78,2021-10-31,31,10,2021,Sunday,Xiaomi,Redmi 9,9,39162.65,352463.85000000003,Kiran Malhotra,47,Chennai,Credit Card,2
79,2021-11-01,1,11,2021,Monday,Apple,iPhone SE,9,49846.04,448614.36,Bina Mishra,50,Lucknow,Debit Card,3
80,2021-11-01,1,11,2021,Monday,Vivo,Vivo Y51,8,41682.85,333462.8,Monika Srivastava,24,Chennai,Cash,5
81,2021-11-01,1,11,2021,Monday,Samsung,Galaxy Note 20,8,68166.49,545331.92,Prashant Dutta,45,Gorakhpur,Debit Card,5
82,2021-11-01,1,11,2021,Monday,Xiaomi,Redmi Note 10,1,53439.35,53439.35,Vinod Pathak,20,Bhopal,Debit Card,5
83,2021-11-02,2,11,2021,Tuesday,Samsung,Galaxy A51,8,22722.69,181781.52,Sunil Luthra,23,Delhi,Credit Card,4
84,2021-11-02,2,11,2021,Tuesday,Samsung,Galaxy S21,3,16305.85,48917.55,Sunil Kapoor,48,Delhi,Credit Card,2
85,2021-11-02,2,11,2021,Tuesday,Vivo,Vivo S1,7,51304.08,359128.56,Namita Roy,55,Delhi,UPI,4
86,2021-11-02,2,11,2021,Tuesday,Apple,iPhone SE,1,19507.15,19507.15,Sneha Mishra,32,Bangalore,Debit Card,5
87,2021-11-03,3,11,2021,Wednesday,Samsung,Galaxy A51,1,57260.61,57260.61,Sanjay Bhattacharya,24,Patna,Credit Card,5
88,2021-11-03,3,11,2021,Wednesday,Xiaomi,Redmi 9,5,28662.2,143311.0,Sneha Rao,47,Delhi,Cash,3
89,2021-11-03,3,11,2021,Wednesday,OnePlus,OnePlus Nord,5,29613.6,148068.0,Namita Bhatnagar,44,Delhi,UPI,5
90,2021-11-03,3,11,2021,Wednesday,Samsung,Galaxy Note 20,8,10647.9,85183.2,Pooja Roy,34,Delhi,Debit Card,5
91,2021-11-04,4,11,2021,Thursday,Samsung,Galaxy S21,7,52060.68,364424.76,Devendra Jain,35,Jodhpur,Cash,5
92,2021-11-04,4,11,2021,Thursday,Vivo,Vivo S1,8,16796.19,134369.52,Neeta Sharma,39,Bangalore,Credit Card,5
93,2021-11-04,4,11,2021,Thursday,Apple,iPhone 11,6,56372.83,338236.98,Sumit Sheth,43,Indore,UPI,3
94,2021-11-04,4,11,2021,Thursday,OnePlus,OnePlus 8T,6,39512.07,237072.41999999998,Bina Deshmukh,44,Mumbai,Cash,4
95,2021-11-05,5,11,2021,Friday,Xiaomi,Redmi 9,2,57056.79,114113.58,Ravi Arora,57,Mumbai,Debit Card,2
96,2021-11-05,5,11,2021,Friday,OnePlus,OnePlus Nord,6,45035.59,270213.54,Anjali Pathak,41,Ranchi,Cash,4
97,2021-11-05,5,11,2021,Friday,Xiaomi,Mi 11,5,14946.0,74730.0,Rajesh Menon,25,Madurai,UPI,3
98,2021-11-05,5,11,2021,Friday,Apple,iPhone SE,3,55939.14,167817.41999999998,Reena Chatterjee,38,Hyderabad,Debit Card,5
99,2021-11-06,6,11,2021,Saturday,Xiaomi,Mi 11,6,14187.97,85127.81999999999,Nikhil Pathak,46,Patna,Debit Card,4
100,2021-11-06,6,11,2021,Saturday,Vivo,Vivo S1,8,38722.1,309776.8,Krishna Bhattacharya,38,Gorakhpur,Cash,2
101,2021-11-06,6,11,2021,Saturday,Vivo,Vivo Y51,9,20340.95,183068.55000000002,Ayesha Thakur,20,Indore,UPI,3
102,2021-11-06,6,11,2021,Saturday,Vivo,Vivo S1,1,55140.11,55140.11,Bina Nair,48,Ludhiana,Debit Card,5
103,2021-11-07,7,11,2021,Sunday,Vivo,Vivo Y51,3,64695.47,194086.41,Krishna Malhotra,44,Vadodara,UPI,3
104,2021-11-07,7,11,2021,Sunday,OnePlus,OnePlus 9,3,43247.57,129742.70999999999,Mala Das,44,Gorakhpur,Credit Card,5
105,2021-11-07,7,11,2021,Sunday,Apple,iPhone SE,8,41628.84,333030.72,Anita Bhattacharya,26,Ranchi,Cash,2
106,2021-11-07,7,11,2021,Sunday,Xiaomi,Redmi 9,1,55837.79,55837.79,Nikhil Solanki,50,Mumbai,UPI,3
107,2021-11-08,8,11,2021,Monday,Xiaomi,Mi 11,5,10304.73,51523.649999999994,Shruti Bhatnagar,50,Indore,Credit Card,5
108,2021-11-08,8,11,2021,Monday,Vivo,Vivo S1,3,65065.52,195196.56,Kiran Goyal,43,Delhi,Credit Card,5
109,2021-11-08,8,11,2021,Monday,Vivo,Vivo V20,2,21846.93,43693.86,Kiran Prasad,45,Rajkot,UPI,3
110,2021-11-09,9,11,2021,Tuesday,Samsung,Galaxy S21,8,69047.13,552377.04,Sunil Jain,48,Gorakhpur,UPI,5
111,2021-11-09,9,11,2021,Tuesday,Apple,iPhone 11,3,54175.24,162525.72,Manoj Rathod,18,Bhopal,Cash,3
112,2021-11-09,9,11,2021,Tuesday,OnePlus,OnePlus 8T,7,56455.07,395185.49,Tapan Gupta,37,Gorakhpur,Cash,5
113,2021-11-10,10,11,2021,Wednesday,Xiaomi,Redmi 9,1,49372.18,49372.18,Anjali Pathak,29,Delhi,Debit Card,3
114,2021-11-10,10,11,2021,Wednesday,Samsung,Galaxy Note 20,6,38299.79,229798.74,Isha Desai,34,Kanpur,Cash,5
115,2021-11-10,10,11,2021,Wednesday,Samsung,Galaxy S21,3,44297.66,132892.98,Vinod Goyal,32,Mumbai,UPI,4
116,2021-11-10,10,11,2021,Wednesday,Xiaomi,Redmi Note 10,8,12784.17,102273.36,Krishna Rathod,51,Delhi,Debit Card,3
117,2021-11-11,11,11,2021,Thursday,OnePlus,OnePlus Nord,6,47437.57,284625.42,Jyoti Alva,33,Delhi,Credit Card,5
118,2021-11-11,11,11,2021,Thursday,Samsung,Galaxy S21,2,47565.89,95131.78,Pankaj Mehta,21,Delhi,Credit Card,3
119,2021-11-11,11,11,2021,Thursday,Samsung,Galaxy Note 20,6,63472.05,380832.30000000005,Anjali Srivastava,25,Gorakhpur,UPI,5
120,2021-11-11,11,11,2021,Thursday,Apple,iPhone SE,7,40339.38,282375.66,Anita Pathak,51,Chennai,Debit Card,2
121,2021-11-12,12,11,2021,Friday,OnePlus,OnePlus Nord,5,14628.66,73143.3,Arun Verma,42,Kolkata,Debit Card,3
122,2021-11-12,12,11,2021,Friday,Samsung,Galaxy A51,3,28371.76,85115.28,Yogesh Luthra,32,Hyderabad,Cash,5
123,2021-11-12,12,11,2021,Friday,OnePlus,OnePlus 8T,4,49337.76,197351.04,Sachin Joshi,45,Mumbai,Credit Card,5
124,2021-11-12,12,11,2021,Friday,Xiaomi,Redmi 9,4,24355.53,97422.12,Sumit Arora,26,Delhi,Credit Card,2
125,2021-11-13,13,11,2021,Saturday,Vivo,Vivo S1,6,26831.67,160990.02,Sunil Rawat,19,Delhi,Cash,3
126,2021-11-13,13,11,2021,Saturday,Samsung,Galaxy S21,1,59228.14,59228.14,Pankaj Desai,34,Rajkot,Credit Card,4
127,2021-11-13,13,11,2021,Saturday,Apple,iPhone 12,4,45059.18,180236.72,Kiran Solanki,27,Delhi,Cash,5
128,2021-11-14,14,11,2021,Sunday,Xiaomi,Redmi 9,4,40511.65,162046.6,Prashant Luthra,26,Madurai,Credit Card,5
129,2021-11-14,14,11,2021,Sunday,OnePlus,OnePlus 8T,1,29107.12,29107.12,Meena Mathur,48,Rajkot,Credit Card,5
130,2021-11-14,14,11,2021,Sunday,Xiaomi,Mi 11,9,53855.68,484701.12,Kavita Patel,19,Chennai,Credit Card,5
131,2021-11-14,14,11,2021,Sunday,Samsung,Galaxy Note 20,4,27263.11,109052.44,Sanjay Pathak,41,Jodhpur,Cash,3
132,2021-11-15,15,11,2021,Monday,OnePlus,OnePlus 8T,7,54223.81,379566.67,Ravi Ghosh,36,Ranchi,Credit Card,5
133,2021-11-15,15,11,2021,Monday,Vivo,Vivo V20,3,14206.09,42618.270000000004,Vinod Joshi,34,Coimbatore,Credit Card,3
134,2021-11-15,15,11,2021,Monday,Xiaomi,Mi 11,3,61872.48,185617.44,Tanuja Goyal,27,Mumbai,Debit Card,4
135,2021-11-16,16,11,2021,Tuesday,Samsung,Galaxy Note 20,8,39973.99,319791.92,Pankaj Desai,45,Mumbai,Credit Card,3
136,2021-11-16,16,11,2021,Tuesday,Apple,iPhone SE,8,36310.48,290483.84,Isha Desai,55,Delhi,UPI,3
137,2021-11-16,16,11,2021,Tuesday,OnePlus,OnePlus 8T,1,46661.4,46661.4,Krishna Jain,45,Bangalore,Credit Card,3
138,2021-11-17,17,11,2021,Wednesday,Xiaomi,Mi 11,2,47451.52,94903.04,Tanuja Mathur,18,Delhi,Credit Card,5
139,2021-11-17,17,11,2021,Wednesday,Xiaomi,Mi 11,8,17922.11,143376.88,Anand Kapoor,20,Mumbai,Debit Card,2
140,2021-11-17,17,11,2021,Wednesday,Vivo,Vivo Y51,1,55374.02,55374.02,Neeta Kulkarni,32,Mumbai,Debit Card,5
141,2021-11-18,18,11,2021,Thursday,Vivo,Vivo V20,8,26555.7,212445.6,Sachin Varma,27,Lucknow,Cash,5
142,2021-11-18,18,11,2021,Thursday,Apple,iPhone SE,8,64297.71,514381.68,Sumit Verma,38,Patna,Cash,5
143,2021-11-18,18,11,2021,Thursday,Apple,iPhone 12,2,59071.04,118142.08,Kavita Jain,54,Kolkata,UPI,5
144,2021-11-19,19,11,2021,Friday,Samsung,Galaxy A51,4,30775.96,123103.84,Reena Bhatnagar,32,Gorakhpur,Debit Card,5
145,2021-11-19,19,11,2021,Friday,Samsung,Galaxy A51,6,58464.36,350786.16000000003,Anjali Ahuja,40,Mumbai,Cash,5
146,2021-11-19,19,11,2021,Friday,Apple,iPhone SE,9,31383.43,282450.87,Prashant Teja,31,Mumbai,Cash,5
147,2021-11-20,20,11,2021,Saturday,Apple,iPhone SE,8,16056.86,128454.88,Rajesh Kaur,32,Indore,Cash,5
148,2021-11-20,20,11,2021,Saturday,OnePlus,OnePlus 9,8,67713.29,541706.32,Anita Prasad,27,Ludhiana,Debit Card,3
149,2021-11-20,20,11,2021,Saturday,Vivo,Vivo S1,7,49156.12,344092.84,Mala Teja,26,Delhi,Debit Card,5
150,2021-11-20,20,11,2021,Saturday,Samsung,Galaxy Note 20,9,37365.97,336293.73,Tanuja Goyal,56,Delhi,UPI,4
151,2021-11-21,21,11,2021,Sunday,Vivo,Vivo Y51,2,33866.4,67732.8,Reena Rao,22,Ranchi,Debit Card,5
152,2021-11-21,21,11,2021,Sunday,Vivo,Vivo S1,3,29482.32,88446.95999999999,Tanuja Shah,42,Coimbatore,Debit Card,5
153,2021-11-21,21,11,2021,Sunday,Apple,iPhone 11,8,68886.86,551094.88,Radha Jain,59,Hyderabad,Debit Card,5
154,2021-11-21,21,11,2021,Sunday,OnePlus,OnePlus 8T,6,18084.84,108509.04000000001,Monika Ahuja,43,Delhi,UPI,5
155,2021-11-22,22,11,2021,Monday,Xiaomi,Redmi 9,9,28888.3,259994.69999999998,Kavita Goyal,25,Ludhiana,Credit Card,5
156,2021-11-22,22,11,2021,Monday,OnePlus,OnePlus Nord,4,39129.86,156519.44,Priya Roy,39,Coimbatore,Credit Card,5
157,2021-11-22,22,11,2021,Monday,OnePlus,OnePlus Nord,8,38679.97,309439.76,Pooja Dutta,42,Delhi,Cash,5
158,2021-11-22,22,11,2021,Monday,Vivo,Vivo V20,3,38281.99,114845.97,Namita Das,29,Gorakhpur,Credit Card,5
159,2021-11-23,23,11,2021,Tuesday,OnePlus,OnePlus Nord,3,20547.03,61641.09,Nikhil Bhatnagar,26,Kolkata,Credit Card,3
160,2021-11-23,23,11,2021,Tuesday,Samsung,Galaxy A51,8,18695.95,149567.6,Sanjay Sheth,27,Patna,UPI,4
161,2021-11-23,23,11,2021,Tuesday,Vivo,Vivo V20,5,25286.06,126430.3,Radha Rao,27,Madurai,UPI,5
162,2021-11-23,23,11,2021,Tuesday,Samsung,Galaxy Note 20,3,64871.57,194614.71,Lata Iyer,26,Mumbai,Credit Card,5
163,2021-11-24,24,11,2021,Wednesday,Xiaomi,Redmi Note 10,1,16783.18,16783.18,Ravi Arora,43,Mumbai,Credit Card,3
164,2021-11-24,24,11,2021,Wednesday,Vivo,Vivo Y51,3,55445.51,166336.53,Namita Desai,52,Mumbai,Credit Card,5
165,2021-11-24,24,11,2021,Wednesday,Xiaomi,Redmi Note 10,9,55452.9,499076.10000000003,Pooja Joshi,44,Ludhiana,Cash,5
166,2021-11-24,24,11,2021,Wednesday,Vivo,Vivo S1,5,58586.22,292931.1,Reena Deshmukh,48,Delhi,UPI,5
167,2021-11-25,25,11,2021,Thursday,Apple,iPhone 12,2,63196.93,126393.86,Pooja Thakur,36,Delhi,Credit Card,5
168,2021-11-25,25,11,2021,Thursday,OnePlus,OnePlus Nord,7,25782.17,180475.19,Bhavana Kapoor,55,Mumbai,Debit Card,5
169,2021-11-25,25,11,2021,Thursday,Apple,iPhone 11,2,23473.57,46947.14,Namita Desai,23,Lucknow,Credit Card,5
170,2021-11-26,26,11,2021,Friday,Xiaomi,Redmi 9,4,37930.34,151721.36,Amit Dutta,32,Vadodara,Debit Card,5
171,2021-11-26,26,11,2021,Friday,OnePlus,OnePlus 9,7,25905.35,181337.44999999998,Sanjay Bhattacharya,46,Delhi,Cash,5
172,2021-11-26,26,11,2021,Friday,Vivo,Vivo V20,4,54058.6,216234.4,Shruti Chaudhary,22,Delhi,Debit Card,5
173,2021-11-26,26,11,2021,Friday,OnePlus,OnePlus 8T,7,48156.37,337094.59,Sumit Reddy,31,Patna,UPI,5
174,2021-11-27,27,11,2021,Saturday,Samsung,Galaxy A51,7,62499.26,437494.82,Bina Goyal,19,Indore,Cash,5
175,2021-11-27,27,11,2021,Saturday,OnePlus,OnePlus 8T,1,14964.3,14964.3,Anita Prasad,40,Chennai,Cash,5
176,2021-11-27,27,11,2021,Saturday,Samsung,Galaxy A51,6,64905.0,389430.0,Reena Dutta,36,Bangalore,Credit Card,5
177,2021-11-27,27,11,2021,Saturday,OnePlus,OnePlus Nord,9,27600.92,248408.27999999997,Vivek Srivastava,41,Coimbatore,Cash,3
178,2021-11-28,28,11,2021,Sunday,Samsung,Galaxy Note 20,2,39441.66,78883.32,Kavita Desai,37,Delhi,Cash,5
179,2021-11-28,28,11,2021,Sunday,Xiaomi,Mi 11,3,36316.69,108950.07,Anjali Thakur,44,Mumbai,Debit Card,5
180,2021-11-28,28,11,2021,Sunday,Apple,iPhone SE,5,55618.7,278093.5,Vijay Sheth,41,Delhi,Credit Card,4
181,2021-11-29,29,11,2021,Monday,Vivo,Vivo Y51,9,35220.0,316980.0,Vivek Nair,34,Gorakhpur,UPI,5
182,2021-11-29,29,11,2021,Monday,OnePlus,OnePlus Nord,4,66613.19,266452.76,Sneha Jain,42,Delhi,Credit Card,4
183,2021-11-29,29,11,2021,Monday,Apple,iPhone 11,1,64152.03,64152.03,Nikhil Pathak,48,Lucknow,UPI,3
184,2021-11-29,29,11,2021,Monday,Vivo,Vivo Y51,4,62329.67,249318.68,Manoj Mehta,45,Delhi,Debit Card,5
185,2021-11-30,30,11,2021,Tuesday,Vivo,Vivo Y51,6,14275.5,85653.0,Lalita Patel,45,Kolkata,Cash,3
186,2021-11-30,30,11,2021,Tuesday,Samsung,Galaxy S21,5,61255.48,306277.4,Nikhil Jain,39,Patna,Cash,5
187,2021-11-30,30,11,2021,Tuesday,Xiaomi,Mi 11,1,56898.13,56898.13,Lata Chaudhary,22,Delhi,Credit Card,5
188,2021-12-01,1,12,2021,Wednesday,Xiaomi,Redmi Note 10,4,16210.78,64843.12,Neeta Menon,59,Jodhpur,Credit Card,3
189,2021-12-01,1,12,2021,Wednesday,Apple,iPhone SE,6,16444.86,98669.16,Sachin Yadav,25,Chennai,Credit Card,3
190,2021-12-01,1,12,2021,Wednesday,Xiaomi,Redmi 9,4,16069.83,64279.32,Sachin Goyal,55,Bangalore,Cash,3
191,2021-12-01,1,12,2021,Wednesday,OnePlus,OnePlus 8T,9,10679.96,96119.63999999998,Shruti Chaudhary,45,Jodhpur,Cash,5
192,2021-12-02,2,12,2021,Thursday,Xiaomi,Redmi Note 10,5,42918.06,214590.3,Sneha Prasad,29,Delhi,Debit Card,5
193,2021-12-02,2,12,2021,Thursday,Apple,iPhone SE,8,68403.66,547229.28,Sunil Varma,42,Chennai,UPI,5
194,2021-12-02,2,12,2021,Thursday,Xiaomi,Redmi Note 10,9,36321.08,326889.72000000003,Krishna Roy,55,Jodhpur,Credit Card,5
195,2021-12-03,3,12,2021,Friday,OnePlus,OnePlus 9,5,42445.45,212227.25,Vinod Kumar,32,Mumbai,Cash,5
196,2021-12-03,3,12,2021,Friday,Samsung,Galaxy A51,6,68078.19,408469.14,Sanjay Das,58,Jodhpur,UPI,5
197,2021-12-03,3,12,2021,Friday,Apple,iPhone 12,1,25310.93,25310.93,Neeta Menon,51,Delhi,Credit Card,3
198,2021-12-03,3,12,2021,Friday,Samsung,Galaxy S21,7,61508.22,430557.54000000004,Anand Bhattacharya,30,Delhi,Credit Card,4
199,2021-12-04,4,12,2021,Saturday,Samsung,Galaxy A51,4,42783.43,171133.72,Tanuja Ahuja,25,Mumbai,UPI,5
200,2021-12-04,4,12,2021,Saturday,Samsung,Galaxy Note 20,2,44168.59,88337.18,Navin Verma,30,Madurai,UPI,5
201,2021-12-04,4,12,2021,Saturday,Vivo,Vivo Y51,5,30590.43,152952.15,Bhavana Varma,53,Gorakhpur,UPI,5
202,2021-12-04,4,12,2021,Saturday,Vivo,Vivo V20,3,43695.06,131085.18,Neeta Ghosh,23,Lucknow,Cash,5
203,2021-12-05,5,12,2021,Sunday,Samsung,Galaxy Note 20,6,14388.55,86331.29999999999,Umesh Dutta,55,Hyderabad,Debit Card,5
204,2021-12-05,5,12,2021,Sunday,Apple,iPhone SE,8,55878.61,447028.88,Lalita Dutta,49,Bhopal,Credit Card,4
205,2021-12-05,5,12,2021,Sunday,OnePlus,OnePlus Nord,7,27081.27,189568.89,Kiran Mathur,38,Delhi,Credit Card,5
206,2021-12-06,6,12,2021,Monday,OnePlus,OnePlus Nord,3,63256.5,189769.5,Sumit Malhotra,24,Mumbai,UPI,5
207,2021-12-06,6,12,2021,Monday,Xiaomi,Redmi Note 10,8,32071.04,256568.32,Sneha Jain,43,Rajkot,Cash,5
208,2021-12-06,6,12,2021,Monday,Apple,iPhone SE,2,18569.45,37138.9,Sanjay Pathak,32,Delhi,UPI,4
209,2021-12-07,7,12,2021,Tuesday,Vivo,Vivo V20,9,51752.89,465776.01,Bhavana Yadav,59,Delhi,Cash,5
210,2021-12-07,7,12,2021,Tuesday,Samsung,Galaxy S21,4,19874.69,79498.76,Sanjay Sheth,40,Ranchi,Debit Card,5
211,2021-12-07,7,12,2021,Tuesday,Xiaomi,Redmi 9,1,55220.83,55220.83,Navin Sharma,55,Ranchi,Credit Card,5
212,2021-12-08,8,12,2021,Wednesday,OnePlus,OnePlus Nord,8,68086.73,544693.84,Priya Teja,58,Delhi,Credit Card,4
213,2021-12-08,8,12,2021,Wednesday,Vivo,Vivo V20,7,56773.17,397412.19,Sunita Teja,32,Chennai,Cash,5
214,2021-12-08,8,12,2021,Wednesday,Vivo,Vivo S1,5,11346.95,56734.75,Priya Varma,57,Bhopal,Debit Card,4
215,2021-12-09,9,12,2021,Thursday,Samsung,Galaxy Note 20,5,45993.15,229965.75,Ravi Sharma,33,Mumbai,Debit Card,3
216,2021-12-09,9,12,2021,Thursday,OnePlus,OnePlus 9,7,51724.64,362072.48,Lalita Shah,49,Madurai,Credit Card,5
217,2021-12-09,9,12,2021,Thursday,Apple,iPhone 12,5,59527.5,297637.5,Radha Jain,54,Bangalore,Credit Card,5
218,2021-12-10,10,12,2021,Friday,Vivo,Vivo S1,8,13360.14,106881.12,Lalita Ahuja,35,Delhi,UPI,5
219,2021-12-10,10,12,2021,Friday,Samsung,Galaxy A51,6,38806.47,232838.82,Aditya Deshmukh,37,Jodhpur,Cash,4
220,2021-12-10,10,12,2021,Friday,Apple,iPhone 12,5,42122.25,210611.25,Sumit Verma,19,Jodhpur,Credit Card,4
221,2021-12-11,11,12,2021,Saturday,OnePlus,OnePlus 9,9,20147.49,181327.41,Kiran Rathod,40,Chennai,Debit Card,4
222,2021-12-11,11,12,2021,Saturday,Vivo,Vivo V20,2,29346.99,58693.98,Krishna Menon,47,Ranchi,Debit Card,5
223,2021-12-11,11,12,2021,Saturday,Apple,iPhone SE,1,36413.3,36413.3,Pankaj Mehta,20,Gorakhpur,Credit Card,5
224,2021-12-12,12,12,2021,Sunday,Apple,iPhone 12,8,59992.58,479940.64,Sanjay Joshi,56,Ludhiana,Debit Card,5
225,2021-12-12,12,12,2021,Sunday,Apple,iPhone 11,3,65764.45,197293.34999999998,Pankaj Shah,18,Delhi,Cash,5
226,2021-12-12,12,12,2021,Sunday,Vivo,Vivo Y51,7,47705.37,333937.59,Monika Deshmukh,58,Bangalore,Debit Card,4
227,2021-12-13,13,12,2021,Monday,Vivo,Vivo S1,8,33696.71,269573.68,Bhavana Jain,39,Delhi,Debit Card,3
228,2021-12-13,13,12,2021,Monday,Xiaomi,Redmi Note 10,6,25241.86,151451.16,Ramesh Nambiar,46,Delhi,Credit Card,5
229,2021-12-13,13,12,2021,Monday,OnePlus,OnePlus 9,9,68928.11,620352.99,Sunil Gupta,31,Delhi,Cash,4
230,2021-12-13,13,12,2021,Monday,Samsung,Galaxy Note 20,7,68981.2,482868.39999999997,Nikhil Rathod,45,Jodhpur,Cash,5
231,2021-12-14,14,12,2021,Tuesday,Apple,iPhone 12,5,65498.62,327493.10000000003,Vijay Shah,38,Indore,UPI,4
232,2021-12-14,14,12,2021,Tuesday,Xiaomi,Redmi 9,8,57140.15,457121.2,Bhavana Jain,49,Delhi,Cash,5
233,2021-12-14,14,12,2021,Tuesday,Samsung,Galaxy A51,2,29546.77,59093.54,Vivek Yadav,23,Delhi,UPI,5
234,2021-12-14,14,12,2021,Tuesday,Xiaomi,Redmi 9,7,59020.03,413140.20999999996,Manoj Siddiqui,18,Delhi,Credit Card,5
235,2021-12-15,15,12,2021,Wednesday,Vivo,Vivo V20,4,34527.58,138110.32,Isha Menon,38,Ranchi,Debit Card,5
236,2021-12-15,15,12,2021,Wednesday,Apple,iPhone 12,9,29606.39,266457.51,Mala Das,21,Mumbai,Cash,5
237,2021-12-15,15,12,2021,Wednesday,Samsung,Galaxy Note 20,1,54691.92,54691.92,Kunal Malhotra,20,Ludhiana,UPI,5
238,2021-12-16,16,12,2021,Thursday,Samsung,Galaxy Note 20,7,14779.24,103454.68,Sunita Thakur,47,Patna,Cash,5
239,2021-12-16,16,12,2021,Thursday,Samsung,Galaxy A51,6,12913.76,77482.56,Yogesh Dutta,48,Delhi,Credit Card,3
240,2021-12-16,16,12,2021,Thursday,Samsung,Galaxy S21,8,36877.22,295017.76,Isha Thakur,51,Delhi,UPI,5
241,2021-12-16,16,12,2021,Thursday,Samsung,Galaxy S21,5,36738.33,183691.65000000002,Krishna Rathod,36,Delhi,UPI,5
242,2021-12-17,17,12,2021,Friday,Xiaomi,Redmi 9,1,63738.65,63738.65,Krishna Rawat,37,Mumbai,UPI,5
243,2021-12-17,17,12,2021,Friday,Apple,iPhone SE,1,17569.19,17569.19,Manoj Thakur,40,Patna,Credit Card,4
244,2021-12-17,17,12,2021,Friday,Vivo,Vivo Y51,9,17397.04,156573.36000000002,Reena Rao,57,Kanpur,UPI,5
245,2021-12-17,17,12,2021,Friday,Vivo,Vivo Y51,6,18847.16,113082.95999999999,Anjali Nambiar,42,Kanpur,Debit Card,5
246,2021-12-18,18,12,2021,Saturday,Vivo,Vivo S1,5,11784.18,58920.9,Pooja Arora,32,Delhi,Credit Card,3
247,2021-12-18,18,12,2021,Saturday,Vivo,Vivo V20,1,14303.9,14303.9,Jyoti Varma,55,Mumbai,Debit Card,5
248,2021-12-18,18,12,2021,Saturday,Xiaomi,Mi 11,6,49592.19,297553.14,Tapan Chatterjee,40,Delhi,Debit Card,4
249,2021-12-18,18,12,2021,Saturday,OnePlus,OnePlus Nord,6,35895.06,215370.36,Pooja Arora,19,Bangalore,Credit Card,5
250,2021-12-19,19,12,2021,Sunday,Apple,iPhone 12,3,55816.18,167448.54,Bhavana Prasad,32,Bhopal,Cash,5
251,2021-12-19,19,12,2021,Sunday,Samsung,Galaxy A51,8,69555.86,556446.88,Manoj Dutta,52,Kanpur,Debit Card,5
252,2021-12-19,19,12,2021,Sunday,OnePlus,OnePlus 9,1,49542.08,49542.08,Rajesh Shah,27,Gorakhpur,Credit Card,5
253,2021-12-19,19,12,2021,Sunday,Vivo,Vivo Y51,1,13027.33,13027.33,Bina Singh,31,Coimbatore,Debit Card,4
254,2021-12-20,20,12,2021,Monday,OnePlus,OnePlus 9,6,16273.77,97642.62,Priya Teja,44,Delhi,UPI,5
255,2021-12-20,20,12,2021,Monday,Apple,iPhone 12,1,62860.25,62860.25,Neeta Ahuja,31,Ranchi,Debit Card,5
256,2021-12-20,20,12,2021,Monday,Samsung,Galaxy A51,6,41649.76,249898.56,Pankaj Gupta,52,Kolkata,Debit Card,5
257,2021-12-21,21,12,2021,Tuesday,Samsung,Galaxy S21,1,59490.23,59490.23,Bina Mishra,50,Delhi,Debit Card,5
258,2021-12-21,21,12,2021,Tuesday,Apple,iPhone 11,6,61396.74,368380.44,Yogesh Shah,18,Mumbai,UPI,5
259,2021-12-21,21,12,2021,Tuesday,Apple,iPhone SE,3,65660.47,196981.41,Vijay Varma,51,Kanpur,Debit Card,4
260,2021-12-21,21,12,2021,Tuesday,Vivo,Vivo S1,8,66989.75,535918.0,Anita Srivastava,36,Bhopal,Credit Card,5
261,2021-12-22,22,12,2021,Wednesday,Samsung,Galaxy A51,6,43289.55,259737.30000000002,Kavita Teja,41,Delhi,Debit Card,5
262,2021-12-22,22,12,2021,Wednesday,OnePlus,OnePlus Nord,1,30461.21,30461.21,Manoj Iyer,59,Mumbai,Credit Card,4
263,2021-12-22,22,12,2021,Wednesday,Xiaomi,Redmi 9,5,67711.89,338559.45,Deepika Sharma,21,Mumbai,Debit Card,4
264,2021-12-23,23,12,2021,Thursday,Xiaomi,Redmi 9,8,42844.38,342755.04,Rohan Gupta,53,Delhi,Debit Card,4
265,2021-12-23,23,12,2021,Thursday,Apple,iPhone SE,3,13855.16,41565.479999999996,Bhavana Siddiqui,30,Indore,Debit Card,5
266,2021-12-23,23,12,2021,Thursday,Vivo,Vivo Y51,6,48566.59,291399.54,Ravi Arora,49,Delhi,Cash,4
267,2021-12-23,23,12,2021,Thursday,Xiaomi,Mi 11,5,45261.09,226305.44999999998,Sunil Kapoor,26,Kolkata,Cash,3
268,2021-12-24,24,12,2021,Friday,Samsung,Galaxy A51,6,63747.57,382485.42,Amit Ghosh,56,Ludhiana,UPI,5
269,2021-12-24,24,12,2021,Friday,Apple,iPhone 12,1,49191.23,49191.23,Pooja Arora,33,Kanpur,Credit Card,4
270,2021-12-24,24,12,2021,Friday,OnePlus,OnePlus Nord,7,30943.15,216602.05000000002,Manoj Jain,20,Mumbai,UPI,2
271,2021-12-24,24,12,2021,Friday,Apple,iPhone SE,9,67973.54,611761.86,Ramesh Nambiar,37,Coimbatore,Credit Card,3
272,2021-12-25,25,12,2021,Saturday,OnePlus,OnePlus Nord,2,58097.17,116194.34,Kiran Ghosh,27,Kanpur,UPI,2
273,2021-12-25,25,12,2021,Saturday,Apple,iPhone 12,5,47825.06,239125.3,Pooja Arora,39,Mumbai,UPI,5
274,2021-12-25,25,12,2021,Saturday,Apple,iPhone 11,4,27575.51,110302.04,Arun Sheth,20,Vadodara,Debit Card,5
275,2021-12-25,25,12,2021,Saturday,Apple,iPhone 12,6,32412.42,194474.52,Pooja Joshi,28,Delhi,Debit Card,5
276,2021-12-26,26,12,2021,Sunday,OnePlus,OnePlus 9,6,50198.2,301189.19999999995,Aditya Menon,42,Patna,Debit Card,5
277,2021-12-26,26,12,2021,Sunday,OnePlus,OnePlus 9,2,14318.85,28637.7,Pooja Solanki,59,Delhi,Debit Card,5
278,2021-12-26,26,12,2021,Sunday,Apple,iPhone 12,2,25400.84,50801.68,Anita Bhattacharya,25,Delhi,Debit Card,5
279,2021-12-27,27,12,2021,Monday,Xiaomi,Redmi 9,4,52834.06,211336.24,Monika Nambiar,26,Delhi,UPI,3
280,2021-12-27,27,12,2021,Monday,Vivo,Vivo Y51,1,38801.11,38801.11,Kiran Jain,32,Kanpur,Credit Card,5
281,2021-12-27,27,12,2021,Monday,Vivo,Vivo V20,9,34143.61,307292.49,Umesh Rawat,49,Mumbai,Cash,3
282,2021-12-27,27,12,2021,Monday,Vivo,Vivo Y51,7,19087.46,133612.22,Tapan Singh,20,Kanpur,Cash,4
283,2021-12-28,28,12,2021,Tuesday,OnePlus,OnePlus Nord,7,36510.94,255576.58000000002,Isha Ghosh,21,Chennai,Credit Card,3
284,2021-12-28,28,12,2021,Tuesday,OnePlus,OnePlus Nord,3,56241.52,168724.56,Jyoti Iyer,47,Lucknow,Cash,5
285,2021-12-28,28,12,2021,Tuesday,Xiaomi,Mi 11,3,25840.77,77522.31,Monika Sharma,30,Delhi,UPI,5
286,2021-12-29,29,12,2021,Wednesday,Vivo,Vivo S1,1,10323.91,10323.91,Nikhil Bhatnagar,38,Bangalore,Credit Card,3
287,2021-12-29,29,12,2021,Wednesday,Vivo,Vivo Y51,3,50110.29,150330.87,Devendra Pathak,58,Jodhpur,Credit Card,5
288,2021-12-29,29,12,2021,Wednesday,Apple,iPhone 12,3,68357.6,205072.80000000002,Manoj Pathak,36,Hyderabad,Cash,3
289,2021-12-29,29,12,2021,Wednesday,OnePlus,OnePlus Nord,4,46409.59,185638.36,Anita Varma,56,Kanpur,Cash,5
290,2021-12-30,30,12,2021,Thursday,Vivo,Vivo S1,4,17195.31,68781.24,Shruti Sharma,39,Delhi,UPI,5
291,2021-12-30,30,12,2021,Thursday,Xiaomi,Mi 11,3,29243.99,87731.97,Pooja Reddy,37,Mumbai,Debit Card,3
292,2021-12-30,30,12,2021,Thursday,Xiaomi,Redmi 9,8,62058.5,496468.0,Tapan Ahuja,54,Gorakhpur,Credit Card,5
293,2021-12-31,31,12,2021,Friday,Vivo,Vivo V20,8,23954.08,191632.64,Sumit Alva,48,Vadodara,Debit Card,5
294,2021-12-31,31,12,2021,Friday,OnePlus,OnePlus Nord,1,46461.75,46461.75,Lata Rawat,27,Bangalore,Cash,5
295,2021-12-31,31,12,2021,Friday,Xiaomi,Redmi 9,7,34160.27,239121.88999999998,Sneha Jain,35,Kanpur,Credit Card,5
296,2021-12-31,31,12,2021,Friday,Apple,iPhone SE,2,22470.62,44941.24,Gita Sheth,56,Hyderabad,Debit Card,3
297,2022-01-01,1,1,2022,Saturday,Xiaomi,Mi 11,1,58804.41,58804.41,Priya Bhattacharya,37,Ranchi,UPI,5
298,2022-01-01,1,1,2022,Saturday,Samsung,Galaxy S21,3,54569.88,163709.63999999998,Kavita Dutta,35,Delhi,UPI,5
299,2022-01-01,1,1,2022,Saturday,Samsung,Galaxy S21,4,49695.46,198781.84,Meena Joshi,28,Kolkata,UPI,4
300,2022-01-02,2,1,2022,Sunday,OnePlus,OnePlus Nord,6,24180.2,145081.2,Vivek Siddiqui,39,Mumbai,Credit Card,5
301,2022-01-02,2,1,2022,Sunday,Vivo,Vivo S1,5,15871.42,79357.1,Deepika Desai,35,Mumbai,Credit Card,5
302,2022-01-02,2,1,2022,Sunday,OnePlus,OnePlus 8T,4,44569.56,178278.24,Anita Deshmukh,51,Lucknow,Credit Card,5
303,2022-01-03,3,1,2022,Monday,OnePlus,OnePlus 9,8,43220.67,345765.36,Anita Bhattacharya,40,Patna,Credit Card,5
304,2022-01-03,3,1,2022,Monday,OnePlus,OnePlus Nord,4,21303.1,85212.4,Rajesh Kapoor,18,Delhi,Credit Card,5
305,2022-01-03,3,1,2022,Monday,OnePlus,OnePlus 9,2,13374.8,26749.6,Aditya Arora,27,Ranchi,Debit Card,5
306,2022-01-03,3,1,2022,Monday,Apple,iPhone SE,3,14842.51,44527.53,Sunil Luthra,18,Mumbai,Debit Card,5
307,2022-01-04,4,1,2022,Tuesday,Apple,iPhone SE,6,69566.26,417397.55999999994,Isha Dutta,55,Delhi,UPI,5
308,2022-01-04,4,1,2022,Tuesday,Xiaomi,Mi 11,8,57015.03,456120.24,Bhavana Mishra,56,Lucknow,Debit Card,5
309,2022-01-04,4,1,2022,Tuesday,Samsung,Galaxy S21,8,65319.25,522554.0,Vinod Kaur,26,Lucknow,Debit Card,4
310,2022-01-05,5,1,2022,Wednesday,OnePlus,OnePlus 9,9,21703.28,195329.52,Anita Sharma,48,Bhopal,UPI,3
311,2022-01-05,5,1,2022,Wednesday,Xiaomi,Redmi 9,7,67634.11,473438.77,Radha Ghosh,24,Mumbai,UPI,5
312,2022-01-05,5,1,2022,Wednesday,Samsung,Galaxy A51,2,18559.26,37118.52,Tanuja Rao,34,Delhi,Cash,5
313,2022-01-05,5,1,2022,Wednesday,Vivo,Vivo Y51,8,40544.91,324359.28,Namita Reddy,52,Jodhpur,UPI,5
314,2022-01-06,6,1,2022,Thursday,Apple,iPhone SE,7,59781.74,418472.18,Rohan Prasad,54,Ludhiana,Debit Card,5
315,2022-01-06,6,1,2022,Thursday,Samsung,Galaxy S21,8,30988.2,247905.6,Priyanka Jain,35,Indore,Credit Card,5
316,2022-01-06,6,1,2022,Thursday,Vivo,Vivo Y51,3,35489.71,106469.13,Anita Rawat,50,Vadodara,UPI,5
317,2022-01-06,6,1,2022,Thursday,Samsung,Galaxy S21,7,17691.11,123837.77,Vivek Teja,21,Madurai,Cash,4
318,2022-01-07,7,1,2022,Friday,Apple,iPhone 11,9,17375.31,156377.79,Anand Mehta,40,Bhopal,Debit Card,5
319,2022-01-07,7,1,2022,Friday,Apple,iPhone 12,3,47174.09,141522.27,Jyoti Mishra,28,Delhi,Cash,3
320,2022-01-07,7,1,2022,Friday,Xiaomi,Redmi 9,6,50531.94,303191.64,Krishna Jain,26,Kolkata,Cash,4
321,2022-01-07,7,1,2022,Friday,OnePlus,OnePlus 9,2,56639.95,113279.9,Sneha Reddy,47,Ludhiana,Debit Card,3
322,2022-01-08,8,1,2022,Saturday,Samsung,Galaxy S21,2,43400.92,86801.84,Bhavana Srivastava,25,Madurai,Cash,5
323,2022-01-08,8,1,2022,Saturday,Samsung,Galaxy Note 20,5,48745.56,243727.8,Ramesh Jain,57,Jodhpur,Debit Card,5
324,2022-01-08,8,1,2022,Saturday,Vivo,Vivo V20,5,10811.04,54055.200000000004,Yogesh Sharma,22,Bhopal,Cash,4
325,2022-01-08,8,1,2022,Saturday,Apple,iPhone SE,7,19730.24,138111.68000000002,Anjali Patel,29,Chennai,Credit Card,3
326,2022-01-09,9,1,2022,Sunday,Samsung,Galaxy Note 20,2,69094.89,138189.78,Prashant Teja,18,Coimbatore,UPI,5
327,2022-01-09,9,1,2022,Sunday,Apple,iPhone 11,7,14559.61,101917.27,Pooja Goyal,32,Indore,Credit Card,5
328,2022-01-09,9,1,2022,Sunday,Samsung,Galaxy S21,5,50727.29,253636.45,Neeta Malhotra,42,Delhi,Credit Card,5
329,2022-01-09,9,1,2022,Sunday,Xiaomi,Mi 11,6,20564.96,123389.76,Krishna Menon,35,Chennai,Cash,5
330,2022-01-10,10,1,2022,Monday,OnePlus,OnePlus Nord,8,53003.12,424024.96,Reena Das,55,Delhi,UPI,5
331,2022-01-10,10,1,2022,Monday,Samsung,Galaxy S21,4,52359.42,209437.68,Ramesh Dutta,59,Mumbai,UPI,3
332,2022-01-10,10,1,2022,Monday,Apple,iPhone SE,7,24051.94,168363.58,Harish Goyal,43,Mumbai,UPI,3
333,2022-01-10,10,1,2022,Monday,Xiaomi,Redmi Note 10,6,26178.06,157068.36000000002,Bina Rawat,57,Mumbai,Cash,5
334,2022-01-11,11,1,2022,Tuesday,Samsung,Galaxy S21,2,49286.24,98572.48,Sunil Mathur,20,Delhi,Credit Card,3
335,2022-01-11,11,1,2022,Tuesday,Vivo,Vivo Y51,8,33405.16,267241.28,Navin Solanki,39,Ranchi,Debit Card,5
336,2022-01-11,11,1,2022,Tuesday,OnePlus,OnePlus 8T,9,21672.88,195055.92,Kavita Bhattacharya,43,Madurai,Debit Card,5
337,2022-01-11,11,1,2022,Tuesday,Samsung,Galaxy Note 20,5,53900.78,269503.9,Priyanka Alva,36,Delhi,Debit Card,5
338,2022-01-12,12,1,2022,Wednesday,Xiaomi,Redmi Note 10,4,19248.85,76995.4,Anand Bhattacharya,56,Bangalore,UPI,5
339,2022-01-12,12,1,2022,Wednesday,Vivo,Vivo Y51,6,61338.62,368031.72000000003,Rohan Rathod,53,Patna,Debit Card,5
340,2022-01-12,12,1,2022,Wednesday,Xiaomi,Redmi 9,8,40880.17,327041.36,Devendra Arora,38,Delhi,Credit Card,3
341,2022-01-12,12,1,2022,Wednesday,Xiaomi,Mi 11,3,16342.04,49026.12,Reena Desai,58,Delhi,Debit Card,3
342,2022-01-13,13,1,2022,Thursday,Vivo,Vivo S1,1,51644.34,51644.34,Pankaj Singh,43,Delhi,UPI,5
343,2022-01-13,13,1,2022,Thursday,Xiaomi,Mi 11,4,41149.78,164599.12,Pooja Joshi,30,Delhi,UPI,5
344,2022-01-13,13,1,2022,Thursday,Vivo,Vivo V20,4,27883.45,111533.8,Priyanka Mishra,53,Indore,Debit Card,5
345,2022-01-13,13,1,2022,Thursday,Samsung,Galaxy Note 20,1,35352.36,35352.36,Bhavana Rawat,41,Delhi,UPI,5
346,2022-01-14,14,1,2022,Friday,Vivo,Vivo S1,9,27900.26,251102.34,Pooja Luthra,58,Delhi,Debit Card,4
347,2022-01-14,14,1,2022,Friday,Vivo,Vivo S1,3,25781.55,77344.65,Manoj Ahuja,43,Jodhpur,UPI,4
348,2022-01-14,14,1,2022,Friday,OnePlus,OnePlus 8T,5,19816.51,99082.54999999999,Lata Rawat,38,Bangalore,Cash,3
349,2022-01-14,14,1,2022,Friday,Vivo,Vivo S1,6,31766.03,190596.18,Priyanka Sharma,35,Delhi,Cash,4
350,2022-01-15,15,1,2022,Saturday,Vivo,Vivo V20,8,25059.23,200473.84,Navin Malhotra,32,Ranchi,Credit Card,4
351,2022-01-15,15,1,2022,Saturday,Samsung,Galaxy Note 20,6,51006.07,306036.42,Kavita Iyer,32,Madurai,Cash,5
352,2022-01-15,15,1,2022,Saturday,OnePlus,OnePlus Nord,3,51032.6,153097.8,Anand Patel,23,Gorakhpur,Debit Card,5
353,2022-01-15,15,1,2022,Saturday,Apple,iPhone 11,6,40110.41,240662.46000000002,Vijay Prasad,48,Ludhiana,UPI,5
354,2022-01-16,16,1,2022,Sunday,Samsung,Galaxy Note 20,1,56676.67,56676.67,Umesh Ghosh,45,Rajkot,Credit Card,5
355,2022-01-16,16,1,2022,Sunday,Samsung,Galaxy Note 20,4,60480.38,241921.52,Manoj Rao,25,Gorakhpur,Debit Card,5
356,2022-01-16,16,1,2022,Sunday,Apple,iPhone 11,6,44785.99,268715.94,Vivek Jain,46,Mumbai,Debit Card,5
357,2022-01-17,17,1,2022,Monday,Vivo,Vivo Y51,7,47136.11,329952.77,Aditya Patel,38,Rajkot,Credit Card,5
358,2022-01-17,17,1,2022,Monday,Xiaomi,Redmi Note 10,3,26973.15,80919.45000000001,Harish Goyal,34,Mumbai,Credit Card,4
359,2022-01-17,17,1,2022,Monday,OnePlus,OnePlus 8T,9,63692.15,573229.35,Sumit Siddiqui,41,Mumbai,Debit Card,5
360,2022-01-18,18,1,2022,Tuesday,Xiaomi,Redmi Note 10,7,11452.36,80166.52,Bhavana Desai,53,Delhi,UPI,5
361,2022-01-18,18,1,2022,Tuesday,Apple,iPhone 11,1,30916.15,30916.15,Ravi Sheth,48,Lucknow,Debit Card,4
362,2022-01-18,18,1,2022,Tuesday,Samsung,Galaxy A51,2,53308.03,106616.06,Ravi Patel,51,Kanpur,UPI,3
363,2022-01-18,18,1,2022,Tuesday,Samsung,Galaxy Note 20,1,14805.37,14805.37,Tapan Mishra,19,Delhi,Credit Card,5
364,2022-01-19,19,1,2022,Wednesday,OnePlus,OnePlus 8T,9,20990.17,188911.52999999997,Mala Verma,59,Bangalore,Debit Card,5
365,2022-01-19,19,1,2022,Wednesday,Samsung,Galaxy A51,9,45357.14,408214.26,Gita Roy,20,Bhopal,Cash,3
366,2022-01-19,19,1,2022,Wednesday,Samsung,Galaxy S21,7,43599.62,305197.34,Vivek Rawat,47,Mumbai,Debit Card,4
367,2022-01-19,19,1,2022,Wednesday,OnePlus,OnePlus 9,3,54335.7,163007.09999999998,Anita Menon,25,Ranchi,UPI,5
368,2022-01-20,20,1,2022,Thursday,OnePlus,OnePlus 9,5,58756.76,293783.8,Tapan Deshmukh,24,Delhi,Debit Card,4
369,2022-01-20,20,1,2022,Thursday,Apple,iPhone 12,4,17714.77,70859.08,Shruti Thakur,29,Rajkot,UPI,4
370,2022-01-20,20,1,2022,Thursday,Samsung,Galaxy A51,7,11102.86,77720.02,Reena Teja,36,Delhi,Cash,4
371,2022-01-20,20,1,2022,Thursday,Samsung,Galaxy S21,9,51378.31,462404.79,Isha Dutta,43,Chennai,Credit Card,5
372,2022-01-21,21,1,2022,Friday,Apple,iPhone 12,2,28083.51,56167.02,Manoj Pathak,45,Vadodara,Cash,3
373,2022-01-21,21,1,2022,Friday,Vivo,Vivo V20,8,47559.03,380472.24,Tapan Bhattacharya,32,Hyderabad,UPI,3
374,2022-01-21,21,1,2022,Friday,Vivo,Vivo V20,9,19032.68,171294.12,Anjali Srivastava,31,Chennai,Credit Card,5
375,2022-01-21,21,1,2022,Friday,Vivo,Vivo V20,9,38142.4,343281.60000000003,Anand Reddy,31,Gorakhpur,Credit Card,5
376,2022-01-22,22,1,2022,Saturday,Apple,iPhone 11,7,40265.48,281858.36000000004,Bhavana Jain,20,Gorakhpur,Debit Card,4
377,2022-01-22,22,1,2022,Saturday,Samsung,Galaxy Note 20,9,45104.67,405942.02999999997,Tapan Rawat,46,Delhi,Cash,5
378,2022-01-22,22,1,2022,Saturday,Apple,iPhone 12,9,40790.2,367111.8,Namita Sheth,23,Bangalore,UPI,3
379,2022-01-22,22,1,2022,Saturday,Apple,iPhone SE,3,39741.45,119224.34999999999,Arun Luthra,40,Delhi,UPI,3
380,2022-01-23,23,1,2022,Sunday,Vivo,Vivo S1,4,29964.05,119856.2,Mala Roy,45,Jodhpur,Credit Card,4
381,2022-01-23,23,1,2022,Sunday,Xiaomi,Mi 11,2,14270.81,28541.62,Devendra Varma,31,Mumbai,Debit Card,5
382,2022-01-23,23,1,2022,Sunday,Samsung,Galaxy A51,3,15371.21,46113.63,Ravi Dutta,31,Delhi,UPI,4
383,2022-01-23,23,1,2022,Sunday,Vivo,Vivo Y51,5,36026.7,180133.5,Ramesh Das,37,Vadodara,Debit Card,4
384,2022-01-24,24,1,2022,Monday,Xiaomi,Redmi Note 10,5,31347.59,156737.95,Priya Roy,30,Hyderabad,Credit Card,5
385,2022-01-24,24,1,2022,Monday,Xiaomi,Redmi Note 10,6,40968.09,245808.53999999998,Sumit Siddiqui,44,Delhi,Credit Card,5
386,2022-01-24,24,1,2022,Monday,OnePlus,OnePlus Nord,7,28290.29,198032.03,Bina Siddiqui,52,Kolkata,Credit Card,5
387,2022-01-24,24,1,2022,Monday,Samsung,Galaxy A51,7,51274.61,358922.27,Kiran Rathod,19,Jodhpur,Debit Card,5
388,2022-01-25,25,1,2022,Tuesday,Xiaomi,Redmi 9,1,61837.29,61837.29,Kunal Chaudhary,58,Lucknow,UPI,4
389,2022-01-25,25,1,2022,Tuesday,Vivo,Vivo V20,2,27931.79,55863.58,Vinod Malhotra,57,Kolkata,Cash,4
390,2022-01-25,25,1,2022,Tuesday,OnePlus,OnePlus 9,9,21579.04,194211.36000000002,Sneha Arora,41,Ludhiana,Debit Card,4
391,2022-01-25,25,1,2022,Tuesday,Samsung,Galaxy A51,2,16970.83,33941.66,Devendra Pathak,46,Mumbai,Credit Card,4
392,2022-01-26,26,1,2022,Wednesday,Apple,iPhone SE,6,46975.24,281851.44,Radha Alva,20,Hyderabad,Cash,4
393,2022-01-26,26,1,2022,Wednesday,Vivo,Vivo S1,1,36631.36,36631.36,Krishna Nambiar,21,Gorakhpur,Cash,5
394,2022-01-26,26,1,2022,Wednesday,Xiaomi,Redmi 9,3,21280.94,63842.81999999999,Vijay Jain,19,Gorakhpur,Cash,4
395,2022-01-27,27,1,2022,Thursday,Xiaomi,Mi 11,2,49188.2,98376.4,Reena Deshmukh,37,Mumbai,Cash,3
396,2022-01-27,27,1,2022,Thursday,Vivo,Vivo S1,3,18908.99,56726.97,Yogesh Alva,32,Vadodara,Cash,3
397,2022-01-27,27,1,2022,Thursday,Xiaomi,Redmi 9,5,43258.04,216290.2,Sanjay Mehta,49,Rajkot,Credit Card,5
398,2022-01-27,27,1,2022,Thursday,OnePlus,OnePlus 8T,6,41628.9,249773.40000000002,Neeta Yadav,59,Coimbatore,UPI,5
399,2022-01-28,28,1,2022,Friday,Samsung,Galaxy Note 20,9,54053.67,486483.02999999997,Gita Rathod,18,Delhi,Cash,3
400,2022-01-28,28,1,2022,Friday,OnePlus,OnePlus 8T,4,13306.58,53226.32,Vinod Chatterjee,55,Mumbai,UPI,5
401,2022-01-28,28,1,2022,Friday,Xiaomi,Mi 11,7,63272.38,442906.66,Harish Mishra,52,Vadodara,UPI,5
402,2022-01-29,29,1,2022,Saturday,Apple,iPhone SE,6,52179.5,313077.0,Sneha Patel,24,Hyderabad,Debit Card,5
403,2022-01-29,29,1,2022,Saturday,Samsung,Galaxy S21,2,22967.56,45935.12,Shruti Iyer,30,Delhi,Credit Card,4
404,2022-01-29,29,1,2022,Saturday,Samsung,Galaxy S21,8,21004.32,168034.56,Vivek Mehta,18,Kolkata,Cash,4
405,2022-01-29,29,1,2022,Saturday,Vivo,Vivo V20,7,35899.61,251297.27000000002,Ravi Bhattacharya,31,Rajkot,UPI,5
406,2022-01-30,30,1,2022,Sunday,Vivo,Vivo V20,7,59053.92,413377.44,Anand Siddiqui,46,Mumbai,Debit Card,5
407,2022-01-30,30,1,2022,Sunday,Apple,iPhone 12,8,60577.0,484616.0,Jyoti Kumar,20,Bangalore,UPI,3
408,2022-01-30,30,1,2022,Sunday,Samsung,Galaxy S21,1,41227.37,41227.37,Krishna Sharma,41,Ludhiana,Cash,5
409,2022-01-30,30,1,2022,Sunday,Apple,iPhone 11,1,61648.65,61648.65,Aditya Roy,18,Rajkot,Credit Card,5
410,2022-01-31,31,1,2022,Monday,Vivo,Vivo Y51,8,10326.62,82612.96,Anita Arora,27,Ranchi,Credit Card,5
411,2022-01-31,31,1,2022,Monday,Vivo,Vivo V20,4,12110.48,48441.92,Tanuja Rao,30,Mumbai,Cash,3
412,2022-01-31,31,1,2022,Monday,Samsung,Galaxy A51,5,64709.3,323546.5,Kavita Bhattacharya,53,Kanpur,UPI,5
413,2022-02-01,1,2,2022,Tuesday,OnePlus,OnePlus Nord,8,56519.92,452159.36,Harish Teja,26,Chennai,Debit Card,5
414,2022-02-01,1,2,2022,Tuesday,Xiaomi,Redmi Note 10,5,37042.36,185211.8,Anjali Patel,31,Mumbai,Credit Card,3
415,2022-02-01,1,2,2022,Tuesday,Vivo,Vivo S1,4,55216.61,220866.44,Gita Teja,53,Delhi,Credit Card,5
416,2022-02-01,1,2,2022,Tuesday,Vivo,Vivo Y51,6,67338.37,404030.22,Anita Varma,27,Mumbai,UPI,5
417,2022-02-02,2,2,2022,Wednesday,OnePlus,OnePlus 8T,5,56325.37,281626.85000000003,Aditya Menon,57,Lucknow,UPI,2
418,2022-02-02,2,2,2022,Wednesday,OnePlus,OnePlus Nord,7,60542.28,423795.95999999996,Amit Srivastava,40,Ludhiana,UPI,4
419,2022-02-02,2,2,2022,Wednesday,Apple,iPhone 12,7,55636.39,389454.73,Ayesha Menon,52,Vadodara,Debit Card,3
420,2022-02-03,3,2,2022,Thursday,Apple,iPhone 11,4,20092.67,80370.68,Vivek Sheth,24,Vadodara,UPI,5
421,2022-02-03,3,2,2022,Thursday,Xiaomi,Redmi 9,5,60014.45,300072.25,Tapan Mathur,59,Mumbai,Debit Card,5
422,2022-02-03,3,2,2022,Thursday,Xiaomi,Redmi 9,3,21706.53,65119.59,Sneha Desai,52,Hyderabad,Cash,5
423,2022-02-03,3,2,2022,Thursday,Samsung,Galaxy Note 20,4,63556.68,254226.72,Amit Prasad,19,Bhopal,Debit Card,5
424,2022-02-04,4,2,2022,Friday,Apple,iPhone 11,4,37518.99,150075.96,Sumit Sharma,32,Delhi,UPI,4
425,2022-02-04,4,2,2022,Friday,Vivo,Vivo V20,3,50618.61,151855.83000000002,Anand Joshi,26,Lucknow,Debit Card,5
426,2022-02-04,4,2,2022,Friday,Apple,iPhone SE,5,39834.45,199172.25,Namita Srivastava,34,Delhi,Debit Card,4
427,2022-02-04,4,2,2022,Friday,Vivo,Vivo V20,5,15639.46,78197.29999999999,Vivek Alva,56,Coimbatore,Debit Card,2
428,2022-02-05,5,2,2022,Saturday,OnePlus,OnePlus 8T,7,27443.34,192103.38,Navin Mathur,35,Rajkot,Credit Card,2
429,2022-02-05,5,2,2022,Saturday,Apple,iPhone SE,4,69023.91,276095.64,Devendra Mathur,32,Delhi,UPI,5
430,2022-02-05,5,2,2022,Saturday,OnePlus,OnePlus 8T,4,67642.89,270571.56,Isha Nair,35,Delhi,Debit Card,4
431,2022-02-06,6,2,2022,Sunday,Xiaomi,Mi 11,9,29229.21,263062.89,Pankaj Jain,41,Kanpur,UPI,3
432,2022-02-06,6,2,2022,Sunday,Xiaomi,Mi 11,6,69777.81,418666.86,Sachin Desai,40,Rajkot,Cash,5
433,2022-02-06,6,2,2022,Sunday,Samsung,Galaxy S21,4,60733.07,242932.28,Kiran Malhotra,29,Delhi,Debit Card,5
434,2022-02-06,6,2,2022,Sunday,Apple,iPhone 11,2,46657.57,93315.14,Kiran Alva,40,Delhi,Debit Card,2
435,2022-02-07,7,2,2022,Monday,OnePlus,OnePlus 9,6,12407.48,74444.88,Arun Deshmukh,38,Jodhpur,Cash,2
436,2022-02-07,7,2,2022,Monday,Vivo,Vivo Y51,2,64086.81,128173.62,Harish Teja,43,Kanpur,UPI,3
437,2022-02-07,7,2,2022,Monday,Xiaomi,Mi 11,5,43445.76,217228.80000000002,Vijay Rawat,25,Kanpur,Cash,5
438,2022-02-08,8,2,2022,Tuesday,Xiaomi,Redmi 9,6,62108.57,372651.42,Arun Dutta,47,Mumbai,Cash,4
439,2022-02-08,8,2,2022,Tuesday,Vivo,Vivo Y51,4,60065.75,240263.0,Harish Solanki,51,Mumbai,Cash,2
440,2022-02-08,8,2,2022,Tuesday,OnePlus,OnePlus Nord,3,59980.37,179941.11000000002,Sunita Roy,19,Delhi,Cash,5
441,2022-02-08,8,2,2022,Tuesday,OnePlus,OnePlus Nord,7,51890.43,363233.01,Vinod Nambiar,22,Lucknow,UPI,3
442,2022-02-09,9,2,2022,Wednesday,Apple,iPhone 12,2,27484.91,54969.82,Meena Kulkarni,48,Mumbai,Debit Card,3
443,2022-02-09,9,2,2022,Wednesday,Apple,iPhone SE,6,30169.62,181017.72,Arun Sheth,50,Kanpur,Cash,3
444,2022-02-09,9,2,2022,Wednesday,Samsung,Galaxy A51,4,28508.15,114032.6,Bhavana Mehta,21,Mumbai,Cash,5
445,2022-02-10,10,2,2022,Thursday,Xiaomi,Mi 11,6,11202.76,67216.56,Bhavana Varma,23,Madurai,Credit Card,3
446,2022-02-10,10,2,2022,Thursday,Apple,iPhone 11,4,44954.13,179816.52,Lata Shah,40,Delhi,UPI,4
447,2022-02-10,10,2,2022,Thursday,OnePlus,OnePlus 9,4,51930.02,207720.08,Vivek Teja,36,Ludhiana,Cash,4
448,2022-02-11,11,2,2022,Friday,Vivo,Vivo S1,4,61231.96,244927.84,Prashant Rathod,25,Mumbai,Credit Card,5
449,2022-02-11,11,2,2022,Friday,OnePlus,OnePlus Nord,9,18409.93,165689.37,Priyanka Menon,56,Indore,Cash,5
450,2022-02-11,11,2,2022,Friday,Xiaomi,Redmi Note 10,7,42650.99,298556.93,Anjali Sharma,30,Mumbai,UPI,4
451,2022-02-11,11,2,2022,Friday,OnePlus,OnePlus 8T,3,10480.49,31441.47,Arun Kapoor,18,Ranchi,Credit Card,5
452,2022-02-12,12,2,2022,Saturday,Samsung,Galaxy A51,3,15705.62,47116.86,Arun Goyal,23,Gorakhpur,Credit Card,5
453,2022-02-12,12,2,2022,Saturday,Xiaomi,Redmi Note 10,6,13252.7,79516.20000000001,Arun Pillai,24,Delhi,UPI,3
454,2022-02-12,12,2,2022,Saturday,Vivo,Vivo Y51,6,53528.68,321172.08,Vinod Goyal,44,Vadodara,Credit Card,4
455,2022-02-12,12,2,2022,Saturday,Samsung,Galaxy S21,4,14863.57,59454.28,Monika Deshmukh,32,Delhi,Credit Card,2
456,2022-02-13,13,2,2022,Sunday,Xiaomi,Redmi Note 10,9,52987.18,476884.62,Vijay Varma,51,Delhi,Cash,5
457,2022-02-13,13,2,2022,Sunday,Vivo,Vivo S1,4,24977.48,99909.92,Bhavana Mathur,40,Mumbai,Credit Card,5
458,2022-02-13,13,2,2022,Sunday,Samsung,Galaxy Note 20,9,62662.78,563965.02,Priya Singh,41,Mumbai,Debit Card,4
459,2022-02-14,14,2,2022,Monday,Samsung,Galaxy A51,4,58789.0,235156.0,Tapan Deshmukh,32,Rajkot,UPI,2
460,2022-02-14,14,2,2022,Monday,Xiaomi,Redmi 9,2,67469.81,134939.62,Meena Patel,52,Bangalore,Cash,5
461,2022-02-14,14,2,2022,Monday,Apple,iPhone 11,2,63025.72,126051.44,Namita Sheth,21,Delhi,Credit Card,5
462,2022-02-14,14,2,2022,Monday,Samsung,Galaxy Note 20,5,65999.77,329998.85000000003,Anita Varma,54,Mumbai,Debit Card,2
463,2022-02-15,15,2,2022,Tuesday,Samsung,Galaxy Note 20,4,61524.54,246098.16,Vinod Goyal,34,Mumbai,Cash,3
464,2022-02-15,15,2,2022,Tuesday,Vivo,Vivo S1,7,51602.91,361220.37,Kunal Shah,48,Chennai,UPI,5
465,2022-02-15,15,2,2022,Tuesday,OnePlus,OnePlus 8T,5,20215.55,101077.75,Mala Teja,55,Delhi,Credit Card,2
466,2022-02-15,15,2,2022,Tuesday,Xiaomi,Mi 11,6,26302.45,157814.7,Sumit Mishra,27,Jodhpur,UPI,4
467,2022-02-16,16,2,2022,Wednesday,Xiaomi,Mi 11,4,22763.62,91054.48,Kavita Gupta,44,Delhi,UPI,5
468,2022-02-16,16,2,2022,Wednesday,Apple,iPhone 12,2,46215.15,92430.3,Tapan Joshi,59,Kolkata,Credit Card,5
469,2022-02-16,16,2,2022,Wednesday,Apple,iPhone 11,9,40217.2,361954.8,Nikhil Menon,23,Delhi,Credit Card,4
470,2022-02-16,16,2,2022,Wednesday,Xiaomi,Redmi 9,7,62024.8,434173.60000000003,Vinod Prasad,23,Rajkot,Cash,2
471,2022-02-17,17,2,2022,Thursday,Apple,iPhone 12,4,67160.37,268641.48,Tapan Bhattacharya,32,Lucknow,UPI,3
472,2022-02-17,17,2,2022,Thursday,Vivo,Vivo S1,3,34291.59,102874.76999999999,Jyoti Iyer,21,Indore,Credit Card,5
473,2022-02-17,17,2,2022,Thursday,Xiaomi,Redmi Note 10,3,40381.03,121143.09,Shruti Chaudhary,57,Delhi,UPI,5
474,2022-02-18,18,2,2022,Friday,Apple,iPhone 11,9,68290.98,614618.82,Jyoti Pillai,24,Ranchi,Credit Card,5
475,2022-02-18,18,2,2022,Friday,Xiaomi,Redmi Note 10,5,26574.34,132871.7,Manoj Shah,43,Hyderabad,UPI,4
476,2022-02-18,18,2,2022,Friday,OnePlus,OnePlus Nord,3,57543.45,172630.34999999998,Vijay Prasad,48,Mumbai,Cash,2
477,2022-02-19,19,2,2022,Saturday,Samsung,Galaxy S21,5,23514.39,117571.95,Reena Sharma,19,Delhi,UPI,2
478,2022-02-19,19,2,2022,Saturday,Xiaomi,Mi 11,2,50887.61,101775.22,Sumit Rathod,45,Lucknow,Credit Card,4
479,2022-02-19,19,2,2022,Saturday,Samsung,Galaxy Note 20,4,25216.94,100867.76,Krishna Malhotra,59,Delhi,Debit Card,5
480,2022-02-20,20,2,2022,Sunday,Apple,iPhone SE,2,63024.0,126048.0,Namita Patel,30,Bhopal,Cash,4
481,2022-02-20,20,2,2022,Sunday,Samsung,Galaxy S21,2,43688.68,87377.36,Devendra Rao,35,Vadodara,Cash,2
482,2022-02-20,20,2,2022,Sunday,Xiaomi,Redmi 9,8,21156.02,169248.16,Ravi Malhotra,47,Mumbai,Debit Card,4
483,2022-02-21,21,2,2022,Monday,OnePlus,OnePlus Nord,1,23462.15,23462.15,Ramesh Gupta,28,Mumbai,Credit Card,5
484,2022-02-21,21,2,2022,Monday,Apple,iPhone SE,7,39630.95,277416.64999999997,Shruti Pathak,30,Delhi,Cash,5
485,2022-02-21,21,2,2022,Monday,Xiaomi,Mi 11,5,67696.12,338480.6,Ramesh Solanki,41,Delhi,Debit Card,5
486,2022-02-22,22,2,2022,Tuesday,Apple,iPhone 12,8,56178.53,449428.24,Shruti Pathak,46,Mumbai,Debit Card,3
487,2022-02-22,22,2,2022,Tuesday,Vivo,Vivo Y51,1,39298.58,39298.58,Ramesh Dutta,22,Indore,UPI,3
488,2022-02-22,22,2,2022,Tuesday,Samsung,Galaxy Note 20,7,30263.15,211842.05000000002,Umesh Ghosh,52,Delhi,UPI,4
489,2022-02-23,23,2,2022,Wednesday,Vivo,Vivo Y51,5,42956.11,214780.55,Gita Iyer,36,Ranchi,Credit Card,5
490,2022-02-23,23,2,2022,Wednesday,Xiaomi,Redmi Note 10,4,54901.65,219606.6,Reena Desai,30,Indore,Debit Card,5
491,2022-02-23,23,2,2022,Wednesday,OnePlus,OnePlus 8T,7,57035.72,399250.04000000004,Sanjay Das,22,Madurai,UPI,2
492,2022-02-24,24,2,2022,Thursday,Apple,iPhone 11,2,29476.53,58953.06,Sanjay Patel,31,Gorakhpur,Credit Card,5
493,2022-02-24,24,2,2022,Thursday,Samsung,Galaxy Note 20,1,53269.56,53269.56,Anita Desai,55,Delhi,Cash,5
494,2022-02-24,24,2,2022,Thursday,Apple,iPhone 12,1,49467.33,49467.33,Anand Chatterjee,39,Madurai,UPI,4
495,2022-02-25,25,2,2022,Friday,Xiaomi,Redmi Note 10,1,67546.74,67546.74,Bina Solanki,26,Madurai,Credit Card,2
496,2022-02-25,25,2,2022,Friday,Apple,iPhone SE,5,65865.42,329327.1,Sunita Mehta,57,Ludhiana,UPI,2
497,2022-02-25,25,2,2022,Friday,Samsung,Galaxy Note 20,7,57362.76,401539.32,Pankaj Arora,43,Jodhpur,Cash,4
498,2022-02-26,26,2,2022,Saturday,Xiaomi,Mi 11,2,53403.68,106807.36,Monika Srivastava,22,Hyderabad,Cash,4
499,2022-02-26,26,2,2022,Saturday,Apple,iPhone 12,8,26442.5,211540.0,Rajesh Ghosh,46,Mumbai,UPI,5
500,2022-02-26,26,2,2022,Saturday,OnePlus,OnePlus 9,4,60757.92,243031.68,Priya Sharma,39,Bangalore,Cash,5
501,2022-02-26,26,2,2022,Saturday,Xiaomi,Mi 11,3,35650.34,106951.01999999999,Kavita Kaur,20,Ranchi,Credit Card,2
502,2022-02-27,27,2,2022,Sunday,Xiaomi,Redmi 9,8,26334.43,210675.44,Vivek Deshmukh,45,Delhi,UPI,2
503,2022-02-27,27,2,2022,Sunday,OnePlus,OnePlus Nord,2,33049.65,66099.3,Pooja Patel,55,Delhi,UPI,5
504,2022-02-27,27,2,2022,Sunday,Vivo,Vivo Y51,3,60156.13,180468.38999999998,Meena Joshi,31,Delhi,Cash,2
505,2022-02-28,28,2,2022,Monday,Samsung,Galaxy A51,3,18917.99,56753.97,Namita Gupta,31,Ranchi,Credit Card,4
506,2022-02-28,28,2,2022,Monday,Vivo,Vivo S1,1,37369.52,37369.52,Harish Malhotra,28,Jodhpur,UPI,4
507,2022-02-28,28,2,2022,Monday,Apple,iPhone 11,6,39541.46,237248.76,Pankaj Patel,26,Indore,UPI,5
508,2022-02-28,28,2,2022,Monday,OnePlus,OnePlus Nord,2,12197.78,24395.56,Aditya Iyer,55,Ludhiana,Cash,3
509,2022-03-01,1,3,2022,Tuesday,Vivo,Vivo V20,1,21744.76,21744.76,Ramesh Joshi,23,Delhi,Cash,3
510,2022-03-01,1,3,2022,Tuesday,Xiaomi,Mi 11,2,59604.55,119209.1,Sachin Rao,18,Delhi,Credit Card,4
511,2022-03-01,1,3,2022,Tuesday,Apple,iPhone 12,6,59846.04,359076.24,Pankaj Jain,42,Delhi,Credit Card,3
512,2022-03-01,1,3,2022,Tuesday,Apple,iPhone 11,4,27544.91,110179.64,Monika Singh,33,Delhi,Cash,3
513,2022-03-02,2,3,2022,Wednesday,Vivo,Vivo V20,6,62493.83,374962.98,Deepika Kulkarni,32,Mumbai,Credit Card,5
514,2022-03-02,2,3,2022,Wednesday,Vivo,Vivo S1,9,56306.98,506762.82,Vinod Kumar,51,Gorakhpur,Debit Card,2
515,2022-03-02,2,3,2022,Wednesday,OnePlus,OnePlus 9,8,35074.45,280595.6,Neeta Kumar,34,Delhi,Debit Card,2
516,2022-03-02,2,3,2022,Wednesday,Samsung,Galaxy S21,1,54904.38,54904.38,Vinod Kulkarni,20,Lucknow,Cash,3
517,2022-03-03,3,3,2022,Thursday,Vivo,Vivo V20,8,67680.08,541440.64,Vinod Nair,20,Delhi,UPI,5
518,2022-03-03,3,3,2022,Thursday,Vivo,Vivo V20,9,37538.18,337843.62,Vinod Solanki,54,Delhi,Cash,5
519,2022-03-03,3,3,2022,Thursday,Xiaomi,Redmi Note 10,6,24305.63,145833.78,Sachin Sheth,34,Delhi,Cash,3
520,2022-03-04,4,3,2022,Friday,Apple,iPhone 11,5,66508.99,332544.95,Prashant Srivastava,55,Ludhiana,Cash,5
521,2022-03-04,4,3,2022,Friday,Samsung,Galaxy S21,6,46224.66,277347.96,Neeta Nair,18,Vadodara,UPI,5
522,2022-03-04,4,3,2022,Friday,Xiaomi,Redmi Note 10,6,16315.91,97895.45999999999,Lalita Kaur,24,Vadodara,Debit Card,5
523,2022-03-05,5,3,2022,Saturday,OnePlus,OnePlus 8T,9,44360.97,399248.73,Isha Menon,43,Delhi,Credit Card,2
524,2022-03-05,5,3,2022,Saturday,OnePlus,OnePlus 8T,4,40034.85,160139.4,Neeta Pillai,56,Rajkot,Debit Card,4
525,2022-03-05,5,3,2022,Saturday,Vivo,Vivo S1,2,61335.33,122670.66,Vivek Siddiqui,36,Indore,Credit Card,5
526,2022-03-06,6,3,2022,Sunday,Vivo,Vivo V20,9,41841.71,376575.39,Anand Mishra,47,Delhi,Credit Card,4
527,2022-03-06,6,3,2022,Sunday,OnePlus,OnePlus 9,2,25313.95,50627.9,Namita Sheth,31,Ranchi,Cash,4
528,2022-03-06,6,3,2022,Sunday,Vivo,Vivo S1,9,50538.64,454847.76,Rohan Menon,30,Mumbai,Cash,5
529,2022-03-07,7,3,2022,Monday,Samsung,Galaxy S21,2,42554.53,85109.06,Vivek Patel,37,Mumbai,Credit Card,2
530,2022-03-07,7,3,2022,Monday,Vivo,Vivo S1,8,23982.68,191861.44,Bhavana Varma,43,Kolkata,UPI,5
531,2022-03-07,7,3,2022,Monday,Apple,iPhone 11,9,44417.67,399759.02999999997,Vinod Dutta,44,Delhi,UPI,5
532,2022-03-07,7,3,2022,Monday,Vivo,Vivo V20,9,59292.13,533629.1699999999,Rohan Menon,42,Indore,UPI,2
533,2022-03-08,8,3,2022,Tuesday,Xiaomi,Redmi Note 10,9,11714.26,105428.34,Deepika Sharma,26,Mumbai,UPI,3
534,2022-03-08,8,3,2022,Tuesday,Samsung,Galaxy Note 20,2,47851.06,95702.12,Rajesh Yadav,58,Kanpur,Cash,2
535,2022-03-08,8,3,2022,Tuesday,Xiaomi,Redmi Note 10,4,30975.11,123900.44,Arun Ghosh,29,Lucknow,Debit Card,5
536,2022-03-09,9,3,2022,Wednesday,Xiaomi,Mi 11,7,27560.29,192922.03,Anita Patel,27,Delhi,Debit Card,5
537,2022-03-09,9,3,2022,Wednesday,Apple,iPhone 11,2,33555.27,67110.54,Kunal Patel,23,Kolkata,Credit Card,4
538,2022-03-09,9,3,2022,Wednesday,Samsung,Galaxy A51,1,30521.36,30521.36,Ravi Kulkarni,51,Bhopal,UPI,3
539,2022-03-10,10,3,2022,Thursday,Samsung,Galaxy Note 20,3,59934.35,179803.05,Neeta Mishra,58,Ranchi,Cash,2
540,2022-03-10,10,3,2022,Thursday,Samsung,Galaxy A51,4,26487.87,105951.48,Kiran Solanki,36,Coimbatore,Cash,3
541,2022-03-10,10,3,2022,Thursday,Samsung,Galaxy Note 20,8,53989.18,431913.44,Radha Sharma,23,Delhi,Cash,4
542,2022-03-11,11,3,2022,Friday,Samsung,Galaxy A51,6,15643.59,93861.54000000001,Nikhil Chaudhary,19,Jodhpur,Credit Card,3
543,2022-03-11,11,3,2022,Friday,Apple,iPhone SE,2,67083.78,134167.56,Harish Mishra,32,Madurai,Cash,3
544,2022-03-11,11,3,2022,Friday,Vivo,Vivo S1,9,47339.0,426051.0,Sanjay Menon,34,Kolkata,Credit Card,2
545,2022-03-12,12,3,2022,Saturday,Xiaomi,Redmi 9,2,52403.11,104806.22,Sunil Rao,33,Kolkata,Credit Card,3
546,2022-03-12,12,3,2022,Saturday,Samsung,Galaxy S21,5,27882.36,139411.8,Kiran Solanki,45,Delhi,Credit Card,4
547,2022-03-12,12,3,2022,Saturday,Vivo,Vivo Y51,4,34725.79,138903.16,Deepika Das,38,Patna,Credit Card,5
548,2022-03-13,13,3,2022,Sunday,Vivo,Vivo Y51,7,23426.7,163986.9,Kiran Singh,25,Mumbai,Cash,5
549,2022-03-13,13,3,2022,Sunday,Xiaomi,Mi 11,8,65952.17,527617.36,Ramesh Kumar,27,Vadodara,Cash,5
550,2022-03-13,13,3,2022,Sunday,Apple,iPhone 11,5,39286.27,196431.34999999998,Bhavana Mehta,27,Rajkot,Debit Card,5
551,2022-03-13,13,3,2022,Sunday,OnePlus,OnePlus Nord,5,47826.89,239134.45,Rohan Pathak,27,Patna,Cash,2
552,2022-03-14,14,3,2022,Monday,OnePlus,OnePlus 9,2,54056.32,108112.64,Yogesh Patel,26,Indore,UPI,5
553,2022-03-14,14,3,2022,Monday,Vivo,Vivo Y51,8,32266.37,258130.96,Bhavana Bhatnagar,45,Madurai,UPI,5
554,2022-03-14,14,3,2022,Monday,Xiaomi,Mi 11,2,53206.1,106412.2,Meena Verma,41,Kanpur,Credit Card,5
555,2022-03-15,15,3,2022,Tuesday,OnePlus,OnePlus 8T,6,50559.55,303357.30000000005,Priyanka Chatterjee,36,Mumbai,Credit Card,5
556,2022-03-15,15,3,2022,Tuesday,Vivo,Vivo S1,8,52339.56,418716.48,Shruti Thakur,50,Mumbai,Credit Card,2
557,2022-03-15,15,3,2022,Tuesday,Apple,iPhone 11,6,39353.79,236122.74,Vijay Malhotra,21,Lucknow,Debit Card,5
558,2022-03-15,15,3,2022,Tuesday,OnePlus,OnePlus 8T,4,32976.24,131904.96,Jyoti Alva,20,Mumbai,Credit Card,2
559,2022-03-16,16,3,2022,Wednesday,Vivo,Vivo V20,4,23324.93,93299.72,Monika Chatterjee,59,Coimbatore,Debit Card,2
560,2022-03-16,16,3,2022,Wednesday,Vivo,Vivo S1,6,59477.58,356865.48,Ayesha Sheth,29,Kanpur,Credit Card,4
561,2022-03-16,16,3,2022,Wednesday,Samsung,Galaxy S21,4,46501.0,186004.0,Vivek Rawat,35,Kolkata,UPI,5
562,2022-03-17,17,3,2022,Thursday,Apple,iPhone 11,8,36661.13,293289.04,Sneha Mishra,40,Rajkot,Credit Card,5
563,2022-03-17,17,3,2022,Thursday,Samsung,Galaxy A51,9,66639.75,599757.75,Bhavana Bhatnagar,37,Coimbatore,Cash,3
564,2022-03-17,17,3,2022,Thursday,Xiaomi,Mi 11,1,12870.33,12870.33,Pankaj Patel,23,Madurai,Credit Card,5
565,2022-03-17,17,3,2022,Thursday,Samsung,Galaxy Note 20,4,61010.32,244041.28,Shruti Dutta,51,Delhi,Cash,4
566,2022-03-18,18,3,2022,Friday,Samsung,Galaxy A51,4,69854.96,279419.84,Mala Siddiqui,59,Ranchi,Cash,5
567,2022-03-18,18,3,2022,Friday,OnePlus,OnePlus 9,2,63216.53,126433.06,Nikhil Reddy,19,Gorakhpur,Cash,3
568,2022-03-18,18,3,2022,Friday,Vivo,Vivo S1,6,58626.2,351757.19999999995,Mala Siddiqui,47,Indore,Cash,4
569,2022-03-19,19,3,2022,Saturday,Apple,iPhone SE,3,32458.36,97375.08,Kiran Malhotra,26,Delhi,Debit Card,2
570,2022-03-19,19,3,2022,Saturday,Samsung,Galaxy S21,7,23878.85,167151.94999999998,Pankaj Kapoor,44,Delhi,Debit Card,5
571,2022-03-19,19,3,2022,Saturday,Apple,iPhone SE,5,54091.03,270455.15,Vivek Ghosh,59,Delhi,Credit Card,5
572,2022-03-20,20,3,2022,Sunday,Samsung,Galaxy S21,4,28274.52,113098.08,Gita Teja,51,Mumbai,Credit Card,4
573,2022-03-20,20,3,2022,Sunday,Xiaomi,Redmi Note 10,5,20562.38,102811.90000000001,Mala Goyal,57,Ranchi,Debit Card,3
574,2022-03-20,20,3,2022,Sunday,Samsung,Galaxy A51,8,57191.55,457532.4,Priya Mehta,41,Patna,Credit Card,5
575,2022-03-20,20,3,2022,Sunday,OnePlus,OnePlus Nord,3,28752.62,86257.86,Kavita Dutta,34,Delhi,Credit Card,2
576,2022-03-21,21,3,2022,Monday,Vivo,Vivo V20,7,64866.5,454065.5,Rohan Singh,46,Jodhpur,Debit Card,5
577,2022-03-21,21,3,2022,Monday,Xiaomi,Redmi Note 10,6,60437.96,362627.76,Sneha Yadav,53,Mumbai,Debit Card,3
578,2022-03-21,21,3,2022,Monday,Samsung,Galaxy S21,1,60858.42,60858.42,Yogesh Reddy,29,Ranchi,Credit Card,2
579,2022-03-21,21,3,2022,Monday,Apple,iPhone 12,7,56294.18,394059.26,Sneha Mehta,48,Jodhpur,Debit Card,3
580,2022-03-22,22,3,2022,Tuesday,Xiaomi,Redmi Note 10,7,62852.89,439970.23,Kavita Siddiqui,26,Ranchi,UPI,5
581,2022-03-22,22,3,2022,Tuesday,Xiaomi,Redmi 9,1,58344.81,58344.81,Rajesh Siddiqui,36,Delhi,Cash,3
582,2022-03-22,22,3,2022,Tuesday,Samsung,Galaxy Note 20,9,46150.68,415356.12,Nikhil Solanki,34,Ludhiana,Cash,5
583,2022-03-22,22,3,2022,Tuesday,Xiaomi,Redmi 9,6,27749.36,166496.16,Jyoti Mehta,19,Chennai,UPI,5
584,2022-03-23,23,3,2022,Wednesday,Apple,iPhone 11,2,63292.55,126585.1,Bhavana Srivastava,57,Mumbai,UPI,5
585,2022-03-23,23,3,2022,Wednesday,Xiaomi,Redmi Note 10,5,60436.22,302181.1,Lata Kaur,22,Delhi,Credit Card,4
586,2022-03-23,23,3,2022,Wednesday,Apple,iPhone SE,4,38372.76,153491.04,Ramesh Dutta,56,Delhi,Credit Card,5
587,2022-03-24,24,3,2022,Thursday,Samsung,Galaxy Note 20,7,12344.72,86413.04,Amit Sheth,33,Mumbai,Cash,5
588,2022-03-24,24,3,2022,Thursday,Vivo,Vivo V20,8,48312.62,386500.96,Kavita Bhatnagar,34,Vadodara,Credit Card,5
589,2022-03-24,24,3,2022,Thursday,Xiaomi,Redmi 9,1,13035.81,13035.81,Bina Goyal,44,Gorakhpur,Cash,3
590,2022-03-24,24,3,2022,Thursday,Vivo,Vivo Y51,5,65576.8,327884.0,Manoj Mehta,24,Jodhpur,Credit Card,3
591,2022-03-25,25,3,2022,Friday,Apple,iPhone SE,3,67697.88,203093.64,Neeta Arora,25,Mumbai,Credit Card,5
592,2022-03-25,25,3,2022,Friday,Xiaomi,Mi 11,1,21369.41,21369.41,Priya Varma,25,Mumbai,Cash,3
593,2022-03-25,25,3,2022,Friday,OnePlus,OnePlus Nord,3,50583.36,151750.08000000002,Jyoti Sheth,40,Mumbai,UPI,5
594,2022-03-26,26,3,2022,Saturday,Vivo,Vivo S1,6,15536.14,93216.84,Shruti Iyer,49,Jodhpur,UPI,5
595,2022-03-26,26,3,2022,Saturday,Xiaomi,Mi 11,7,53771.02,376397.13999999996,Amit Rathod,35,Bangalore,Credit Card,3
596,2022-03-26,26,3,2022,Saturday,Vivo,Vivo S1,8,30837.26,246698.08,Vinod Joshi,55,Hyderabad,UPI,3
597,2022-03-27,27,3,2022,Sunday,Xiaomi,Redmi 9,4,50863.01,203452.04,Anjali Chatterjee,29,Mumbai,Credit Card,5
598,2022-03-27,27,3,2022,Sunday,Samsung,Galaxy S21,3,32372.59,97117.77,Devendra Mathur,32,Bhopal,Debit Card,5
599,2022-03-27,27,3,2022,Sunday,Vivo,Vivo Y51,5,18734.05,93670.25,Deepika Sharma,45,Delhi,Debit Card,5
600,2022-03-27,27,3,2022,Sunday,OnePlus,OnePlus Nord,9,34366.6,309299.39999999997,Mala Roy,55,Delhi,Debit Card,3
601,2022-03-28,28,3,2022,Monday,OnePlus,OnePlus 8T,6,16760.41,100562.45999999999,Harish Teja,48,Mumbai,UPI,4
602,2022-03-28,28,3,2022,Monday,Apple,iPhone SE,9,44613.0,401517.0,Lata Shah,26,Bangalore,UPI,5
603,2022-03-28,28,3,2022,Monday,Xiaomi,Mi 11,6,12457.09,74742.54000000001,Deepika Deshmukh,25,Bhopal,Cash,4
604,2022-03-28,28,3,2022,Monday,Vivo,Vivo Y51,2,41639.18,83278.36,Shruti Iyer,36,Indore,UPI,5
605,2022-03-29,29,3,2022,Tuesday,Apple,iPhone 12,5,63182.12,315910.60000000003,Harish Kapoor,25,Patna,Credit Card,5
606,2022-03-29,29,3,2022,Tuesday,Vivo,Vivo V20,9,60272.4,542451.6,Rajesh Roy,51,Mumbai,Cash,4
607,2022-03-29,29,3,2022,Tuesday,Xiaomi,Mi 11,8,62966.9,503735.2,Sachin Iyer,21,Mumbai,UPI,5
608,2022-03-30,30,3,2022,Wednesday,OnePlus,OnePlus Nord,7,65322.93,457260.51,Rajesh Arora,48,Chennai,Cash,4
609,2022-03-30,30,3,2022,Wednesday,Samsung,Galaxy Note 20,1,16271.67,16271.67,Sneha Teja,55,Coimbatore,UPI,5
610,2022-03-30,30,3,2022,Wednesday,OnePlus,OnePlus Nord,4,17724.83,70899.32,Sachin Rawat,20,Kolkata,Credit Card,5
611,2022-03-31,31,3,2022,Thursday,Apple,iPhone 11,7,43420.41,303942.87,Lata Nambiar,52,Bhopal,Debit Card,5
612,2022-03-31,31,3,2022,Thursday,Samsung,Galaxy S21,7,63638.36,445468.52,Sachin Kaur,36,Delhi,Debit Card,4
613,2022-03-31,31,3,2022,Thursday,Apple,iPhone 12,6,68460.97,410765.82,Rohan Prasad,46,Bangalore,Credit Card,4
614,2022-03-31,31,3,2022,Thursday,Xiaomi,Redmi 9,8,12775.72,102205.76,Vinod Nambiar,27,Kolkata,Cash,4
615,2022-04-01,1,4,2022,Friday,Samsung,Galaxy Note 20,6,31346.45,188078.7,Meena Prasad,29,Bhopal,Debit Card,5
616,2022-04-01,1,4,2022,Friday,Apple,iPhone SE,3,22773.66,68320.98,Vinod Arora,47,Mumbai,UPI,4
617,2022-04-01,1,4,2022,Friday,Xiaomi,Redmi Note 10,4,55357.95,221431.8,Navin Joshi,47,Ranchi,UPI,5
618,2022-04-01,1,4,2022,Friday,OnePlus,OnePlus 8T,3,48411.63,145234.88999999998,Sneha Yadav,35,Indore,Cash,4
619,2022-04-02,2,4,2022,Saturday,Xiaomi,Redmi Note 10,1,17193.28,17193.28,Neeta Deshmukh,41,Hyderabad,Cash,5
620,2022-04-02,2,4,2022,Saturday,Vivo,Vivo V20,5,39011.32,195056.6,Mala Kulkarni,49,Ludhiana,Credit Card,5
621,2022-04-02,2,4,2022,Saturday,Xiaomi,Mi 11,1,51126.43,51126.43,Sanjay Jain,26,Delhi,Debit Card,5
622,2022-04-02,2,4,2022,Saturday,Xiaomi,Redmi 9,1,56740.32,56740.32,Rajesh Chatterjee,41,Delhi,Cash,5
623,2022-04-03,3,4,2022,Sunday,Vivo,Vivo Y51,2,11203.16,22406.32,Namita Deshmukh,43,Delhi,Debit Card,5
624,2022-04-03,3,4,2022,Sunday,Apple,iPhone 12,4,63428.17,253712.68,Ayesha Luthra,20,Indore,Debit Card,5
625,2022-04-03,3,4,2022,Sunday,Apple,iPhone 12,6,44156.88,264941.27999999997,Krishna Rawat,40,Mumbai,UPI,5
626,2022-04-04,4,4,2022,Monday,Xiaomi,Redmi Note 10,8,58714.55,469716.4,Gita Dutta,28,Delhi,Cash,4
627,2022-04-04,4,4,2022,Monday,Vivo,Vivo V20,3,58476.28,175428.84,Devendra Singh,27,Rajkot,Credit Card,3
628,2022-04-04,4,4,2022,Monday,Vivo,Vivo S1,1,21391.16,21391.16,Rajesh Ghosh,53,Ranchi,Cash,5
629,2022-04-05,5,4,2022,Tuesday,OnePlus,OnePlus 8T,3,16610.33,49830.990000000005,Vivek Bhatnagar,30,Mumbai,Debit Card,5
630,2022-04-05,5,4,2022,Tuesday,Apple,iPhone 11,3,53277.24,159831.72,Krishna Chatterjee,46,Coimbatore,UPI,5
631,2022-04-05,5,4,2022,Tuesday,Samsung,Galaxy A51,5,19385.62,96928.09999999999,Shruti Menon,55,Vadodara,Cash,5
632,2022-04-06,6,4,2022,Wednesday,Apple,iPhone SE,4,60996.25,243985.0,Pooja Dutta,30,Delhi,Cash,5
633,2022-04-06,6,4,2022,Wednesday,Apple,iPhone 12,4,53571.37,214285.48,Isha Dutta,43,Hyderabad,Cash,5
634,2022-04-06,6,4,2022,Wednesday,OnePlus,OnePlus 8T,9,60509.52,544585.6799999999,Rajesh Pathak,37,Delhi,Credit Card,5
635,2022-04-07,7,4,2022,Thursday,Samsung,Galaxy Note 20,7,27940.76,195585.31999999998,Kavita Jain,22,Patna,Credit Card,3
636,2022-04-07,7,4,2022,Thursday,OnePlus,OnePlus 8T,4,28995.88,115983.52,Umesh Teja,37,Indore,Credit Card,5
637,2022-04-07,7,4,2022,Thursday,Samsung,Galaxy A51,3,50273.29,150819.87,Anand Siddiqui,31,Delhi,Credit Card,4
638,2022-04-08,8,4,2022,Friday,Xiaomi,Redmi Note 10,6,11886.76,71320.56,Kavita Goyal,31,Mumbai,UPI,5
639,2022-04-08,8,4,2022,Friday,Samsung,Galaxy S21,3,53589.8,160769.40000000002,Ramesh Mishra,25,Delhi,UPI,3
640,2022-04-08,8,4,2022,Friday,OnePlus,OnePlus 8T,6,60146.98,360881.88,Kiran Ghosh,30,Jodhpur,Credit Card,5
641,2022-04-09,9,4,2022,Saturday,Apple,iPhone 12,9,34909.82,314188.38,Navin Malhotra,41,Delhi,Debit Card,4
642,2022-04-09,9,4,2022,Saturday,Samsung,Galaxy A51,6,55892.73,335356.38,Lalita Thakur,32,Mumbai,Credit Card,4
643,2022-04-09,9,4,2022,Saturday,Samsung,Galaxy A51,4,20476.66,81906.64,Harish Kaur,18,Delhi,Credit Card,4
644,2022-04-09,9,4,2022,Saturday,Vivo,Vivo Y51,5,29335.62,146678.1,Anjali Patel,39,Mumbai,Debit Card,5
645,2022-04-10,10,4,2022,Sunday,Apple,iPhone 12,6,68458.3,410749.80000000005,Kavita Mehta,51,Rajkot,Cash,5
646,2022-04-10,10,4,2022,Sunday,Xiaomi,Redmi 9,3,69179.69,207539.07,Anjali Sharma,57,Delhi,Debit Card,3
647,2022-04-10,10,4,2022,Sunday,OnePlus,OnePlus Nord,8,40756.3,326050.4,Pooja Pillai,20,Kolkata,Debit Card,4
648,2022-04-11,11,4,2022,Monday,Xiaomi,Redmi 9,4,66056.19,264224.76,Priyanka Ghosh,43,Jodhpur,UPI,5
649,2022-04-11,11,4,2022,Monday,Apple,iPhone SE,8,41363.84,330910.72,Manoj Jain,31,Delhi,Cash,5
650,2022-04-11,11,4,2022,Monday,Samsung,Galaxy S21,3,27495.29,82485.87,Harish Mehta,58,Madurai,Debit Card,5
651,2022-04-12,12,4,2022,Tuesday,Samsung,Galaxy A51,7,26013.96,182097.72,Priyanka Pathak,25,Madurai,Credit Card,5
652,2022-04-12,12,4,2022,Tuesday,Apple,iPhone SE,9,65770.34,591933.0599999999,Arun Dutta,33,Mumbai,Debit Card,3
653,2022-04-12,12,4,2022,Tuesday,Samsung,Galaxy S21,4,20346.78,81387.12,Amit Ghosh,59,Hyderabad,UPI,5
654,2022-04-13,13,4,2022,Wednesday,Samsung,Galaxy Note 20,8,44777.95,358223.6,Anita Shah,38,Coimbatore,Debit Card,4
655,2022-04-13,13,4,2022,Wednesday,Samsung,Galaxy Note 20,3,43331.5,129994.5,Tanuja Mathur,27,Hyderabad,Credit Card,5
656,2022-04-13,13,4,2022,Wednesday,OnePlus,OnePlus Nord,7,54377.3,380641.10000000003,Bhavana Sheth,42,Bangalore,Cash,3
657,2022-04-13,13,4,2022,Wednesday,OnePlus,OnePlus 8T,3,39954.57,119863.70999999999,Sachin Arora,55,Delhi,UPI,5
658,2022-04-14,14,4,2022,Thursday,Vivo,Vivo V20,7,26337.14,184359.97999999998,Rajesh Chatterjee,39,Mumbai,Cash,3
659,2022-04-14,14,4,2022,Thursday,Xiaomi,Redmi 9,6,20163.79,120982.74,Rajesh Prasad,21,Mumbai,UPI,5
660,2022-04-14,14,4,2022,Thursday,Apple,iPhone 12,2,47249.13,94498.26,Vijay Das,21,Bangalore,Credit Card,5
661,2022-04-15,15,4,2022,Friday,Apple,iPhone 11,3,53139.45,159418.34999999998,Sunita Verma,47,Vadodara,UPI,5
662,2022-04-15,15,4,2022,Friday,Apple,iPhone 11,6,44171.28,265027.68,Sunita Sharma,19,Rajkot,Cash,5
663,2022-04-15,15,4,2022,Friday,Vivo,Vivo S1,4,54301.08,217204.32,Radha Rao,46,Delhi,Cash,4
664,2022-04-16,16,4,2022,Saturday,OnePlus,OnePlus 8T,6,18491.27,110947.62,Amit Teja,53,Delhi,Debit Card,5
665,2022-04-16,16,4,2022,Saturday,Vivo,Vivo S1,1,62948.21,62948.21,Monika Dutta,38,Mumbai,Cash,5
666,2022-04-16,16,4,2022,Saturday,Apple,iPhone SE,1,44943.73,44943.73,Namita Kapoor,38,Hyderabad,Debit Card,3
667,2022-04-16,16,4,2022,Saturday,Xiaomi,Redmi Note 10,3,17610.64,52831.92,Sunita Ahuja,38,Hyderabad,Cash,5
668,2022-04-17,17,4,2022,Sunday,Samsung,Galaxy Note 20,8,37715.51,301724.08,Reena Desai,21,Delhi,Debit Card,3
669,2022-04-17,17,4,2022,Sunday,OnePlus,OnePlus 8T,8,60687.5,485500.0,Bhavana Mehta,18,Bhopal,Credit Card,5
670,2022-04-17,17,4,2022,Sunday,OnePlus,OnePlus Nord,4,63853.73,255414.92,Bina Teja,43,Mumbai,Debit Card,3
671,2022-04-18,18,4,2022,Monday,Vivo,Vivo S1,6,25878.97,155273.82,Ravi Kumar,19,Vadodara,Cash,5
672,2022-04-18,18,4,2022,Monday,OnePlus,OnePlus Nord,8,52675.95,421407.6,Sunil Singh,26,Delhi,Credit Card,5
673,2022-04-18,18,4,2022,Monday,Apple,iPhone SE,7,15999.11,111993.77,Meena Pillai,35,Gorakhpur,UPI,3
674,2022-04-19,19,4,2022,Tuesday,Apple,iPhone 12,7,12012.75,84089.25,Ayesha Siddiqui,59,Mumbai,Cash,4
675,2022-04-19,19,4,2022,Tuesday,Vivo,Vivo Y51,4,43623.94,174495.76,Bina Singh,58,Delhi,Debit Card,5
676,2022-04-19,19,4,2022,Tuesday,Apple,iPhone 12,9,51689.65,465206.85000000003,Lata Patel,28,Delhi,UPI,5
677,2022-04-20,20,4,2022,Wednesday,Xiaomi,Mi 11,6,57747.2,346483.19999999995,Lalita Shah,42,Kolkata,Debit Card,4
678,2022-04-20,20,4,2022,Wednesday,Vivo,Vivo V20,3,30412.97,91238.91,Pooja Dutta,43,Delhi,UPI,5
679,2022-04-20,20,4,2022,Wednesday,Xiaomi,Redmi 9,5,10391.52,51957.600000000006,Priya Mehta,53,Gorakhpur,Credit Card,4
680,2022-04-21,21,4,2022,Thursday,Samsung,Galaxy S21,5,38771.15,193855.75,Yogesh Mishra,59,Gorakhpur,Cash,5
681,2022-04-21,21,4,2022,Thursday,Xiaomi,Redmi Note 10,5,10951.21,54756.049999999996,Mala Goyal,52,Delhi,Credit Card,5
682,2022-04-21,21,4,2022,Thursday,Samsung,Galaxy A51,8,15519.07,124152.56,Vinod Chatterjee,55,Delhi,Cash,5
683,2022-04-22,22,4,2022,Friday,Samsung,Galaxy A51,9,29601.34,266412.06,Sunita Luthra,20,Coimbatore,UPI,5
684,2022-04-22,22,4,2022,Friday,Xiaomi,Mi 11,9,36230.32,326072.88,Anand Joshi,58,Ranchi,Credit Card,5
685,2022-04-22,22,4,2022,Friday,Vivo,Vivo Y51,6,26768.17,160609.02,Lata Chaudhary,52,Coimbatore,Cash,4
686,2022-04-22,22,4,2022,Friday,Apple,iPhone 12,6,44911.92,269471.52,Harish Mehta,57,Hyderabad,UPI,5
687,2022-04-23,23,4,2022,Saturday,Apple,iPhone 12,9,13320.99,119888.91,Neeta Menon,39,Mumbai,Credit Card,5
688,2022-04-23,23,4,2022,Saturday,Samsung,Galaxy S21,4,18674.78,74699.12,Pankaj Shah,25,Bangalore,Credit Card,3
689,2022-04-23,23,4,2022,Saturday,Samsung,Galaxy A51,6,51715.5,310293.0,Prashant Deshmukh,32,Delhi,Credit Card,5
690,2022-04-23,23,4,2022,Saturday,Vivo,Vivo Y51,4,18528.45,74113.8,Sunita Verma,24,Delhi,Credit Card,5
691,2022-04-24,24,4,2022,Sunday,OnePlus,OnePlus 9,1,48386.51,48386.51,Gita Teja,36,Hyderabad,Debit Card,5
692,2022-04-24,24,4,2022,Sunday,Xiaomi,Mi 11,7,13281.08,92967.56,Sachin Goyal,57,Bhopal,UPI,3
693,2022-04-24,24,4,2022,Sunday,Samsung,Galaxy Note 20,6,34442.94,206657.64,Bina Goyal,59,Ludhiana,Debit Card,5
694,2022-04-24,24,4,2022,Sunday,Apple,iPhone SE,9,20644.57,185801.13,Sneha Arora,34,Delhi,UPI,5
695,2022-04-25,25,4,2022,Monday,Vivo,Vivo S1,7,16578.18,116047.26000000001,Ravi Reddy,18,Ranchi,UPI,5
696,2022-04-25,25,4,2022,Monday,Xiaomi,Redmi Note 10,7,44021.97,308153.79000000004,Navin Pathak,46,Coimbatore,UPI,4
697,2022-04-25,25,4,2022,Monday,Vivo,Vivo V20,2,65700.15,131400.3,Nikhil Jain,30,Mumbai,Cash,3
698,2022-04-26,26,4,2022,Tuesday,Xiaomi,Redmi Note 10,9,13287.22,119584.98,Amit Ghosh,46,Rajkot,UPI,5
699,2022-04-26,26,4,2022,Tuesday,Xiaomi,Redmi Note 10,9,35293.25,317639.25,Lalita Rathod,58,Mumbai,Credit Card,5
700,2022-04-26,26,4,2022,Tuesday,Samsung,Galaxy S21,6,52452.13,314712.77999999997,Isha Kaur,59,Ranchi,Debit Card,5
701,2022-04-27,27,4,2022,Wednesday,Vivo,Vivo Y51,3,37761.27,113283.81,Vivek Mishra,23,Delhi,Credit Card,5
702,2022-04-27,27,4,2022,Wednesday,Vivo,Vivo Y51,1,58389.76,58389.76,Kavita Desai,22,Kanpur,Credit Card,5
703,2022-04-27,27,4,2022,Wednesday,Apple,iPhone SE,4,20778.72,83114.88,Anjali Pathak,51,Hyderabad,Debit Card,4
704,2022-04-28,28,4,2022,Thursday,Apple,iPhone SE,3,67575.65,202726.94999999998,Monika Rathod,28,Mumbai,Credit Card,5
705,2022-04-28,28,4,2022,Thursday,Samsung,Galaxy Note 20,1,33109.76,33109.76,Anita Kulkarni,26,Delhi,Cash,5
706,2022-04-28,28,4,2022,Thursday,Samsung,Galaxy A51,3,30494.18,91482.54000000001,Namita Patel,55,Mumbai,Credit Card,5
707,2022-04-28,28,4,2022,Thursday,OnePlus,OnePlus Nord,4,62476.35,249905.4,Priyanka Goyal,57,Delhi,Credit Card,5
708,2022-04-29,29,4,2022,Friday,Apple,iPhone 12,8,43832.02,350656.16,Bina Siddiqui,58,Delhi,Debit Card,5
709,2022-04-29,29,4,2022,Friday,Xiaomi,Redmi 9,9,40986.66,368879.94000000006,Meena Verma,26,Jodhpur,Credit Card,5
710,2022-04-29,29,4,2022,Friday,Vivo,Vivo S1,3,53618.68,160856.04,Aditya Rao,25,Indore,Debit Card,5
711,2022-04-30,30,4,2022,Saturday,Samsung,Galaxy A51,6,44790.05,268740.30000000005,Rohan Goyal,57,Mumbai,UPI,3
712,2022-04-30,30,4,2022,Saturday,Vivo,Vivo Y51,5,19750.94,98754.7,Amit Chatterjee,20,Kolkata,UPI,5
713,2022-04-30,30,4,2022,Saturday,Vivo,Vivo Y51,6,50451.86,302711.16000000003,Devendra Singh,30,Chennai,Cash,5
714,2022-05-01,1,5,2022,Sunday,OnePlus,OnePlus 9,4,18008.13,72032.52,Bhavana Malhotra,36,Jodhpur,Debit Card,5
715,2022-05-01,1,5,2022,Sunday,Apple,iPhone SE,6,58351.46,350108.76,Lata Shah,51,Bhopal,Debit Card,4
716,2022-05-01,1,5,2022,Sunday,Samsung,Galaxy Note 20,7,69384.2,485689.39999999997,Vijay Malhotra,49,Mumbai,Debit Card,5
717,2022-05-01,1,5,2022,Sunday,Vivo,Vivo V20,9,32643.26,293789.33999999997,Tapan Luthra,33,Delhi,Cash,5
718,2022-05-02,2,5,2022,Monday,Samsung,Galaxy A51,7,36685.35,256797.44999999998,Vivek Alva,53,Delhi,Cash,4
719,2022-05-02,2,5,2022,Monday,Xiaomi,Redmi Note 10,6,12786.02,76716.12,Manoj Luthra,35,Kolkata,Credit Card,5
720,2022-05-02,2,5,2022,Monday,OnePlus,OnePlus 9,1,10823.99,10823.99,Sachin Jain,31,Bhopal,Debit Card,5
721,2022-05-03,3,5,2022,Tuesday,Xiaomi,Redmi 9,2,65285.16,130570.32,Sumit Joshi,47,Kolkata,Cash,5
722,2022-05-03,3,5,2022,Tuesday,Samsung,Galaxy Note 20,1,17717.44,17717.44,Bhavana Varma,19,Delhi,UPI,4
723,2022-05-03,3,5,2022,Tuesday,Samsung,Galaxy A51,9,36746.72,330720.48,Jyoti Alva,30,Indore,UPI,5
724,2022-05-03,3,5,2022,Tuesday,Apple,iPhone SE,9,58921.28,530291.52,Amit Ghosh,44,Madurai,Debit Card,5
725,2022-05-04,4,5,2022,Wednesday,Vivo,Vivo S1,7,63359.13,443513.91,Arun Sheth,34,Gorakhpur,UPI,5
726,2022-05-04,4,5,2022,Wednesday,Vivo,Vivo Y51,2,41163.86,82327.72,Meena Malhotra,48,Delhi,Credit Card,4
727,2022-05-04,4,5,2022,Wednesday,Xiaomi,Redmi 9,6,43901.95,263411.69999999995,Pankaj Shah,32,Chennai,Credit Card,4
728,2022-05-04,4,5,2022,Wednesday,OnePlus,OnePlus 8T,4,50181.04,200724.16,Ravi Varma,37,Hyderabad,Debit Card,5
729,2022-05-05,5,5,2022,Thursday,Vivo,Vivo V20,1,67682.95,67682.95,Tanuja Reddy,22,Delhi,Cash,4
730,2022-05-05,5,5,2022,Thursday,Apple,iPhone 11,1,46160.2,46160.2,Sunita Mehta,24,Delhi,Cash,5
731,2022-05-05,5,5,2022,Thursday,Xiaomi,Redmi Note 10,5,43568.52,217842.59999999998,Lalita Patel,35,Hyderabad,Cash,4
732,2022-05-05,5,5,2022,Thursday,Xiaomi,Redmi Note 10,2,10872.05,21744.1,Anjali Thakur,28,Delhi,Cash,3
733,2022-05-06,6,5,2022,Friday,Apple,iPhone SE,4,14856.98,59427.92,Yogesh Malhotra,49,Delhi,Debit Card,5
734,2022-05-06,6,5,2022,Friday,OnePlus,OnePlus 8T,1,44630.3,44630.3,Deepika Malhotra,44,Bhopal,Credit Card,5
735,2022-05-06,6,5,2022,Friday,Apple,iPhone 12,4,66174.42,264697.68,Sunil Varma,43,Delhi,Debit Card,5
736,2022-05-07,7,5,2022,Saturday,OnePlus,OnePlus 9,6,62001.48,372008.88,Jyoti Iyer,54,Mumbai,Debit Card,5
737,2022-05-07,7,5,2022,Saturday,Apple,iPhone 11,4,68954.74,275818.96,Sneha Patel,45,Delhi,UPI,3
738,2022-05-07,7,5,2022,Saturday,Apple,iPhone 11,1,41670.04,41670.04,Yogesh Roy,19,Gorakhpur,Credit Card,5
739,2022-05-08,8,5,2022,Sunday,Samsung,Galaxy S21,7,57275.86,400931.02,Kavita Siddiqui,37,Delhi,Cash,5
740,2022-05-08,8,5,2022,Sunday,Xiaomi,Redmi Note 10,2,60424.02,120848.04,Pooja Arora,21,Delhi,Credit Card,5
741,2022-05-08,8,5,2022,Sunday,Apple,iPhone 11,9,48881.9,439937.10000000003,Arun Ghosh,30,Ranchi,UPI,5
742,2022-05-09,9,5,2022,Monday,Apple,iPhone 11,3,30324.99,90974.97,Aditya Luthra,41,Bangalore,Debit Card,5
743,2022-05-09,9,5,2022,Monday,Vivo,Vivo V20,8,38198.71,305589.68,Navin Chaudhary,55,Bangalore,Credit Card,4
744,2022-05-09,9,5,2022,Monday,Xiaomi,Redmi 9,8,61475.02,491800.16,Kunal Deshmukh,57,Delhi,UPI,5
745,2022-05-10,10,5,2022,Tuesday,Vivo,Vivo Y51,3,27912.88,83738.64,Pankaj Srivastava,46,Mumbai,Debit Card,5
746,2022-05-10,10,5,2022,Tuesday,Xiaomi,Redmi Note 10,4,65424.59,261698.36,Krishna Pillai,53,Delhi,Cash,3
747,2022-05-10,10,5,2022,Tuesday,Vivo,Vivo V20,2,23788.38,47576.76,Mala Mathur,19,Delhi,Credit Card,5
748,2022-05-11,11,5,2022,Wednesday,Apple,iPhone SE,4,54970.98,219883.92,Navin Kapoor,58,Delhi,Cash,4
749,2022-05-11,11,5,2022,Wednesday,Apple,iPhone 11,9,47833.55,430501.95,Neeta Ghosh,35,Mumbai,Cash,4
750,2022-05-11,11,5,2022,Wednesday,Samsung,Galaxy S21,2,54975.97,109951.94,Manoj Kulkarni,25,Delhi,UPI,5
751,2022-05-12,12,5,2022,Thursday,Vivo,Vivo S1,3,36240.85,108722.54999999999,Ravi Ghosh,32,Mumbai,UPI,5
752,2022-05-12,12,5,2022,Thursday,OnePlus,OnePlus 8T,4,65958.46,263833.84,Kiran Siddiqui,58,Kanpur,Debit Card,5
753,2022-05-12,12,5,2022,Thursday,Samsung,Galaxy A51,5,47948.33,239741.65000000002,Mala Verma,34,Vadodara,Cash,4
754,2022-05-13,13,5,2022,Friday,Vivo,Vivo V20,1,27297.75,27297.75,Jyoti Ahuja,40,Delhi,UPI,4
755,2022-05-13,13,5,2022,Friday,Vivo,Vivo S1,7,48307.3,338151.10000000003,Umesh Kaur,19,Mumbai,UPI,3
756,2022-05-13,13,5,2022,Friday,Samsung,Galaxy S21,7,27208.94,190462.58,Nikhil Varma,23,Bhopal,Cash,3
757,2022-05-13,13,5,2022,Friday,Apple,iPhone 12,9,27617.94,248561.46,Namita Mehta,46,Rajkot,Debit Card,4
758,2022-05-14,14,5,2022,Saturday,Vivo,Vivo S1,4,33975.91,135903.64,Isha Dutta,44,Madurai,Cash,3
759,2022-05-14,14,5,2022,Saturday,Apple,iPhone SE,6,61145.83,366874.98,Vinod Arora,54,Vadodara,Debit Card,3
760,2022-05-14,14,5,2022,Saturday,Samsung,Galaxy S21,2,40017.87,80035.74,Meena Mathur,51,Mumbai,Debit Card,3
761,2022-05-15,15,5,2022,Sunday,Apple,iPhone SE,4,50734.05,202936.2,Sunil Kumar,35,Madurai,UPI,4
762,2022-05-15,15,5,2022,Sunday,Xiaomi,Mi 11,2,33518.06,67036.12,Rohan Singh,59,Delhi,Cash,5
763,2022-05-15,15,5,2022,Sunday,OnePlus,OnePlus 8T,5,25816.33,129081.65000000001,Anand Kapoor,27,Vadodara,Cash,5
764,2022-05-15,15,5,2022,Sunday,Vivo,Vivo S1,7,67278.41,470948.87,Mala Ghosh,55,Rajkot,UPI,5
765,2022-05-16,16,5,2022,Monday,OnePlus,OnePlus Nord,1,46214.87,46214.87,Priya Kaur,34,Mumbai,Credit Card,3
766,2022-05-16,16,5,2022,Monday,Apple,iPhone 11,7,66037.08,462259.56,Meena Joshi,30,Mumbai,Credit Card,5
767,2022-05-16,16,5,2022,Monday,Vivo,Vivo V20,6,22204.78,133228.68,Sachin Joshi,59,Madurai,Cash,5
768,2022-05-17,17,5,2022,Tuesday,Apple,iPhone 12,6,18813.65,112881.90000000001,Arun Dutta,44,Bangalore,UPI,5
769,2022-05-17,17,5,2022,Tuesday,Xiaomi,Mi 11,8,61349.37,490794.96,Sunita Nair,19,Madurai,Debit Card,3
770,2022-05-17,17,5,2022,Tuesday,Samsung,Galaxy S21,8,50855.03,406840.24,Rajesh Kaur,51,Patna,Debit Card,5
771,2022-05-18,18,5,2022,Wednesday,Vivo,Vivo S1,6,21194.71,127168.26,Anand Kaur,48,Coimbatore,Cash,5
772,2022-05-18,18,5,2022,Wednesday,Xiaomi,Redmi 9,3,26161.58,78484.74,Kunal Yadav,40,Mumbai,UPI,5
773,2022-05-18,18,5,2022,Wednesday,Xiaomi,Mi 11,5,58039.84,290199.19999999995,Rohan Sheth,24,Delhi,Cash,5
774,2022-05-19,19,5,2022,Thursday,Vivo,Vivo Y51,2,37232.12,74464.24,Vivek Bhattacharya,55,Kanpur,Cash,5
775,2022-05-19,19,5,2022,Thursday,Apple,iPhone 11,5,50232.43,251162.15,Ravi Gupta,50,Delhi,UPI,3
776,2022-05-19,19,5,2022,Thursday,Xiaomi,Mi 11,9,29101.12,261910.08,Ravi Bhattacharya,29,Delhi,Cash,5
777,2022-05-19,19,5,2022,Thursday,OnePlus,OnePlus 9,1,32873.8,32873.8,Deepika Shah,29,Kolkata,Debit Card,4
778,2022-05-20,20,5,2022,Friday,Xiaomi,Redmi Note 10,5,69442.75,347213.75,Shruti Shah,36,Mumbai,Credit Card,3
779,2022-05-20,20,5,2022,Friday,Apple,iPhone 12,6,24857.03,149142.18,Namita Mehta,26,Delhi,Debit Card,4
780,2022-05-20,20,5,2022,Friday,Apple,iPhone SE,7,40387.38,282711.66,Radha Pathak,27,Rajkot,Credit Card,5
781,2022-05-20,20,5,2022,Friday,OnePlus,OnePlus Nord,9,60664.14,545977.26,Arun Chaudhary,34,Delhi,UPI,5
782,2022-05-21,21,5,2022,Saturday,Xiaomi,Mi 11,6,24353.39,146120.34,Arun Goyal,57,Delhi,Cash,3
783,2022-05-21,21,5,2022,Saturday,Apple,iPhone 11,5,34912.83,174564.15000000002,Umesh Srivastava,56,Indore,Credit Card,3
784,2022-05-21,21,5,2022,Saturday,Vivo,Vivo V20,7,46905.48,328338.36000000004,Deepika Patel,58,Chennai,UPI,5
785,2022-05-21,21,5,2022,Saturday,Samsung,Galaxy S21,1,38871.29,38871.29,Amit Prasad,27,Mumbai,UPI,2
786,2022-05-22,22,5,2022,Sunday,Samsung,Galaxy S21,5,37570.14,187850.7,Yogesh Sharma,29,Delhi,UPI,5
787,2022-05-22,22,5,2022,Sunday,Samsung,Galaxy Note 20,2,31750.58,63501.16,Monika Deshmukh,32,Delhi,Debit Card,5
788,2022-05-22,22,5,2022,Sunday,Xiaomi,Redmi Note 10,4,45198.78,180795.12,Tanuja Dutta,48,Rajkot,Debit Card,3
789,2022-05-22,22,5,2022,Sunday,OnePlus,OnePlus 8T,7,47462.36,332236.52,Sunil Patel,32,Indore,Credit Card,2
790,2022-05-23,23,5,2022,Monday,Apple,iPhone 11,5,49197.37,245986.85,Amit Sheth,45,Mumbai,Credit Card,3
791,2022-05-23,23,5,2022,Monday,Vivo,Vivo S1,6,14222.09,85332.54000000001,Vivek Luthra,21,Mumbai,Debit Card,4
792,2022-05-23,23,5,2022,Monday,Vivo,Vivo S1,2,47862.05,95724.1,Radha Alva,53,Gorakhpur,Credit Card,3
793,2022-05-24,24,5,2022,Tuesday,Xiaomi,Mi 11,3,67194.23,201582.69,Radha Alva,18,Coimbatore,Credit Card,5
794,2022-05-24,24,5,2022,Tuesday,Samsung,Galaxy S21,7,42459.17,297214.19,Tapan Rawat,51,Mumbai,Cash,5
795,2022-05-24,24,5,2022,Tuesday,Xiaomi,Mi 11,2,52916.02,105832.04,Sumit Roy,34,Ludhiana,Credit Card,3
796,2022-05-24,24,5,2022,Tuesday,OnePlus,OnePlus 8T,6,43403.94,260423.64,Sachin Shah,56,Delhi,UPI,4
797,2022-05-25,25,5,2022,Wednesday,OnePlus,OnePlus 8T,5,61284.44,306422.2,Sunil Jain,55,Mumbai,Cash,4
798,2022-05-25,25,5,2022,Wednesday,Apple,iPhone 11,1,65774.99,65774.99,Bina Mishra,50,Ludhiana,Credit Card,5
799,2022-05-25,25,5,2022,Wednesday,Apple,iPhone SE,4,21053.19,84212.76,Arun Yadav,38,Indore,Cash,4
800,2022-05-26,26,5,2022,Thursday,OnePlus,OnePlus Nord,2,36211.6,72423.2,Jyoti Bhattacharya,43,Delhi,UPI,5
801,2022-05-26,26,5,2022,Thursday,OnePlus,OnePlus 8T,4,33542.93,134171.72,Sunita Teja,53,Hyderabad,Credit Card,5
802,2022-05-26,26,5,2022,Thursday,OnePlus,OnePlus Nord,1,34312.91,34312.91,Kiran Siddiqui,22,Kanpur,Cash,5
803,2022-05-27,27,5,2022,Friday,Xiaomi,Redmi 9,2,17531.45,35062.9,Meena Yadav,50,Bangalore,Credit Card,2
804,2022-05-27,27,5,2022,Friday,OnePlus,OnePlus 9,8,58816.94,470535.52,Mala Malhotra,18,Delhi,Cash,4
805,2022-05-27,27,5,2022,Friday,Vivo,Vivo S1,6,12145.97,72875.81999999999,Anita Srivastava,23,Delhi,Cash,4
806,2022-05-27,27,5,2022,Friday,Samsung,Galaxy A51,2,41693.6,83387.2,Sachin Varma,54,Bhopal,UPI,3
807,2022-05-28,28,5,2022,Saturday,OnePlus,OnePlus 8T,6,49712.7,298276.19999999995,Pankaj Shah,19,Coimbatore,UPI,2
808,2022-05-28,28,5,2022,Saturday,Samsung,Galaxy A51,9,22448.17,202033.52999999997,Prashant Shah,22,Kolkata,Credit Card,3
809,2022-05-28,28,5,2022,Saturday,Xiaomi,Redmi 9,7,64351.01,450457.07,Navin Gupta,43,Mumbai,Debit Card,5
810,2022-05-28,28,5,2022,Saturday,Samsung,Galaxy A51,9,60312.95,542816.5499999999,Pankaj Alva,58,Indore,Credit Card,5
811,2022-05-29,29,5,2022,Sunday,Xiaomi,Mi 11,5,38265.02,191325.09999999998,Amit Joshi,30,Delhi,Cash,4
812,2022-05-29,29,5,2022,Sunday,Vivo,Vivo Y51,7,34668.94,242682.58000000002,Prashant Chatterjee,29,Mumbai,UPI,5
813,2022-05-29,29,5,2022,Sunday,Xiaomi,Redmi 9,7,24194.08,169358.56,Jyoti Gupta,22,Lucknow,UPI,5
814,2022-05-29,29,5,2022,Sunday,Xiaomi,Mi 11,3,53799.59,161398.77,Meena Malhotra,19,Coimbatore,Cash,5
815,2022-05-30,30,5,2022,Monday,Apple,iPhone 11,7,17904.63,125332.41,Priya Roy,21,Delhi,Debit Card,2
816,2022-05-30,30,5,2022,Monday,OnePlus,OnePlus 9,1,50814.27,50814.27,Shruti Verma,44,Hyderabad,UPI,3
817,2022-05-30,30,5,2022,Monday,OnePlus,OnePlus Nord,9,60547.42,544926.78,Priya Singh,27,Jodhpur,Debit Card,4
818,2022-05-30,30,5,2022,Monday,Vivo,Vivo V20,6,23708.29,142249.74,Amit Goyal,30,Delhi,UPI,4
819,2022-05-31,31,5,2022,Tuesday,Vivo,Vivo S1,5,61985.64,309928.2,Aditya Nair,19,Indore,Cash,5
820,2022-05-31,31,5,2022,Tuesday,OnePlus,OnePlus Nord,7,11999.39,83995.73,Aditya Jain,43,Mumbai,Credit Card,2
821,2022-05-31,31,5,2022,Tuesday,Apple,iPhone 12,5,64767.24,323836.2,Aditya Rao,32,Mumbai,Credit Card,5
822,2022-05-31,31,5,2022,Tuesday,OnePlus,OnePlus 9,5,17101.73,85508.65,Anita Menon,27,Kolkata,Debit Card,2
823,2022-06-01,1,6,2022,Wednesday,Apple,iPhone SE,7,48745.55,341218.85000000003,Pooja Joshi,39,Rajkot,Credit Card,4
824,2022-06-01,1,6,2022,Wednesday,Vivo,Vivo V20,7,25004.95,175034.65,Krishna Goyal,57,Delhi,Cash,3
825,2022-06-01,1,6,2022,Wednesday,Samsung,Galaxy S21,3,60193.14,180579.41999999998,Sumit Teja,42,Delhi,Credit Card,5
826,2022-06-01,1,6,2022,Wednesday,Vivo,Vivo Y51,3,40738.02,122214.06,Kiran Mathur,32,Delhi,Debit Card,5
827,2022-06-02,2,6,2022,Thursday,Vivo,Vivo S1,3,18114.47,54343.41,Bina Solanki,30,Kanpur,Cash,5
828,2022-06-02,2,6,2022,Thursday,Xiaomi,Mi 11,6,44259.49,265556.94,Sneha Yadav,25,Lucknow,Cash,5
829,2022-06-02,2,6,2022,Thursday,Xiaomi,Redmi 9,6,34472.96,206837.76,Pooja Kaur,38,Delhi,UPI,3
830,2022-06-02,2,6,2022,Thursday,Xiaomi,Mi 11,3,49686.87,149060.61000000002,Namita Ghosh,38,Mumbai,UPI,4
831,2022-06-03,3,6,2022,Friday,Xiaomi,Redmi 9,3,62914.2,188742.59999999998,Sunita Mathur,39,Rajkot,Credit Card,4
832,2022-06-03,3,6,2022,Friday,Apple,iPhone 11,8,34563.35,276506.8,Vivek Srivastava,50,Delhi,Debit Card,2
833,2022-06-03,3,6,2022,Friday,OnePlus,OnePlus Nord,8,27392.84,219142.72,Radha Sheth,44,Delhi,Cash,2
834,2022-06-03,3,6,2022,Friday,Samsung,Galaxy Note 20,7,10870.91,76096.37,Nikhil Menon,57,Ludhiana,Credit Card,4
835,2022-06-04,4,6,2022,Saturday,Vivo,Vivo V20,4,44490.34,177961.36,Aditya Kulkarni,39,Kolkata,Credit Card,5
836,2022-06-04,4,6,2022,Saturday,Apple,iPhone SE,4,34136.49,136545.96,Krishna Rathod,47,Delhi,UPI,3
837,2022-06-04,4,6,2022,Saturday,Samsung,Galaxy S21,3,32478.95,97436.85,Reena Arora,26,Patna,Credit Card,4
838,2022-06-05,5,6,2022,Sunday,Apple,iPhone 11,5,20976.12,104880.59999999999,Anita Pathak,52,Mumbai,Credit Card,3
839,2022-06-05,5,6,2022,Sunday,Apple,iPhone SE,3,35803.32,107409.95999999999,Yogesh Rao,35,Coimbatore,UPI,5
840,2022-06-05,5,6,2022,Sunday,Vivo,Vivo Y51,8,69066.52,552532.16,Umesh Teja,59,Indore,Credit Card,5
841,2022-06-05,5,6,2022,Sunday,OnePlus,OnePlus 8T,7,27865.25,195056.75,Vivek Yadav,22,Hyderabad,Credit Card,5
842,2022-06-06,6,6,2022,Monday,Xiaomi,Redmi Note 10,3,45982.26,137946.78,Sunil Siddiqui,44,Delhi,Cash,4
843,2022-06-06,6,6,2022,Monday,OnePlus,OnePlus Nord,9,56589.21,509302.89,Vivek Srivastava,23,Patna,Credit Card,2
844,2022-06-06,6,6,2022,Monday,Vivo,Vivo Y51,5,54949.47,274747.35,Navin Pathak,49,Ranchi,UPI,4
845,2022-06-06,6,6,2022,Monday,Vivo,Vivo V20,9,29726.46,267538.14,Tanuja Goyal,25,Delhi,UPI,5
846,2022-06-07,7,6,2022,Tuesday,Vivo,Vivo V20,7,46651.61,326561.27,Tanuja Bhatnagar,56,Delhi,Cash,3
847,2022-06-07,7,6,2022,Tuesday,Samsung,Galaxy S21,7,62275.88,435931.16,Monika Srivastava,38,Rajkot,UPI,4
848,2022-06-07,7,6,2022,Tuesday,OnePlus,OnePlus 9,6,10926.85,65561.1,Priyanka Goyal,35,Kanpur,UPI,2
849,2022-06-08,8,6,2022,Wednesday,OnePlus,OnePlus 8T,2,36144.06,72288.12,Harish Prasad,31,Mumbai,UPI,5
850,2022-06-08,8,6,2022,Wednesday,Apple,iPhone 11,9,23456.41,211107.69,Vinod Ahuja,32,Patna,Credit Card,4
851,2022-06-08,8,6,2022,Wednesday,Apple,iPhone 11,6,33317.94,199907.64,Tapan Gupta,59,Ludhiana,Cash,5
852,2022-06-08,8,6,2022,Wednesday,Apple,iPhone SE,8,34959.38,279675.04,Tapan Joshi,43,Lucknow,Debit Card,5
853,2022-06-09,9,6,2022,Thursday,Vivo,Vivo S1,1,54800.26,54800.26,Krishna Menon,49,Delhi,Cash,5
854,2022-06-09,9,6,2022,Thursday,OnePlus,OnePlus 9,5,15629.31,78146.55,Pankaj Sheth,56,Mumbai,Cash,3
855,2022-06-09,9,6,2022,Thursday,Vivo,Vivo Y51,1,40755.03,40755.03,Anand Srivastava,45,Mumbai,Cash,5
856,2022-06-10,10,6,2022,Friday,Samsung,Galaxy S21,8,43851.69,350813.52,Rohan Dutta,56,Delhi,Debit Card,5
857,2022-06-10,10,6,2022,Friday,Apple,iPhone 11,8,39649.46,317195.68,Pooja Kaur,49,Delhi,Debit Card,2
858,2022-06-10,10,6,2022,Friday,Vivo,Vivo S1,1,53912.4,53912.4,Yogesh Kulkarni,30,Kanpur,UPI,2
859,2022-06-11,11,6,2022,Saturday,Vivo,Vivo V20,9,33027.48,297247.32,Sachin Joshi,32,Ranchi,Credit Card,5
860,2022-06-11,11,6,2022,Saturday,Samsung,Galaxy Note 20,2,66698.02,133396.04,Devendra Rao,35,Indore,UPI,2
861,2022-06-11,11,6,2022,Saturday,Xiaomi,Mi 11,9,38908.21,350173.89,Manoj Pathak,56,Ranchi,UPI,5
862,2022-06-11,11,6,2022,Saturday,OnePlus,OnePlus 8T,1,44272.83,44272.83,Kunal Deshmukh,23,Gorakhpur,Debit Card,4
863,2022-06-12,12,6,2022,Sunday,Xiaomi,Redmi Note 10,9,59531.85,535786.65,Ayesha Ghosh,28,Ranchi,UPI,5
864,2022-06-12,12,6,2022,Sunday,Apple,iPhone SE,4,26514.17,106056.68,Rohan Mishra,49,Mumbai,UPI,4
865,2022-06-12,12,6,2022,Sunday,Vivo,Vivo Y51,9,14512.12,130609.08,Sumit Alva,57,Ludhiana,Debit Card,2
866,2022-06-13,13,6,2022,Monday,Samsung,Galaxy S21,7,52467.04,367269.28,Anita Mehta,37,Mumbai,Cash,3
867,2022-06-13,13,6,2022,Monday,Samsung,Galaxy Note 20,6,38980.71,233884.26,Umesh Menon,50,Kolkata,Cash,3
868,2022-06-13,13,6,2022,Monday,OnePlus,OnePlus 9,5,63790.26,318951.3,Deepika Gupta,57,Indore,Debit Card,5
869,2022-06-14,14,6,2022,Tuesday,Xiaomi,Redmi 9,9,68960.8,620647.2000000001,Tanuja Dutta,25,Kolkata,Credit Card,5
870,2022-06-14,14,6,2022,Tuesday,OnePlus,OnePlus 8T,2,33946.56,67893.12,Sachin Rawat,52,Vadodara,UPI,2
871,2022-06-14,14,6,2022,Tuesday,Vivo,Vivo V20,2,34926.34,69852.68,Ayesha Kaur,22,Jodhpur,Cash,3
872,2022-06-15,15,6,2022,Wednesday,OnePlus,OnePlus 8T,9,34477.76,310299.84,Anjali Ahuja,52,Coimbatore,Debit Card,3
873,2022-06-15,15,6,2022,Wednesday,Samsung,Galaxy S21,3,29473.25,88419.75,Isha Nair,31,Jodhpur,Credit Card,5
874,2022-06-15,15,6,2022,Wednesday,Samsung,Galaxy A51,8,56901.23,455209.84,Bhavana Kapoor,38,Lucknow,UPI,3
875,2022-06-16,16,6,2022,Thursday,Apple,iPhone SE,9,55539.75,499857.75,Prashant Dutta,41,Bhopal,Debit Card,5
876,2022-06-16,16,6,2022,Thursday,Apple,iPhone 12,8,38718.69,309749.52,Anand Kaur,34,Rajkot,Debit Card,5
877,2022-06-16,16,6,2022,Thursday,Vivo,Vivo S1,4,12679.67,50718.68,Deepika Verma,35,Kanpur,Debit Card,3
878,2022-06-16,16,6,2022,Thursday,Xiaomi,Mi 11,1,28573.56,28573.56,Kiran Rathod,51,Madurai,UPI,4
879,2022-06-17,17,6,2022,Friday,OnePlus,OnePlus Nord,4,27538.18,110152.72,Meena Das,29,Mumbai,Cash,2
880,2022-06-17,17,6,2022,Friday,Vivo,Vivo Y51,9,58665.23,527987.0700000001,Pankaj Srivastava,33,Delhi,UPI,5
881,2022-06-17,17,6,2022,Friday,Apple,iPhone SE,2,15254.53,30509.06,Sneha Rao,21,Ranchi,UPI,3
882,2022-06-18,18,6,2022,Saturday,OnePlus,OnePlus Nord,3,58340.52,175021.56,Nikhil Patel,42,Jodhpur,Cash,3
883,2022-06-18,18,6,2022,Saturday,Apple,iPhone 11,8,50151.02,401208.16,Lalita Siddiqui,51,Delhi,Debit Card,5
884,2022-06-18,18,6,2022,Saturday,OnePlus,OnePlus Nord,6,53946.49,323678.94,Radha Kulkarni,45,Delhi,Credit Card,4
885,2022-06-18,18,6,2022,Saturday,Xiaomi,Mi 11,8,35932.79,287462.32,Meena Kumar,28,Vadodara,Credit Card,3
886,2022-06-19,19,6,2022,Sunday,Vivo,Vivo Y51,7,50783.55,355484.85000000003,Vinod Chatterjee,30,Kolkata,Cash,5
887,2022-06-19,19,6,2022,Sunday,OnePlus,OnePlus Nord,5,46541.74,232708.69999999998,Priyanka Nambiar,48,Rajkot,Cash,2
888,2022-06-19,19,6,2022,Sunday,Samsung,Galaxy A51,9,56138.81,505249.29,Reena Teja,42,Delhi,Debit Card,5
889,2022-06-20,20,6,2022,Monday,Samsung,Galaxy Note 20,4,36806.19,147224.76,Manoj Jain,56,Coimbatore,Credit Card,3
890,2022-06-20,20,6,2022,Monday,OnePlus,OnePlus 9,6,38369.54,230217.24,Ramesh Mishra,27,Delhi,Credit Card,2
891,2022-06-20,20,6,2022,Monday,OnePlus,OnePlus Nord,2,48614.57,97229.14,Anita Srivastava,41,Kolkata,Debit Card,5
892,2022-06-21,21,6,2022,Tuesday,OnePlus,OnePlus Nord,2,16484.65,32969.3,Namita Sheth,18,Kolkata,Cash,5
893,2022-06-21,21,6,2022,Tuesday,Samsung,Galaxy S21,2,36174.67,72349.34,Mala Chatterjee,42,Gorakhpur,Cash,5
894,2022-06-21,21,6,2022,Tuesday,Samsung,Galaxy S21,7,68317.05,478219.35000000003,Sumit Joshi,45,Gorakhpur,Debit Card,4
895,2022-06-22,22,6,2022,Wednesday,OnePlus,OnePlus Nord,2,12253.14,24506.28,Vivek Bhatnagar,53,Delhi,Cash,5
896,2022-06-22,22,6,2022,Wednesday,Apple,iPhone SE,2,28960.28,57920.56,Radha Kulkarni,35,Ranchi,UPI,5
897,2022-06-22,22,6,2022,Wednesday,Apple,iPhone SE,9,28846.59,259619.31,Tapan Deshmukh,23,Delhi,Cash,4
898,2022-06-23,23,6,2022,Thursday,Xiaomi,Redmi Note 10,7,48007.85,336054.95,Sachin Rao,19,Delhi,UPI,5
899,2022-06-23,23,6,2022,Thursday,Vivo,Vivo S1,3,16348.02,49044.06,Gita Teja,20,Delhi,Credit Card,5
900,2022-06-23,23,6,2022,Thursday,Apple,iPhone 12,3,47712.64,143137.91999999998,Priya Patel,25,Delhi,Credit Card,4
901,2022-06-23,23,6,2022,Thursday,Samsung,Galaxy S21,7,15702.41,109916.87,Anand Thakur,48,Lucknow,Cash,5
902,2022-06-24,24,6,2022,Friday,Apple,iPhone 11,5,15697.22,78486.09999999999,Sneha Thakur,36,Patna,Debit Card,2
903,2022-06-24,24,6,2022,Friday,Xiaomi,Redmi Note 10,6,53691.0,322146.0,Arun Deshmukh,23,Mumbai,Cash,3
904,2022-06-24,24,6,2022,Friday,Xiaomi,Mi 11,8,29448.11,235584.88,Isha Nair,31,Rajkot,Debit Card,5
905,2022-06-24,24,6,2022,Friday,Vivo,Vivo V20,9,68645.38,617808.42,Bina Joshi,20,Gorakhpur,Credit Card,5
906,2022-06-25,25,6,2022,Saturday,Apple,iPhone 12,1,12241.18,12241.18,Arun Dutta,18,Lucknow,Credit Card,3
907,2022-06-25,25,6,2022,Saturday,Samsung,Galaxy Note 20,3,36706.4,110119.20000000001,Aditya Luthra,47,Indore,Credit Card,5
908,2022-06-25,25,6,2022,Saturday,Samsung,Galaxy Note 20,7,16788.16,117517.12,Kiran Rawat,36,Mumbai,Debit Card,3
909,2022-06-26,26,6,2022,Sunday,OnePlus,OnePlus 8T,6,31082.74,186496.44,Ramesh Chatterjee,36,Delhi,Debit Card,4
910,2022-06-26,26,6,2022,Sunday,Samsung,Galaxy Note 20,7,69893.35,489253.45000000007,Meena Mathur,26,Bhopal,Credit Card,5
911,2022-06-26,26,6,2022,Sunday,Vivo,Vivo Y51,8,63330.55,506644.4,Krishna Mehta,24,Delhi,Cash,5
912,2022-06-27,27,6,2022,Monday,Vivo,Vivo Y51,6,12899.46,77396.76,Pankaj Desai,54,Coimbatore,Debit Card,2
913,2022-06-27,27,6,2022,Monday,Samsung,Galaxy Note 20,3,43795.35,131386.05,Navin Joshi,58,Hyderabad,UPI,2
914,2022-06-27,27,6,2022,Monday,Samsung,Galaxy S21,2,48869.34,97738.68,Ravi Teja,24,Lucknow,Credit Card,3
915,2022-06-27,27,6,2022,Monday,OnePlus,OnePlus 9,7,22572.08,158004.56,Neeta Mishra,26,Hyderabad,Debit Card,4
916,2022-06-28,28,6,2022,Tuesday,Samsung,Galaxy Note 20,1,18706.33,18706.33,Vijay Siddiqui,21,Jodhpur,Credit Card,3
917,2022-06-28,28,6,2022,Tuesday,OnePlus,OnePlus Nord,3,64262.87,192788.61000000002,Sumit Malhotra,42,Mumbai,UPI,5
918,2022-06-28,28,6,2022,Tuesday,OnePlus,OnePlus 8T,4,68128.99,272515.96,Vivek Alva,29,Bangalore,Cash,5
919,2022-06-29,29,6,2022,Wednesday,Samsung,Galaxy A51,1,69513.57,69513.57,Pooja Deshmukh,23,Delhi,UPI,3
920,2022-06-29,29,6,2022,Wednesday,Xiaomi,Redmi Note 10,5,57385.71,286928.55,Arun Gupta,35,Madurai,Cash,3
921,2022-06-29,29,6,2022,Wednesday,Xiaomi,Redmi Note 10,3,49810.12,149430.36000000002,Sachin Sheth,57,Indore,Cash,5
922,2022-06-30,30,6,2022,Thursday,OnePlus,OnePlus Nord,2,30743.82,61487.64,Manoj Jain,38,Delhi,Debit Card,5
923,2022-06-30,30,6,2022,Thursday,Samsung,Galaxy S21,3,20283.9,60851.700000000004,Meena Roy,32,Lucknow,Cash,2
924,2022-06-30,30,6,2022,Thursday,Xiaomi,Mi 11,8,14738.84,117910.72,Vinod Arora,20,Delhi,Cash,2
925,2022-07-01,1,7,2022,Friday,Samsung,Galaxy A51,6,51597.85,309587.1,Vinod Verma,19,Kolkata,Cash,5
926,2022-07-01,1,7,2022,Friday,Samsung,Galaxy A51,7,57083.4,399583.8,Sunita Nair,58,Mumbai,Credit Card,3
927,2022-07-01,1,7,2022,Friday,Samsung,Galaxy S21,6,59587.22,357523.32,Bina Nair,57,Bangalore,Debit Card,5
928,2022-07-01,1,7,2022,Friday,Apple,iPhone SE,6,64825.9,388955.4,Pankaj Prasad,21,Chennai,Debit Card,3
929,2022-07-02,2,7,2022,Saturday,Samsung,Galaxy A51,3,62795.77,188387.31,Jyoti Varma,49,Delhi,Cash,5
930,2022-07-02,2,7,2022,Saturday,Apple,iPhone SE,8,69984.48,559875.84,Kunal Yadav,19,Mumbai,Credit Card,5
931,2022-07-02,2,7,2022,Saturday,OnePlus,OnePlus 9,7,24643.84,172506.88,Pankaj Prasad,46,Ranchi,Cash,5
932,2022-07-02,2,7,2022,Saturday,Xiaomi,Redmi 9,7,55798.46,390589.22,Neeta Nair,19,Ranchi,Debit Card,2
933,2022-07-03,3,7,2022,Sunday,Xiaomi,Redmi 9,6,45187.57,271125.42,Navin Patel,51,Mumbai,Debit Card,5
934,2022-07-03,3,7,2022,Sunday,Xiaomi,Mi 11,5,25674.71,128373.54999999999,Sumit Malhotra,44,Mumbai,Debit Card,4
935,2022-07-03,3,7,2022,Sunday,Xiaomi,Mi 11,8,68914.32,551314.56,Navin Kapoor,56,Delhi,Debit Card,5
936,2022-07-03,3,7,2022,Sunday,Xiaomi,Redmi 9,5,63873.89,319369.45,Namita Teja,55,Chennai,Credit Card,5
937,2022-07-04,4,7,2022,Monday,Xiaomi,Redmi Note 10,9,17710.94,159398.46,Monika Chatterjee,35,Ludhiana,UPI,4
938,2022-07-04,4,7,2022,Monday,Xiaomi,Redmi 9,9,11569.5,104125.5,Monika Mehta,53,Gorakhpur,UPI,4
939,2022-07-04,4,7,2022,Monday,OnePlus,OnePlus 9,1,51299.85,51299.85,Ayesha Kaur,36,Ranchi,Credit Card,5
940,2022-07-05,5,7,2022,Tuesday,Samsung,Galaxy Note 20,6,46247.84,277487.04,Vijay Malhotra,44,Delhi,Cash,3
941,2022-07-05,5,7,2022,Tuesday,Vivo,Vivo Y51,7,66148.94,463042.58,Sachin Shah,37,Lucknow,Debit Card,4
942,2022-07-05,5,7,2022,Tuesday,Apple,iPhone SE,3,24040.32,72120.95999999999,Ayesha Ahuja,38,Delhi,Debit Card,5
943,2022-07-06,6,7,2022,Wednesday,Vivo,Vivo V20,7,15063.28,105442.96,Ravi Reddy,40,Delhi,Debit Card,4
944,2022-07-06,6,7,2022,Wednesday,Vivo,Vivo V20,7,25552.92,178870.44,Pankaj Kapoor,47,Delhi,Credit Card,5
945,2022-07-06,6,7,2022,Wednesday,Samsung,Galaxy S21,2,11135.66,22271.32,Lalita Kaur,42,Rajkot,Credit Card,5
946,2022-07-06,6,7,2022,Wednesday,Samsung,Galaxy A51,7,12153.57,85074.98999999999,Pankaj Alva,48,Bangalore,Debit Card,5
947,2022-07-07,7,7,2022,Thursday,Samsung,Galaxy S21,1,64891.47,64891.47,Ayesha Bhattacharya,44,Rajkot,Debit Card,5
948,2022-07-07,7,7,2022,Thursday,Xiaomi,Mi 11,5,31120.99,155604.95,Harish Kumar,51,Lucknow,Cash,5
949,2022-07-07,7,7,2022,Thursday,OnePlus,OnePlus 9,9,34648.54,311836.86,Yogesh Desai,25,Delhi,UPI,3
950,2022-07-07,7,7,2022,Thursday,Xiaomi,Redmi Note 10,7,11102.3,77716.09999999999,Shruti Dutta,36,Mumbai,Credit Card,5
951,2022-07-08,8,7,2022,Friday,OnePlus,OnePlus Nord,7,26231.31,183619.17,Neeta Malhotra,58,Delhi,UPI,5
952,2022-07-08,8,7,2022,Friday,OnePlus,OnePlus Nord,2,58283.56,116567.12,Tanuja Solanki,43,Ranchi,Debit Card,5
953,2022-07-08,8,7,2022,Friday,Vivo,Vivo S1,8,46929.46,375435.68,Namita Kumar,45,Delhi,UPI,4
954,2022-07-08,8,7,2022,Friday,Vivo,Vivo S1,3,55226.84,165680.52,Sumit Chatterjee,21,Vadodara,UPI,5
955,2022-07-09,9,7,2022,Saturday,OnePlus,OnePlus Nord,8,36832.82,294662.56,Ravi Jain,48,Mumbai,Credit Card,3
956,2022-07-09,9,7,2022,Saturday,OnePlus,OnePlus 9,3,28583.75,85751.25,Rohan Pathak,33,Madurai,Credit Card,2
957,2022-07-09,9,7,2022,Saturday,Xiaomi,Redmi Note 10,7,38968.61,272780.27,Rohan Rathod,27,Patna,Cash,4
958,2022-07-09,9,7,2022,Saturday,Xiaomi,Redmi 9,2,29384.26,58768.52,Namita Goyal,55,Vadodara,Debit Card,3
959,2022-07-10,10,7,2022,Sunday,Vivo,Vivo S1,4,60338.27,241353.08,Tanuja Bhatnagar,27,Lucknow,Cash,5
960,2022-07-10,10,7,2022,Sunday,Samsung,Galaxy S21,6,27860.42,167162.52,Rajesh Kapoor,26,Mumbai,Credit Card,3
961,2022-07-10,10,7,2022,Sunday,OnePlus,OnePlus Nord,9,49585.82,446272.38,Lalita Desai,56,Chennai,Cash,2
962,2022-07-11,11,7,2022,Monday,Xiaomi,Mi 11,5,18218.93,91094.65,Ramesh Verma,53,Patna,UPI,3
963,2022-07-11,11,7,2022,Monday,Vivo,Vivo V20,9,51211.99,460907.91,Sanjay Roy,53,Gorakhpur,UPI,2
964,2022-07-11,11,7,2022,Monday,Xiaomi,Mi 11,5,64797.98,323989.9,Krishna Mehta,36,Ranchi,Credit Card,2
965,2022-07-11,11,7,2022,Monday,OnePlus,OnePlus 9,8,46514.99,372119.92,Vinod Chatterjee,36,Madurai,UPI,2
966,2022-07-12,12,7,2022,Tuesday,OnePlus,OnePlus 9,1,43591.32,43591.32,Kiran Jain,29,Rajkot,Debit Card,3
967,2022-07-12,12,7,2022,Tuesday,Apple,iPhone 12,7,67667.1,473669.70000000007,Anita Sharma,30,Madurai,Credit Card,5
968,2022-07-12,12,7,2022,Tuesday,Samsung,Galaxy S21,4,47643.79,190575.16,Radha Ghosh,42,Mumbai,Debit Card,5
969,2022-07-13,13,7,2022,Wednesday,Apple,iPhone 12,5,25573.03,127865.15,Namita Kumar,53,Ranchi,Credit Card,5
970,2022-07-13,13,7,2022,Wednesday,Vivo,Vivo V20,6,27543.46,165260.76,Navin Pathak,42,Delhi,Credit Card,3
971,2022-07-13,13,7,2022,Wednesday,Xiaomi,Redmi Note 10,5,52318.4,261592.0,Ramesh Yadav,45,Mumbai,UPI,5
972,2022-07-13,13,7,2022,Wednesday,Vivo,Vivo S1,1,54126.2,54126.2,Devendra Thakur,59,Ludhiana,Credit Card,5
973,2022-07-14,14,7,2022,Thursday,OnePlus,OnePlus Nord,9,28209.77,253887.93,Bhavana Sheth,56,Delhi,Credit Card,2
974,2022-07-14,14,7,2022,Thursday,Apple,iPhone SE,2,30720.64,61441.28,Yogesh Reddy,47,Hyderabad,Cash,3
975,2022-07-14,14,7,2022,Thursday,Apple,iPhone 11,9,69463.39,625170.51,Kavita Iyer,22,Delhi,UPI,3
976,2022-07-15,15,7,2022,Friday,Apple,iPhone 12,2,16117.15,32234.3,Sunil Rawat,34,Patna,Debit Card,4
977,2022-07-15,15,7,2022,Friday,Vivo,Vivo S1,9,34278.7,308508.3,Arun Rawat,35,Patna,Credit Card,4
978,2022-07-15,15,7,2022,Friday,OnePlus,OnePlus Nord,6,13746.85,82481.1,Tanuja Ahuja,38,Gorakhpur,Debit Card,4
979,2022-07-15,15,7,2022,Friday,Xiaomi,Redmi 9,9,59264.7,533382.2999999999,Anand Mehta,39,Kanpur,Cash,5
980,2022-07-16,16,7,2022,Saturday,Xiaomi,Redmi Note 10,6,15540.75,93244.5,Bhavana Mishra,56,Vadodara,Credit Card,3
981,2022-07-16,16,7,2022,Saturday,Vivo,Vivo V20,6,50440.44,302642.64,Harish Pillai,23,Delhi,Debit Card,4
982,2022-07-16,16,7,2022,Saturday,Apple,iPhone 11,2,13389.01,26778.02,Radha Sheth,33,Vadodara,UPI,3
983,2022-07-16,16,7,2022,Saturday,Samsung,Galaxy Note 20,8,50371.3,402970.4,Rajesh Arora,19,Mumbai,Cash,5
984,2022-07-17,17,7,2022,Sunday,Vivo,Vivo V20,3,60582.22,181746.66,Meena Kumar,18,Mumbai,Cash,4
985,2022-07-17,17,7,2022,Sunday,Vivo,Vivo Y51,7,33929.29,237505.03,Vivek Teja,47,Delhi,Debit Card,3
986,2022-07-17,17,7,2022,Sunday,OnePlus,OnePlus Nord,5,41327.59,206637.94999999998,Devendra Yadav,54,Lucknow,Credit Card,5
987,2022-07-17,17,7,2022,Sunday,Xiaomi,Mi 11,3,34092.5,102277.5,Bhavana Rathod,40,Delhi,Credit Card,5
988,2022-07-18,18,7,2022,Monday,Vivo,Vivo S1,1,28029.33,28029.33,Lata Goyal,18,Rajkot,UPI,5
989,2022-07-18,18,7,2022,Monday,Vivo,Vivo Y51,8,58195.8,465566.4,Isha Luthra,36,Indore,UPI,4
990,2022-07-18,18,7,2022,Monday,Apple,iPhone SE,3,26320.15,78960.45000000001,Neeta Pillai,20,Jodhpur,Credit Card,5
991,2022-07-18,18,7,2022,Monday,Apple,iPhone 11,2,53376.61,106753.22,Lalita Sheth,19,Chennai,Cash,5
992,2022-07-19,19,7,2022,Tuesday,Samsung,Galaxy Note 20,1,22371.82,22371.82,Prashant Verma,54,Delhi,UPI,5
993,2022-07-19,19,7,2022,Tuesday,OnePlus,OnePlus 9,4,24991.23,99964.92,Prashant Sharma,34,Mumbai,UPI,3
994,2022-07-19,19,7,2022,Tuesday,Samsung,Galaxy S21,8,30187.67,241501.36,Nikhil Arora,45,Mumbai,Cash,5
995,2022-07-20,20,7,2022,Wednesday,Apple,iPhone SE,3,45349.38,136048.13999999998,Prashant Arora,35,Jodhpur,Credit Card,4
996,2022-07-20,20,7,2022,Wednesday,Xiaomi,Redmi Note 10,1,37265.34,37265.34,Kiran Pathak,50,Mumbai,Debit Card,3
997,2022-07-20,20,7,2022,Wednesday,Apple,iPhone SE,4,54708.69,218834.76,Ravi Jain,32,Rajkot,UPI,3
998,2022-07-20,20,7,2022,Wednesday,OnePlus,OnePlus 9,9,22814.04,205326.36000000002,Yogesh Luthra,39,Mumbai,Cash,5
999,2022-07-21,21,7,2022,Thursday,Apple,iPhone 12,1,10640.34,10640.34,Arun Iyer,58,Patna,UPI,3
1000,2022-07-21,21,7,2022,Thursday,OnePlus,OnePlus Nord,2,56593.45,113186.9,Anand Kapoor,44,Mumbai,Cash,3
1001,2022-07-21,21,7,2022,Thursday,OnePlus,OnePlus 8T,9,59298.96,533690.64,Lata Alva,54,Indore,UPI,5
1002,2022-07-22,22,7,2022,Friday,OnePlus,OnePlus Nord,2,13568.81,27137.62,Arun Siddiqui,49,Mumbai,Credit Card,4
1003,2022-07-22,22,7,2022,Friday,OnePlus,OnePlus Nord,3,46654.45,139963.34999999998,Bhavana Mehta,36,Bangalore,Cash,5
1004,2022-07-22,22,7,2022,Friday,OnePlus,OnePlus Nord,7,32692.41,228846.87,Krishna Patel,45,Delhi,Debit Card,5
1005,2022-07-23,23,7,2022,Saturday,Xiaomi,Redmi Note 10,3,57633.74,172901.22,Ramesh Shah,45,Vadodara,Debit Card,5
1006,2022-07-23,23,7,2022,Saturday,Samsung,Galaxy S21,9,62464.87,562183.8300000001,Yogesh Malhotra,27,Hyderabad,UPI,5
1007,2022-07-23,23,7,2022,Saturday,Vivo,Vivo V20,6,61060.23,366361.38,Priyanka Dutta,37,Jodhpur,Debit Card,5
1008,2022-07-24,24,7,2022,Sunday,Samsung,Galaxy A51,3,56632.25,169896.75,Manoj Dutta,42,Ranchi,UPI,5
1009,2022-07-24,24,7,2022,Sunday,OnePlus,OnePlus 8T,9,26143.13,235288.17,Vijay Rawat,38,Bhopal,Cash,5
1010,2022-07-24,24,7,2022,Sunday,Xiaomi,Mi 11,1,58713.38,58713.38,Umesh Menon,31,Delhi,Cash,4
1011,2022-07-25,25,7,2022,Monday,Apple,iPhone SE,3,42008.71,126026.13,Vinod Prasad,39,Bhopal,Debit Card,5
1012,2022-07-25,25,7,2022,Monday,Xiaomi,Redmi 9,1,13165.4,13165.4,Harish Prasad,43,Kanpur,Debit Card,5
1013,2022-07-25,25,7,2022,Monday,OnePlus,OnePlus 8T,2,37416.33,74832.66,Bina Siddiqui,28,Delhi,Credit Card,5
1014,2022-07-25,25,7,2022,Monday,Xiaomi,Redmi Note 10,8,66529.48,532235.84,Prashant Chatterjee,24,Ranchi,Cash,5
1015,2022-07-26,26,7,2022,Tuesday,Xiaomi,Redmi 9,7,63271.56,442900.92,Amit Rathod,34,Bangalore,Debit Card,5
1016,2022-07-26,26,7,2022,Tuesday,OnePlus,OnePlus 8T,2,16135.86,32271.72,Arun Shah,35,Mumbai,Debit Card,5
1017,2022-07-26,26,7,2022,Tuesday,Xiaomi,Mi 11,2,54647.6,109295.2,Umesh Kulkarni,24,Rajkot,Debit Card,3
1018,2022-07-27,27,7,2022,Wednesday,Vivo,Vivo Y51,9,58347.57,525128.13,Bhavana Prasad,37,Lucknow,UPI,3
1019,2022-07-27,27,7,2022,Wednesday,Vivo,Vivo V20,6,26283.29,157699.74,Nikhil Rathod,55,Ludhiana,Credit Card,3
1020,2022-07-27,27,7,2022,Wednesday,Xiaomi,Mi 11,5,38296.51,191482.55000000002,Anjali Srivastava,28,Mumbai,Cash,3
1021,2022-07-28,28,7,2022,Thursday,Apple,iPhone 11,6,52659.28,315955.68,Anita Kulkarni,33,Ranchi,Debit Card,5
1022,2022-07-28,28,7,2022,Thursday,OnePlus,OnePlus 8T,9,36342.49,327082.41,Sumit Rathod,44,Gorakhpur,Debit Card,3
1023,2022-07-28,28,7,2022,Thursday,Vivo,Vivo S1,7,16767.82,117374.73999999999,Monika Rawat,28,Delhi,Debit Card,5
1024,2022-07-29,29,7,2022,Friday,Apple,iPhone SE,9,52352.95,471176.55,Sumit Ghosh,33,Lucknow,UPI,4
1025,2022-07-29,29,7,2022,Friday,Xiaomi,Redmi 9,4,64698.32,258793.28,Anita Menon,40,Lucknow,Cash,3
1026,2022-07-29,29,7,2022,Friday,Apple,iPhone 11,2,49149.08,98298.16,Bhavana Yadav,29,Mumbai,Debit Card,5
1027,2022-07-29,29,7,2022,Friday,Samsung,Galaxy Note 20,8,56428.04,451424.32,Umesh Kaur,57,Delhi,Debit Card,4
1028,2022-07-30,30,7,2022,Saturday,Vivo,Vivo V20,4,31501.75,126007.0,Krishna Iyer,20,Patna,UPI,5
1029,2022-07-30,30,7,2022,Saturday,Xiaomi,Mi 11,9,20991.89,188927.01,Lalita Rao,19,Kanpur,UPI,4
1030,2022-07-30,30,7,2022,Saturday,OnePlus,OnePlus 9,4,48566.42,194265.68,Kavita Kumar,55,Delhi,Credit Card,4
1031,2022-07-30,30,7,2022,Saturday,Xiaomi,Mi 11,8,29666.27,237330.16,Neeta Singh,41,Rajkot,Credit Card,5
1032,2022-07-31,31,7,2022,Sunday,OnePlus,OnePlus 9,9,61604.41,554439.6900000001,Namita Siddiqui,46,Lucknow,Cash,3
1033,2022-07-31,31,7,2022,Sunday,Xiaomi,Redmi 9,9,17357.68,156219.12,Anand Bhattacharya,51,Kanpur,Credit Card,5
1034,2022-07-31,31,7,2022,Sunday,Apple,iPhone 11,4,36007.82,144031.28,Kavita Bhatnagar,37,Delhi,Cash,5
1035,2022-07-31,31,7,2022,Sunday,Apple,iPhone 12,1,33803.66,33803.66,Arun Prasad,35,Patna,Credit Card,5
1036,2022-08-01,1,8,2022,Monday,Apple,iPhone SE,3,66283.23,198849.69,Kiran Rathod,31,Delhi,Debit Card,5
1037,2022-08-01,1,8,2022,Monday,Samsung,Galaxy A51,9,19188.09,172692.81,Bina Teja,35,Jodhpur,Credit Card,5
1038,2022-08-01,1,8,2022,Monday,OnePlus,OnePlus 8T,4,10590.81,42363.24,Devendra Mathur,19,Kolkata,Debit Card,4
1039,2022-08-01,1,8,2022,Monday,Apple,iPhone 12,5,24285.11,121425.55,Lalita Alva,18,Ranchi,Cash,3
1040,2022-08-02,2,8,2022,Tuesday,Samsung,Galaxy S21,7,59216.61,414516.27,Tanuja Reddy,37,Delhi,Credit Card,3
1041,2022-08-02,2,8,2022,Tuesday,OnePlus,OnePlus 9,5,22559.31,112796.55,Prashant Sharma,51,Delhi,Credit Card,5
1042,2022-08-02,2,8,2022,Tuesday,Xiaomi,Redmi 9,4,24452.68,97810.72,Rajesh Prasad,58,Mumbai,Credit Card,5
1043,2022-08-03,3,8,2022,Wednesday,Samsung,Galaxy S21,2,17793.93,35587.86,Jyoti Rawat,58,Delhi,Debit Card,5
1044,2022-08-03,3,8,2022,Wednesday,Vivo,Vivo S1,2,52926.17,105852.34,Sachin Varma,28,Bangalore,Debit Card,5
1045,2022-08-03,3,8,2022,Wednesday,Samsung,Galaxy S21,4,14150.45,56601.8,Pankaj Mehta,44,Delhi,Credit Card,5
1046,2022-08-04,4,8,2022,Thursday,Samsung,Galaxy A51,9,29872.5,268852.5,Meena Dutta,40,Indore,Cash,5
1047,2022-08-04,4,8,2022,Thursday,OnePlus,OnePlus 8T,8,26949.92,215599.36,Monika Nambiar,55,Madurai,Debit Card,5
1048,2022-08-04,4,8,2022,Thursday,Xiaomi,Redmi 9,3,43309.58,129928.74,Tapan Rathod,20,Mumbai,UPI,5
1049,2022-08-04,4,8,2022,Thursday,Vivo,Vivo V20,9,53824.98,484424.82,Sunil Kumar,29,Mumbai,Cash,5
1050,2022-08-05,5,8,2022,Friday,Apple,iPhone SE,5,41972.59,209862.94999999998,Namita Siddiqui,47,Chennai,Cash,5
1051,2022-08-05,5,8,2022,Friday,Apple,iPhone 12,3,65861.56,197584.68,Prashant Jain,48,Jodhpur,Cash,5
1052,2022-08-05,5,8,2022,Friday,Samsung,Galaxy Note 20,5,67086.56,335432.8,Kunal Yadav,40,Mumbai,Debit Card,5
1053,2022-08-06,6,8,2022,Saturday,OnePlus,OnePlus Nord,4,31687.92,126751.68,Umesh Ghosh,18,Rajkot,Credit Card,4
1054,2022-08-06,6,8,2022,Saturday,OnePlus,OnePlus 8T,8,56660.82,453286.56,Lata Mehta,58,Ranchi,Credit Card,5
1055,2022-08-06,6,8,2022,Saturday,Apple,iPhone SE,5,54328.08,271640.4,Ravi Arora,37,Mumbai,UPI,5
1056,2022-08-07,7,8,2022,Sunday,Vivo,Vivo S1,8,63577.88,508623.04,Kavita Nair,23,Indore,Credit Card,5
1057,2022-08-07,7,8,2022,Sunday,Xiaomi,Mi 11,9,36876.62,331889.58,Kavita Teja,28,Chennai,UPI,5
1058,2022-08-07,7,8,2022,Sunday,Vivo,Vivo Y51,4,41828.39,167313.56,Sunita Sheth,52,Kolkata,UPI,5
1059,2022-08-08,8,8,2022,Monday,Xiaomi,Redmi 9,7,34946.46,244625.22,Isha Ahuja,21,Patna,Credit Card,3
1060,2022-08-08,8,8,2022,Monday,Apple,iPhone SE,2,61022.62,122045.24,Ravi Teja,46,Delhi,UPI,5
1061,2022-08-08,8,8,2022,Monday,Xiaomi,Redmi 9,6,23782.14,142692.84,Ramesh Srivastava,27,Hyderabad,Cash,5
1062,2022-08-08,8,8,2022,Monday,OnePlus,OnePlus 8T,8,24382.54,195060.32,Sneha Rao,46,Ludhiana,Cash,3
1063,2022-08-09,9,8,2022,Tuesday,Samsung,Galaxy S21,7,32356.31,226494.17,Vivek Bhatnagar,55,Patna,Cash,5
1064,2022-08-09,9,8,2022,Tuesday,Samsung,Galaxy Note 20,7,23820.57,166743.99,Navin Sharma,18,Mumbai,Debit Card,5
1065,2022-08-09,9,8,2022,Tuesday,Apple,iPhone SE,8,43660.41,349283.28,Priya Siddiqui,57,Bangalore,UPI,4
1066,2022-08-09,9,8,2022,Tuesday,OnePlus,OnePlus Nord,7,18069.41,126485.87,Shruti Kulkarni,25,Madurai,UPI,4
1067,2022-08-10,10,8,2022,Wednesday,Vivo,Vivo Y51,5,29211.17,146055.84999999998,Nikhil Bhattacharya,55,Patna,Cash,4
1068,2022-08-10,10,8,2022,Wednesday,OnePlus,OnePlus Nord,7,64806.68,453646.76,Navin Solanki,34,Mumbai,Debit Card,5
1069,2022-08-10,10,8,2022,Wednesday,Samsung,Galaxy A51,3,34553.53,103660.59,Reena Bhattacharya,36,Delhi,Credit Card,5
1070,2022-08-11,11,8,2022,Thursday,Samsung,Galaxy A51,5,54894.02,274470.1,Radha Gupta,50,Coimbatore,Cash,3
1071,2022-08-11,11,8,2022,Thursday,OnePlus,OnePlus Nord,7,16807.73,117654.11,Monika Bhatnagar,32,Ranchi,Debit Card,5
1072,2022-08-11,11,8,2022,Thursday,OnePlus,OnePlus Nord,9,24853.87,223684.83,Tapan Varma,48,Delhi,Credit Card,5
1073,2022-08-11,11,8,2022,Thursday,Samsung,Galaxy S21,2,58440.74,116881.48,Ayesha Solanki,38,Mumbai,Debit Card,3
1074,2022-08-12,12,8,2022,Friday,Vivo,Vivo Y51,4,55779.58,223118.32,Lalita Alva,20,Vadodara,Credit Card,3
1075,2022-08-12,12,8,2022,Friday,Apple,iPhone 11,7,33169.36,232185.52000000002,Vivek Menon,19,Delhi,UPI,5
1076,2022-08-12,12,8,2022,Friday,Apple,iPhone 11,1,67263.81,67263.81,Priyanka Jain,52,Delhi,UPI,5
1077,2022-08-12,12,8,2022,Friday,OnePlus,OnePlus 9,2,64638.58,129277.16,Sneha Sharma,58,Ranchi,Debit Card,5
1078,2022-08-13,13,8,2022,Saturday,Apple,iPhone 12,9,67738.04,609642.36,Mala Pathak,33,Vadodara,Debit Card,5
1079,2022-08-13,13,8,2022,Saturday,Samsung,Galaxy Note 20,7,35674.88,249724.15999999997,Navin Kapoor,38,Delhi,Credit Card,4
1080,2022-08-13,13,8,2022,Saturday,Samsung,Galaxy Note 20,7,21848.42,152938.94,Tapan Ahuja,29,Delhi,Debit Card,5
1081,2022-08-13,13,8,2022,Saturday,OnePlus,OnePlus 8T,6,47599.52,285597.12,Ramesh Solanki,45,Delhi,Debit Card,3
1082,2022-08-14,14,8,2022,Sunday,OnePlus,OnePlus Nord,3,51086.39,153259.16999999998,Yogesh Patel,29,Hyderabad,Credit Card,3
1083,2022-08-14,14,8,2022,Sunday,OnePlus,OnePlus 9,3,17526.51,52579.53,Nikhil Ahuja,50,Delhi,Credit Card,4
1084,2022-08-14,14,8,2022,Sunday,Vivo,Vivo V20,2,57188.98,114377.96,Vivek Prasad,37,Patna,UPI,3
1085,2022-08-14,14,8,2022,Sunday,Apple,iPhone SE,6,11083.61,66501.66,Navin Mathur,57,Bangalore,Cash,4
1086,2022-08-15,15,8,2022,Monday,OnePlus,OnePlus 9,4,38963.7,155854.8,Sunita Teja,38,Delhi,Debit Card,5
1087,2022-08-15,15,8,2022,Monday,Xiaomi,Mi 11,5,29860.98,149304.9,Bhavana Mishra,56,Delhi,Credit Card,4
1088,2022-08-15,15,8,2022,Monday,Xiaomi,Redmi Note 10,3,54418.18,163254.54,Aditya Menon,58,Rajkot,UPI,5
1089,2022-08-15,15,8,2022,Monday,Samsung,Galaxy A51,6,28765.64,172593.84,Anita Sharma,59,Vadodara,Cash,4
1090,2022-08-16,16,8,2022,Tuesday,Apple,iPhone 11,3,59608.43,178825.29,Manoj Mehta,53,Rajkot,Debit Card,5
1091,2022-08-16,16,8,2022,Tuesday,OnePlus,OnePlus 9,8,45697.21,365577.68,Deepika Shah,39,Bangalore,UPI,4
1092,2022-08-16,16,8,2022,Tuesday,Xiaomi,Mi 11,9,57633.6,518702.39999999997,Amit Das,43,Delhi,Cash,5
1093,2022-08-17,17,8,2022,Wednesday,Apple,iPhone 12,4,69360.44,277441.76,Pooja Menon,24,Delhi,Debit Card,5
1094,2022-08-17,17,8,2022,Wednesday,Samsung,Galaxy Note 20,9,50749.5,456745.5,Yogesh Kaur,24,Lucknow,UPI,5
1095,2022-08-17,17,8,2022,Wednesday,Vivo,Vivo S1,7,69097.02,483679.14,Anjali Varma,25,Delhi,Debit Card,5
1096,2022-08-17,17,8,2022,Wednesday,Apple,iPhone SE,3,11730.18,35190.54,Sanjay Patel,43,Delhi,Cash,5
1097,2022-08-18,18,8,2022,Thursday,Apple,iPhone 12,7,30288.4,212018.80000000002,Anjali Varma,41,Delhi,Credit Card,5
1098,2022-08-18,18,8,2022,Thursday,Vivo,Vivo V20,1,16471.2,16471.2,Vinod Dutta,41,Mumbai,UPI,4
1099,2022-08-18,18,8,2022,Thursday,Apple,iPhone 11,3,25738.3,77214.9,Meena Desai,57,Delhi,Cash,5
1100,2022-08-19,19,8,2022,Friday,Samsung,Galaxy A51,6,60333.27,361999.62,Umesh Rawat,29,Delhi,Debit Card,5
1101,2022-08-19,19,8,2022,Friday,Samsung,Galaxy Note 20,4,11939.4,47757.6,Pankaj Arora,25,Gorakhpur,Cash,5
1102,2022-08-19,19,8,2022,Friday,Vivo,Vivo S1,7,41210.98,288476.86000000004,Sumit Reddy,26,Mumbai,Cash,5
1103,2022-08-20,20,8,2022,Saturday,OnePlus,OnePlus 8T,3,44027.72,132083.16,Nikhil Kapoor,20,Patna,Credit Card,5
1104,2022-08-20,20,8,2022,Saturday,Xiaomi,Mi 11,1,43669.07,43669.07,Amit Prasad,38,Delhi,UPI,5
1105,2022-08-20,20,8,2022,Saturday,OnePlus,OnePlus 8T,9,38517.82,346660.38,Ayesha Patel,48,Chennai,Cash,5
1106,2022-08-20,20,8,2022,Saturday,Apple,iPhone 12,6,57436.18,344617.08,Rajesh Ghosh,41,Kanpur,Credit Card,3
1107,2022-08-21,21,8,2022,Sunday,Xiaomi,Redmi 9,8,18012.59,144100.72,Gita Bhattacharya,21,Delhi,Credit Card,5
1108,2022-08-21,21,8,2022,Sunday,Vivo,Vivo V20,3,28634.62,85903.86,Sanjay Das,37,Delhi,Credit Card,1
1109,2022-08-21,21,8,2022,Sunday,Vivo,Vivo V20,8,46943.56,375548.48,Deepika Reddy,33,Gorakhpur,Debit Card,4
1110,2022-08-22,22,8,2022,Monday,Xiaomi,Mi 11,2,51457.08,102914.16,Krishna Nambiar,27,Ludhiana,Credit Card,4
1111,2022-08-22,22,8,2022,Monday,Samsung,Galaxy A51,4,34248.91,136995.64,Mala Mathur,43,Delhi,Credit Card,3
1112,2022-08-22,22,8,2022,Monday,Xiaomi,Redmi Note 10,3,62522.28,187566.84,Krishna Menon,46,Delhi,Credit Card,1
1113,2022-08-23,23,8,2022,Tuesday,Apple,iPhone 11,1,34929.6,34929.6,Rajesh Menon,22,Jodhpur,Credit Card,5
1114,2022-08-23,23,8,2022,Tuesday,Samsung,Galaxy A51,7,34166.57,239165.99,Devendra Srivastava,28,Bhopal,UPI,5
1115,2022-08-23,23,8,2022,Tuesday,Vivo,Vivo S1,2,12172.44,24344.88,Sanjay Pathak,46,Delhi,UPI,5
1116,2022-08-24,24,8,2022,Wednesday,Xiaomi,Redmi Note 10,4,43068.48,172273.92,Sunita Verma,32,Patna,Credit Card,3
1117,2022-08-24,24,8,2022,Wednesday,OnePlus,OnePlus 8T,9,52520.85,472687.64999999997,Sachin Joshi,23,Mumbai,Cash,3
1118,2022-08-24,24,8,2022,Wednesday,OnePlus,OnePlus 9,6,16866.29,101197.74,Krishna Alva,32,Jodhpur,Debit Card,3
1119,2022-08-24,24,8,2022,Wednesday,Apple,iPhone SE,8,28325.97,226607.76,Amit Rao,37,Kolkata,Cash,3
1120,2022-08-25,25,8,2022,Thursday,OnePlus,OnePlus 9,2,56875.42,113750.84,Lalita Sheth,51,Delhi,Cash,3
1121,2022-08-25,25,8,2022,Thursday,Xiaomi,Mi 11,7,31955.17,223686.19,Anita Prasad,19,Delhi,Credit Card,3
1122,2022-08-25,25,8,2022,Thursday,Xiaomi,Redmi 9,6,24496.15,146976.90000000002,Vivek Alva,33,Madurai,Cash,5
1123,2022-08-25,25,8,2022,Thursday,OnePlus,OnePlus 8T,9,50332.04,452988.36,Kiran Bhattacharya,36,Indore,UPI,5
1124,2022-08-26,26,8,2022,Friday,Xiaomi,Mi 11,7,21805.53,152638.71,Vinod Pathak,51,Kolkata,UPI,5
1125,2022-08-26,26,8,2022,Friday,Apple,iPhone SE,1,63739.18,63739.18,Nikhil Rathod,31,Delhi,Debit Card,5
1126,2022-08-26,26,8,2022,Friday,Samsung,Galaxy Note 20,8,16335.9,130687.2,Lata Dutta,41,Mumbai,UPI,3
1127,2022-08-27,27,8,2022,Saturday,Apple,iPhone 11,3,52392.99,157178.97,Kunal Patel,45,Delhi,UPI,5
1128,2022-08-27,27,8,2022,Saturday,Apple,iPhone 11,2,39972.92,79945.84,Deepika Alva,49,Mumbai,Credit Card,3
1129,2022-08-27,27,8,2022,Saturday,Xiaomi,Redmi 9,3,62195.77,186587.31,Radha Jain,54,Mumbai,UPI,5
1130,2022-08-27,27,8,2022,Saturday,Samsung,Galaxy Note 20,6,17571.71,105430.26,Kiran Pathak,27,Hyderabad,Cash,4
1131,2022-08-28,28,8,2022,Sunday,Xiaomi,Redmi Note 10,3,50673.7,152021.09999999998,Krishna Goyal,26,Lucknow,Cash,5
1132,2022-08-28,28,8,2022,Sunday,Vivo,Vivo V20,5,44323.28,221616.4,Tapan Ahuja,41,Delhi,UPI,1
1133,2022-08-28,28,8,2022,Sunday,Xiaomi,Mi 11,6,38805.41,232832.46000000002,Priya Patel,53,Hyderabad,Debit Card,5
1134,2022-08-28,28,8,2022,Sunday,Xiaomi,Redmi Note 10,8,39484.44,315875.52,Anita Ghosh,46,Ludhiana,Debit Card,1
1135,2022-08-29,29,8,2022,Monday,Xiaomi,Redmi Note 10,7,53318.62,373230.34,Deepika Menon,46,Mumbai,Debit Card,5
1136,2022-08-29,29,8,2022,Monday,Samsung,Galaxy A51,8,66264.5,530116.0,Vinod Kaur,40,Mumbai,UPI,5
1137,2022-08-29,29,8,2022,Monday,Xiaomi,Mi 11,3,15475.1,46425.3,Krishna Bhattacharya,44,Patna,Debit Card,4
1138,2022-08-29,29,8,2022,Monday,Samsung,Galaxy A51,4,11170.16,44680.64,Arun Mathur,48,Patna,UPI,5
1139,2022-08-30,30,8,2022,Tuesday,OnePlus,OnePlus 8T,6,58342.29,350053.74,Deepika Solanki,24,Mumbai,Cash,5
1140,2022-08-30,30,8,2022,Tuesday,Vivo,Vivo V20,7,16490.16,115431.12,Rajesh Prasad,21,Delhi,Debit Card,5
1141,2022-08-30,30,8,2022,Tuesday,Samsung,Galaxy A51,9,69201.81,622816.29,Priya Singh,31,Delhi,Debit Card,3
1142,2022-08-30,30,8,2022,Tuesday,OnePlus,OnePlus Nord,1,47160.89,47160.89,Vinod Dutta,59,Madurai,Debit Card,5
1143,2022-08-31,31,8,2022,Wednesday,Samsung,Galaxy S21,8,49051.98,392415.84,Meena Verma,59,Delhi,Cash,5
1144,2022-08-31,31,8,2022,Wednesday,Samsung,Galaxy S21,8,21933.5,175468.0,Rohan Goyal,27,Lucknow,UPI,4
1145,2022-08-31,31,8,2022,Wednesday,Vivo,Vivo Y51,6,24418.74,146512.44,Priya Siddiqui,51,Mumbai,Cash,1
1146,2022-09-01,1,9,2022,Thursday,Apple,iPhone 11,4,49561.02,198244.08,Meena Menon,43,Mumbai,Cash,1
1147,2022-09-01,1,9,2022,Thursday,Apple,iPhone 12,3,64583.61,193750.83000000002,Aditya Joshi,40,Delhi,Credit Card,4
1148,2022-09-01,1,9,2022,Thursday,Samsung,Galaxy S21,3,68943.43,206830.28999999998,Rohan Jain,26,Mumbai,Debit Card,5
1149,2022-09-02,2,9,2022,Friday,Xiaomi,Redmi 9,6,21881.86,131291.16,Ravi Teja,54,Delhi,UPI,5
1150,2022-09-02,2,9,2022,Friday,OnePlus,OnePlus Nord,8,18047.18,144377.44,Lata Chatterjee,25,Lucknow,UPI,5
1151,2022-09-02,2,9,2022,Friday,Xiaomi,Mi 11,7,13384.08,93688.56,Bhavana Ghosh,31,Madurai,Credit Card,4
1152,2022-09-02,2,9,2022,Friday,Xiaomi,Redmi 9,1,62097.82,62097.82,Sunita Singh,24,Ranchi,Credit Card,5
1153,2022-09-03,3,9,2022,Saturday,Samsung,Galaxy S21,6,27682.89,166097.34,Deepika Gupta,24,Kolkata,Cash,1
1154,2022-09-03,3,9,2022,Saturday,Samsung,Galaxy S21,7,10108.72,70761.04,Amit Prasad,26,Delhi,Credit Card,3
1155,2022-09-03,3,9,2022,Saturday,Samsung,Galaxy S21,7,23429.09,164003.63,Prashant Gupta,20,Mumbai,UPI,5
1156,2022-09-03,3,9,2022,Saturday,Samsung,Galaxy S21,9,30426.46,273838.14,Anjali Thakur,31,Vadodara,UPI,3
1157,2022-09-04,4,9,2022,Sunday,Apple,iPhone 11,5,69459.17,347295.85,Manoj Iyer,34,Jodhpur,UPI,5
1158,2022-09-04,4,9,2022,Sunday,Samsung,Galaxy S21,1,41412.5,41412.5,Prashant Nair,39,Delhi,Cash,4
1159,2022-09-04,4,9,2022,Sunday,Apple,iPhone 12,2,22282.84,44565.68,Prashant Nair,43,Ranchi,Debit Card,3
1160,2022-09-05,5,9,2022,Monday,Apple,iPhone 12,4,30089.1,120356.4,Kavita Iyer,45,Ludhiana,Debit Card,5
1161,2022-09-05,5,9,2022,Monday,Samsung,Galaxy S21,5,29818.46,149092.3,Namita Pathak,31,Mumbai,Cash,4
1162,2022-09-05,5,9,2022,Monday,Vivo,Vivo Y51,9,11183.54,100651.86000000002,Nikhil Chaudhary,26,Delhi,UPI,1
1163,2022-09-06,6,9,2022,Tuesday,OnePlus,OnePlus 8T,1,18110.98,18110.98,Rajesh Kulkarni,43,Delhi,UPI,5
1164,2022-09-06,6,9,2022,Tuesday,Xiaomi,Redmi 9,3,51711.79,155135.37,Namita Patel,19,Mumbai,Cash,4
1165,2022-09-06,6,9,2022,Tuesday,Apple,iPhone 11,5,17215.06,86075.3,Krishna Joshi,28,Jodhpur,Cash,4
1166,2022-09-06,6,9,2022,Tuesday,OnePlus,OnePlus 8T,3,23844.06,71532.18000000001,Isha Singh,34,Mumbai,Credit Card,1
1167,2022-09-07,7,9,2022,Wednesday,Vivo,Vivo Y51,4,31044.24,124176.96,Rohan Sheth,51,Hyderabad,Cash,3
1168,2022-09-07,7,9,2022,Wednesday,Xiaomi,Redmi 9,3,55464.1,166392.3,Radha Kaur,36,Patna,Debit Card,5
1169,2022-09-07,7,9,2022,Wednesday,Xiaomi,Redmi Note 10,4,44944.06,179776.24,Meena Prasad,56,Mumbai,Cash,3
1170,2022-09-08,8,9,2022,Thursday,Apple,iPhone SE,1,51340.0,51340.0,Pooja Joshi,35,Mumbai,UPI,4
1171,2022-09-08,8,9,2022,Thursday,Samsung,Galaxy S21,8,44020.74,352165.92,Pankaj Singh,30,Gorakhpur,UPI,5
1172,2022-09-08,8,9,2022,Thursday,Vivo,Vivo Y51,4,51015.55,204062.2,Anand Pillai,22,Bhopal,UPI,5
1173,2022-09-08,8,9,2022,Thursday,Apple,iPhone 12,7,10170.53,71193.71,Vijay Siddiqui,40,Delhi,Debit Card,5
1174,2022-09-09,9,9,2022,Friday,Vivo,Vivo S1,2,65853.89,131707.78,Rajesh Ahuja,41,Gorakhpur,Debit Card,5
1175,2022-09-09,9,9,2022,Friday,Samsung,Galaxy S21,2,16655.21,33310.42,Anjali Thakur,46,Bhopal,Credit Card,4
1176,2022-09-09,9,9,2022,Friday,Samsung,Galaxy S21,6,34374.95,206249.69999999998,Sunil Rawat,25,Mumbai,Cash,1
1177,2022-09-09,9,9,2022,Friday,Apple,iPhone 11,2,56262.3,112524.6,Kavita Rawat,43,Jodhpur,Credit Card,3
1178,2022-09-10,10,9,2022,Saturday,Samsung,Galaxy S21,6,36113.84,216683.03999999998,Kiran Gupta,32,Delhi,Cash,3
1179,2022-09-10,10,9,2022,Saturday,OnePlus,OnePlus 9,2,66810.55,133621.1,Lata Verma,18,Delhi,Cash,1
1180,2022-09-10,10,9,2022,Saturday,Xiaomi,Mi 11,4,38055.34,152221.36,Meena Patel,45,Delhi,Debit Card,1
1181,2022-09-11,11,9,2022,Sunday,Apple,iPhone SE,7,62496.36,437474.52,Rohan Thakur,31,Delhi,UPI,5
1182,2022-09-11,11,9,2022,Sunday,Vivo,Vivo Y51,8,58649.69,469197.52,Mala Ghosh,59,Ranchi,Cash,1
1183,2022-09-11,11,9,2022,Sunday,OnePlus,OnePlus 9,3,68859.18,206577.53999999998,Lalita Siddiqui,51,Delhi,Debit Card,5
1184,2022-09-12,12,9,2022,Monday,Apple,iPhone 11,9,65592.87,590335.83,Sachin Iyer,48,Chennai,Credit Card,5
1185,2022-09-12,12,9,2022,Monday,Samsung,Galaxy Note 20,2,63887.43,127774.86,Sunita Singh,23,Madurai,UPI,4
1186,2022-09-12,12,9,2022,Monday,Samsung,Galaxy S21,8,53896.26,431170.08,Kiran Ghosh,22,Delhi,Credit Card,5
1187,2022-09-12,12,9,2022,Monday,Samsung,Galaxy A51,8,32019.89,256159.12,Shruti Shah,48,Delhi,Credit Card,5
1188,2022-09-13,13,9,2022,Tuesday,Samsung,Galaxy Note 20,4,16367.53,65470.12,Amit Goyal,54,Ludhiana,Debit Card,3
1189,2022-09-13,13,9,2022,Tuesday,Vivo,Vivo S1,1,51318.7,51318.7,Pooja Goyal,32,Delhi,UPI,1
1190,2022-09-13,13,9,2022,Tuesday,OnePlus,OnePlus 8T,1,68719.24,68719.24,Sunil Jain,32,Bhopal,Cash,5
1191,2022-09-13,13,9,2022,Tuesday,Xiaomi,Redmi Note 10,2,53596.27,107192.54,Pankaj Bhattacharya,22,Patna,Credit Card,1
1192,2022-09-14,14,9,2022,Wednesday,Vivo,Vivo V20,9,65723.76,591513.84,Bhavana Bhatnagar,45,Delhi,Cash,3
1193,2022-09-14,14,9,2022,Wednesday,Vivo,Vivo Y51,2,58258.28,116516.56,Navin Gupta,50,Ludhiana,UPI,1
1194,2022-09-14,14,9,2022,Wednesday,Xiaomi,Mi 11,2,19786.88,39573.76,Krishna Mehta,28,Delhi,Debit Card,5
1195,2022-09-15,15,9,2022,Thursday,Xiaomi,Mi 11,6,24952.23,149713.38,Sunita Sheth,23,Gorakhpur,Debit Card,1
1196,2022-09-15,15,9,2022,Thursday,Samsung,Galaxy S21,7,30511.94,213583.58,Lalita Nambiar,40,Bangalore,Debit Card,3
1197,2022-09-15,15,9,2022,Thursday,Vivo,Vivo Y51,7,20095.63,140669.41,Sunil Dutta,57,Delhi,Cash,5
1198,2022-09-15,15,9,2022,Thursday,Apple,iPhone 12,9,44899.08,404091.72000000003,Manoj Nambiar,19,Indore,Cash,1
1199,2022-09-16,16,9,2022,Friday,Xiaomi,Mi 11,6,68527.03,411162.18,Radha Gupta,32,Hyderabad,UPI,3
1200,2022-09-16,16,9,2022,Friday,Xiaomi,Redmi Note 10,8,55687.53,445500.24,Priya Bhattacharya,40,Bangalore,Cash,3
1201,2022-09-16,16,9,2022,Friday,OnePlus,OnePlus 8T,6,35403.2,212419.19999999998,Reena Arora,39,Kanpur,Debit Card,5
1202,2022-09-17,17,9,2022,Saturday,Apple,iPhone SE,2,10270.27,20540.54,Deepika Iyer,26,Mumbai,Credit Card,5
1203,2022-09-17,17,9,2022,Saturday,Apple,iPhone SE,1,28796.56,28796.56,Vinod Nair,57,Delhi,Credit Card,5
1204,2022-09-17,17,9,2022,Saturday,Xiaomi,Redmi Note 10,5,41605.56,208027.8,Rajesh Ghosh,47,Mumbai,Credit Card,1
1205,2022-09-17,17,9,2022,Saturday,Samsung,Galaxy Note 20,9,29455.05,265095.45,Arun Gupta,33,Bhopal,Debit Card,5
1206,2022-09-18,18,9,2022,Sunday,OnePlus,OnePlus Nord,8,16662.1,133296.8,Mala Thakur,47,Delhi,Cash,5
1207,2022-09-18,18,9,2022,Sunday,Apple,iPhone 11,4,36565.9,146263.6,Nikhil Solanki,26,Delhi,Credit Card,3
1208,2022-09-18,18,9,2022,Sunday,Xiaomi,Mi 11,5,25195.17,125975.84999999999,Priyanka Menon,18,Ranchi,Cash,5
1209,2022-09-19,19,9,2022,Monday,Apple,iPhone 11,5,64553.94,322769.7,Ayesha Sheth,55,Patna,Cash,5
1210,2022-09-19,19,9,2022,Monday,OnePlus,OnePlus Nord,6,16105.27,96631.62,Meena Roy,25,Mumbai,Debit Card,4
1211,2022-09-19,19,9,2022,Monday,OnePlus,OnePlus 9,3,12949.16,38847.479999999996,Nikhil Solanki,35,Coimbatore,Cash,3
1212,2022-09-20,20,9,2022,Tuesday,Vivo,Vivo S1,5,10318.85,51594.25,Ayesha Sheth,44,Delhi,Cash,5
1213,2022-09-20,20,9,2022,Tuesday,Xiaomi,Redmi Note 10,2,29684.18,59368.36,Ayesha Siddiqui,35,Indore,Debit Card,3
1214,2022-09-20,20,9,2022,Tuesday,OnePlus,OnePlus Nord,1,49623.21,49623.21,Vivek Siddiqui,49,Kanpur,UPI,1
1215,2022-09-21,21,9,2022,Wednesday,Vivo,Vivo Y51,1,53824.83,53824.83,Prashant Verma,49,Delhi,Credit Card,3
1216,2022-09-21,21,9,2022,Wednesday,Vivo,Vivo Y51,7,37195.7,260369.89999999997,Gita Mehta,53,Kanpur,Credit Card,5
1217,2022-09-21,21,9,2022,Wednesday,Apple,iPhone 11,2,51059.72,102119.44,Rajesh Chatterjee,53,Bangalore,Cash,1
1218,2022-09-21,21,9,2022,Wednesday,Apple,iPhone SE,4,31594.84,126379.36,Pankaj Pathak,38,Gorakhpur,UPI,1
1219,2022-09-22,22,9,2022,Thursday,Vivo,Vivo S1,5,50068.37,250341.85,Sunil Gupta,49,Hyderabad,Debit Card,1
1220,2022-09-22,22,9,2022,Thursday,Apple,iPhone 12,7,12435.76,87050.32,Manoj Kaur,48,Lucknow,Cash,4
1221,2022-09-22,22,9,2022,Thursday,OnePlus,OnePlus Nord,2,33445.18,66890.36,Tapan Mathur,54,Vadodara,Debit Card,4
1222,2022-09-22,22,9,2022,Thursday,Samsung,Galaxy S21,6,57450.98,344705.88,Manoj Sharma,33,Gorakhpur,Credit Card,1
1223,2022-09-23,23,9,2022,Friday,OnePlus,OnePlus Nord,1,58180.36,58180.36,Prashant Chatterjee,31,Lucknow,Debit Card,5
1224,2022-09-23,23,9,2022,Friday,Vivo,Vivo Y51,7,52968.93,370782.51,Jyoti Varma,41,Coimbatore,Credit Card,1
1225,2022-09-23,23,9,2022,Friday,Vivo,Vivo S1,9,22254.32,200288.88,Lalita Rathod,42,Hyderabad,Debit Card,1
1226,2022-09-24,24,9,2022,Saturday,OnePlus,OnePlus 8T,5,24832.31,124161.55,Vivek Teja,52,Bhopal,Debit Card,3
1227,2022-09-24,24,9,2022,Saturday,Apple,iPhone SE,5,69765.32,348826.60000000003,Sumit Malhotra,34,Madurai,UPI,3
1228,2022-09-24,24,9,2022,Saturday,Apple,iPhone 12,4,16202.68,64810.72,Anjali Chaudhary,59,Hyderabad,Debit Card,3
1229,2022-09-24,24,9,2022,Saturday,Vivo,Vivo S1,3,20839.76,62519.28,Lata Chaudhary,21,Lucknow,Cash,5
1230,2022-09-25,25,9,2022,Sunday,Xiaomi,Mi 11,9,17801.58,160214.22000000003,Ayesha Luthra,28,Indore,UPI,3
1231,2022-09-25,25,9,2022,Sunday,Apple,iPhone SE,5,29659.3,148296.5,Vinod Prasad,32,Delhi,Cash,3
1232,2022-09-25,25,9,2022,Sunday,OnePlus,OnePlus 9,8,22610.55,180884.4,Umesh Dutta,47,Delhi,Debit Card,5
1233,2022-09-26,26,9,2022,Monday,Apple,iPhone 12,9,39861.28,358751.52,Radha Alva,41,Indore,Debit Card,4
1234,2022-09-26,26,9,2022,Monday,OnePlus,OnePlus 9,5,38561.24,192806.19999999998,Lata Reddy,19,Kolkata,UPI,4
1235,2022-09-26,26,9,2022,Monday,Vivo,Vivo V20,9,64090.34,576813.0599999999,Vivek Mathur,51,Mumbai,Credit Card,4
1236,2022-09-27,27,9,2022,Tuesday,Apple,iPhone SE,2,12084.4,24168.8,Bhavana Prasad,40,Delhi,UPI,5
1237,2022-09-27,27,9,2022,Tuesday,OnePlus,OnePlus 9,9,29192.77,262734.93,Umesh Varma,48,Hyderabad,Credit Card,1
1238,2022-09-27,27,9,2022,Tuesday,Vivo,Vivo S1,4,45799.47,183197.88,Krishna Rathod,54,Delhi,Credit Card,3
1239,2022-09-27,27,9,2022,Tuesday,Xiaomi,Redmi 9,6,46288.11,277728.66000000003,Ravi Varma,30,Kanpur,Debit Card,5
1240,2022-09-28,28,9,2022,Wednesday,OnePlus,OnePlus Nord,6,38807.57,232845.41999999998,Prashant Das,50,Delhi,Cash,5
1241,2022-09-28,28,9,2022,Wednesday,Xiaomi,Redmi Note 10,6,58939.93,353639.58,Yogesh Rao,24,Delhi,UPI,4
1242,2022-09-28,28,9,2022,Wednesday,Xiaomi,Redmi Note 10,2,13763.33,27526.66,Mala Thakur,49,Madurai,UPI,5
1243,2022-09-28,28,9,2022,Wednesday,Samsung,Galaxy A51,7,58929.27,412504.88999999996,Tapan Chatterjee,24,Delhi,Debit Card,5
1244,2022-09-29,29,9,2022,Thursday,Apple,iPhone SE,6,39685.25,238111.5,Sachin Rao,59,Hyderabad,Debit Card,5
1245,2022-09-29,29,9,2022,Thursday,OnePlus,OnePlus Nord,1,18025.64,18025.64,Sunita Mehta,55,Delhi,UPI,4
1246,2022-09-29,29,9,2022,Thursday,Xiaomi,Mi 11,2,63142.11,126284.22,Arun Kumar,30,Kolkata,UPI,1
1247,2022-09-30,30,9,2022,Friday,Samsung,Galaxy Note 20,7,48953.73,342676.11000000004,Aditya Iyer,41,Bhopal,Cash,4
1248,2022-09-30,30,9,2022,Friday,Vivo,Vivo V20,1,19812.74,19812.74,Anita Arora,45,Ludhiana,Debit Card,4
1249,2022-09-30,30,9,2022,Friday,OnePlus,OnePlus 8T,1,12018.98,12018.98,Pankaj Teja,49,Mumbai,Cash,4
1250,2022-09-30,30,9,2022,Friday,Xiaomi,Redmi 9,1,18466.58,18466.58,Kavita Ahuja,35,Delhi,Debit Card,5
1251,2022-10-01,1,10,2022,Saturday,Apple,iPhone SE,8,46527.88,372223.04,Sneha Arora,51,Hyderabad,Debit Card,5
1252,2022-10-01,1,10,2022,Saturday,Samsung,Galaxy S21,4,20757.77,83031.08,Yogesh Patel,51,Delhi,Cash,4
1253,2022-10-01,1,10,2022,Saturday,Xiaomi,Redmi Note 10,4,23545.78,94183.12,Radha Ghosh,55,Delhi,Credit Card,5
1254,2022-10-01,1,10,2022,Saturday,Apple,iPhone 11,2,11508.38,23016.76,Lalita Bhatnagar,18,Hyderabad,Credit Card,5
1255,2022-10-02,2,10,2022,Sunday,Xiaomi,Redmi 9,1,53375.84,53375.84,Pankaj Teja,59,Hyderabad,Credit Card,1
1256,2022-10-02,2,10,2022,Sunday,OnePlus,OnePlus 9,9,58621.86,527596.74,Umesh Rawat,48,Delhi,Debit Card,4
1257,2022-10-02,2,10,2022,Sunday,OnePlus,OnePlus 9,7,57810.89,404676.23,Prashant Arora,18,Bangalore,Cash,3
1258,2022-10-03,3,10,2022,Monday,OnePlus,OnePlus 8T,4,17654.09,70616.36,Prashant Rathod,33,Lucknow,Credit Card,5
1259,2022-10-03,3,10,2022,Monday,Samsung,Galaxy S21,6,64198.07,385188.42,Sumit Sharma,56,Lucknow,UPI,1
1260,2022-10-03,3,10,2022,Monday,OnePlus,OnePlus 8T,2,50336.73,100673.46,Tanuja Dutta,32,Gorakhpur,Credit Card,1
1261,2022-10-04,4,10,2022,Tuesday,Apple,iPhone SE,7,63851.72,446962.04000000004,Sanjay Ghosh,50,Delhi,Cash,1
1262,2022-10-04,4,10,2022,Tuesday,Xiaomi,Mi 11,2,36829.63,73659.26,Meena Yadav,40,Mumbai,Debit Card,5
1263,2022-10-04,4,10,2022,Tuesday,Vivo,Vivo V20,8,36217.29,289738.32,Radha Nair,58,Ludhiana,Cash,5
1264,2022-10-04,4,10,2022,Tuesday,Apple,iPhone 11,8,57072.19,456577.52,Radha Mathur,51,Ranchi,Debit Card,3
1265,2022-10-05,5,10,2022,Wednesday,Apple,iPhone 11,1,15597.87,15597.87,Lalita Bhatnagar,34,Kanpur,Cash,5
1266,2022-10-05,5,10,2022,Wednesday,OnePlus,OnePlus Nord,8,41252.44,330019.52,Anita Dutta,42,Hyderabad,Cash,4
1267,2022-10-05,5,10,2022,Wednesday,Samsung,Galaxy Note 20,2,60183.05,120366.1,Pankaj Prasad,59,Mumbai,UPI,3
1268,2022-10-06,6,10,2022,Thursday,Xiaomi,Redmi Note 10,6,59811.55,358869.30000000005,Anita Mishra,23,Madurai,Credit Card,5
1269,2022-10-06,6,10,2022,Thursday,Samsung,Galaxy S21,1,67367.97,67367.97,Sunil Rao,48,Coimbatore,Credit Card,4
1270,2022-10-06,6,10,2022,Thursday,Xiaomi,Redmi 9,5,51896.36,259481.8,Vivek Rawat,22,Bhopal,Cash,3
1271,2022-10-07,7,10,2022,Friday,Xiaomi,Redmi 9,7,22466.24,157263.68000000002,Isha Ahuja,57,Hyderabad,Credit Card,5
1272,2022-10-07,7,10,2022,Friday,Samsung,Galaxy A51,1,11216.82,11216.82,Priya Reddy,57,Mumbai,UPI,4
1273,2022-10-07,7,10,2022,Friday,Apple,iPhone 12,2,38764.95,77529.9,Sumit Nambiar,47,Delhi,Cash,5
1274,2022-10-07,7,10,2022,Friday,Xiaomi,Mi 11,7,40822.23,285755.61000000004,Manoj Kulkarni,22,Mumbai,Credit Card,3
1275,2022-10-08,8,10,2022,Saturday,Samsung,Galaxy S21,6,24415.76,146494.56,Yogesh Roy,29,Bhopal,Credit Card,4
1276,2022-10-08,8,10,2022,Saturday,Xiaomi,Redmi Note 10,3,17481.85,52445.549999999996,Harish Sharma,24,Kolkata,Debit Card,4
1277,2022-10-08,8,10,2022,Saturday,Vivo,Vivo S1,2,45172.49,90344.98,Sumit Dutta,30,Mumbai,Credit Card,5
1278,2022-10-09,9,10,2022,Sunday,Apple,iPhone SE,4,55855.34,223421.36,Pooja Sharma,21,Delhi,Credit Card,4
1279,2022-10-09,9,10,2022,Sunday,OnePlus,OnePlus 8T,3,69589.25,208767.75,Isha Nair,59,Delhi,Debit Card,3
1280,2022-10-09,9,10,2022,Sunday,Xiaomi,Mi 11,7,55498.16,388487.12,Ayesha Bhattacharya,20,Lucknow,Cash,1
1281,2022-10-10,10,10,2022,Monday,Vivo,Vivo Y51,8,57617.94,460943.52,Umesh Bhattacharya,29,Ranchi,Cash,3
1282,2022-10-10,10,10,2022,Monday,OnePlus,OnePlus 8T,2,46987.65,93975.3,Lata Mathur,18,Delhi,UPI,3
1283,2022-10-10,10,10,2022,Monday,OnePlus,OnePlus 9,7,69155.36,484087.52,Anita Mehta,44,Delhi,Debit Card,5
1284,2022-10-10,10,10,2022,Monday,Xiaomi,Mi 11,8,48397.38,387179.04,Sanjay Joshi,30,Bangalore,Cash,5
1285,2022-10-11,11,10,2022,Tuesday,Samsung,Galaxy S21,6,61615.2,369691.19999999995,Isha Kaur,34,Vadodara,Credit Card,4
1286,2022-10-11,11,10,2022,Tuesday,Xiaomi,Redmi Note 10,6,66747.08,400482.48,Meena Dutta,25,Vadodara,Credit Card,5
1287,2022-10-11,11,10,2022,Tuesday,Vivo,Vivo Y51,1,65791.51,65791.51,Neeta Menon,49,Delhi,Credit Card,4
1288,2022-10-11,11,10,2022,Tuesday,OnePlus,OnePlus 8T,4,32884.92,131539.68,Bina Mathur,37,Mumbai,UPI,1
1289,2022-10-12,12,10,2022,Wednesday,Xiaomi,Redmi Note 10,1,14719.72,14719.72,Neeta Mishra,34,Jodhpur,Cash,5
1290,2022-10-12,12,10,2022,Wednesday,Samsung,Galaxy A51,4,20312.42,81249.68,Sunil Chaudhary,51,Delhi,Debit Card,5
1291,2022-10-12,12,10,2022,Wednesday,Xiaomi,Mi 11,2,13553.4,27106.8,Sneha Prasad,52,Mumbai,Cash,5
1292,2022-10-13,13,10,2022,Thursday,Apple,iPhone SE,5,16323.82,81619.1,Isha Arora,52,Kolkata,Debit Card,1
1293,2022-10-13,13,10,2022,Thursday,Samsung,Galaxy S21,9,21079.07,189711.63,Priyanka Pathak,55,Mumbai,Debit Card,5
1294,2022-10-13,13,10,2022,Thursday,Vivo,Vivo S1,3,30465.66,91396.98,Deepika Verma,59,Mumbai,Cash,1
1295,2022-10-14,14,10,2022,Friday,OnePlus,OnePlus 9,8,42612.38,340899.04,Bhavana Luthra,41,Patna,Credit Card,4
1296,2022-10-14,14,10,2022,Friday,Xiaomi,Redmi 9,3,52700.92,158102.76,Sunita Luthra,35,Mumbai,Credit Card,5
1297,2022-10-14,14,10,2022,Friday,Samsung,Galaxy A51,6,22655.64,135933.84,Aditya Joshi,56,Delhi,Debit Card,5
1298,2022-10-14,14,10,2022,Friday,Apple,iPhone SE,4,50351.34,201405.36,Kiran Nair,50,Ludhiana,Credit Card,4
1299,2022-10-15,15,10,2022,Saturday,Samsung,Galaxy S21,8,52255.54,418044.32,Meena Das,40,Ranchi,UPI,5
1300,2022-10-15,15,10,2022,Saturday,Apple,iPhone 12,6,43517.34,261104.03999999998,Pankaj Nambiar,42,Vadodara,UPI,3
1301,2022-10-15,15,10,2022,Saturday,Vivo,Vivo V20,8,64217.07,513736.56,Sumit Siddiqui,54,Delhi,Debit Card,1
1302,2022-10-15,15,10,2022,Saturday,OnePlus,OnePlus 8T,1,16659.69,16659.69,Ayesha Solanki,44,Indore,Credit Card,5
1303,2022-10-16,16,10,2022,Sunday,Vivo,Vivo V20,6,20627.29,123763.74,Sneha Malhotra,18,Hyderabad,Debit Card,3
1304,2022-10-16,16,10,2022,Sunday,Xiaomi,Mi 11,1,35719.89,35719.89,Lalita Rao,38,Kanpur,UPI,5
1305,2022-10-16,16,10,2022,Sunday,Samsung,Galaxy S21,1,17602.76,17602.76,Kiran Siddiqui,27,Mumbai,UPI,3
1306,2022-10-16,16,10,2022,Sunday,Apple,iPhone 11,8,43977.77,351822.16,Neeta Singh,48,Rajkot,UPI,3
1307,2022-10-17,17,10,2022,Monday,Apple,iPhone SE,7,33904.03,237328.21,Vivek Siddiqui,42,Mumbai,Cash,3
1308,2022-10-17,17,10,2022,Monday,Samsung,Galaxy A51,3,27075.75,81227.25,Vinod Nambiar,37,Bhopal,UPI,1
1309,2022-10-17,17,10,2022,Monday,Samsung,Galaxy S21,6,20199.39,121196.34,Vinod Nambiar,19,Coimbatore,Credit Card,5
1310,2022-10-17,17,10,2022,Monday,Xiaomi,Mi 11,9,30120.29,271082.61,Krishna Menon,32,Mumbai,Cash,4
1311,2022-10-18,18,10,2022,Tuesday,Vivo,Vivo S1,7,46477.56,325342.92,Shruti Sharma,45,Kanpur,UPI,4
1312,2022-10-18,18,10,2022,Tuesday,Apple,iPhone SE,3,44547.11,133641.33000000002,Nikhil Varma,30,Bangalore,Credit Card,5
1313,2022-10-18,18,10,2022,Tuesday,Xiaomi,Mi 11,6,19817.44,118904.63999999998,Nikhil Kapoor,31,Mumbai,UPI,1
1314,2022-10-19,19,10,2022,Wednesday,Vivo,Vivo V20,4,17495.19,69980.76,Arun Luthra,19,Hyderabad,Credit Card,1
1315,2022-10-19,19,10,2022,Wednesday,Xiaomi,Redmi 9,3,11600.61,34801.83,Manoj Kulkarni,51,Delhi,Credit Card,1
1316,2022-10-19,19,10,2022,Wednesday,Apple,iPhone 12,9,10745.54,96709.86000000002,Ayesha Luthra,52,Kanpur,UPI,3
1317,2022-10-19,19,10,2022,Wednesday,Samsung,Galaxy S21,2,62788.63,125577.26,Ayesha Ghosh,54,Madurai,UPI,1
1318,2022-10-20,20,10,2022,Thursday,Samsung,Galaxy Note 20,1,12705.33,12705.33,Namita Nambiar,42,Kolkata,Cash,4
1319,2022-10-20,20,10,2022,Thursday,Vivo,Vivo Y51,2,53873.27,107746.54,Nikhil Deshmukh,32,Hyderabad,UPI,1
1320,2022-10-20,20,10,2022,Thursday,OnePlus,OnePlus Nord,7,62319.11,436233.77,Neeta Solanki,29,Mumbai,Credit Card,3
1321,2022-10-20,20,10,2022,Thursday,Vivo,Vivo Y51,1,15883.47,15883.47,Kiran Goyal,26,Delhi,Debit Card,5
1322,2022-10-21,21,10,2022,Friday,OnePlus,OnePlus Nord,6,36178.09,217068.53999999998,Anita Kumar,48,Delhi,Cash,1
1323,2022-10-21,21,10,2022,Friday,Xiaomi,Redmi 9,7,67738.18,474167.25999999995,Deepika Prasad,31,Mumbai,Credit Card,5
1324,2022-10-21,21,10,2022,Friday,Xiaomi,Redmi 9,9,60048.32,540434.88,Monika Thakur,46,Delhi,Credit Card,5
1325,2022-10-22,22,10,2022,Saturday,Apple,iPhone 12,8,39382.24,315057.92,Aditya Joshi,55,Mumbai,Debit Card,3
1326,2022-10-22,22,10,2022,Saturday,OnePlus,OnePlus 9,6,55754.27,334525.62,Reena Teja,59,Chennai,UPI,1
1327,2022-10-22,22,10,2022,Saturday,Apple,iPhone 11,3,60002.66,180007.98,Ayesha Thakur,25,Mumbai,Credit Card,5
1328,2022-10-22,22,10,2022,Saturday,Samsung,Galaxy Note 20,8,30881.62,247052.96,Anita Arora,20,Kanpur,Debit Card,5
1329,2022-10-23,23,10,2022,Sunday,OnePlus,OnePlus Nord,7,63529.18,444704.26,Reena Patel,19,Delhi,Debit Card,5
1330,2022-10-23,23,10,2022,Sunday,Vivo,Vivo S1,3,38228.4,114685.20000000001,Krishna Iyer,33,Mumbai,UPI,4
1331,2022-10-23,23,10,2022,Sunday,Samsung,Galaxy S21,9,41668.44,375015.96,Ramesh Gupta,36,Lucknow,Debit Card,4
1332,2022-10-24,24,10,2022,Monday,Samsung,Galaxy S21,2,69982.46,139964.92,Anand Kaur,47,Mumbai,Debit Card,4
1333,2022-10-24,24,10,2022,Monday,Vivo,Vivo S1,3,60598.18,181794.54,Deepika Kulkarni,58,Jodhpur,Debit Card,4
1334,2022-10-24,24,10,2022,Monday,Samsung,Galaxy A51,2,31706.2,63412.4,Amit Teja,33,Delhi,Debit Card,3
1335,2022-10-24,24,10,2022,Monday,OnePlus,OnePlus 8T,1,10620.74,10620.74,Sneha Malhotra,48,Mumbai,Debit Card,1
1336,2022-10-25,25,10,2022,Tuesday,Apple,iPhone SE,4,47570.44,190281.76,Pankaj Varma,45,Coimbatore,Debit Card,1
1337,2022-10-25,25,10,2022,Tuesday,Samsung,Galaxy A51,5,52234.81,261174.05,Sneha Sharma,21,Delhi,Credit Card,3
1338,2022-10-25,25,10,2022,Tuesday,OnePlus,OnePlus Nord,6,49048.16,294288.96,Prashant Das,27,Patna,Cash,5
1339,2022-10-25,25,10,2022,Tuesday,Xiaomi,Redmi Note 10,5,68071.74,340358.7,Ravi Varma,35,Delhi,UPI,1
1340,2022-10-26,26,10,2022,Wednesday,OnePlus,OnePlus 9,1,61778.26,61778.26,Radha Kapoor,49,Delhi,Cash,5
1341,2022-10-26,26,10,2022,Wednesday,Apple,iPhone 11,3,36929.9,110789.70000000001,Namita Das,47,Delhi,UPI,1
1342,2022-10-26,26,10,2022,Wednesday,OnePlus,OnePlus 8T,1,13771.45,13771.45,Ramesh Solanki,53,Lucknow,Cash,3
1343,2022-10-26,26,10,2022,Wednesday,Vivo,Vivo Y51,5,38563.53,192817.65,Deepika Verma,26,Delhi,UPI,5
1344,2022-10-27,27,10,2022,Thursday,Apple,iPhone SE,5,51354.64,256773.2,Priya Mathur,53,Jodhpur,Debit Card,1
1345,2022-10-27,27,10,2022,Thursday,Xiaomi,Redmi 9,6,46462.59,278775.54,Lata Mehta,46,Bhopal,Cash,3
1346,2022-10-27,27,10,2022,Thursday,Vivo,Vivo V20,8,42288.22,338305.76,Prashant Gupta,33,Lucknow,Cash,5
1347,2022-10-28,28,10,2022,Friday,OnePlus,OnePlus Nord,1,38129.14,38129.14,Ramesh Kumar,45,Mumbai,UPI,4
1348,2022-10-28,28,10,2022,Friday,Apple,iPhone SE,4,27625.71,110502.84,Neeta Desai,38,Delhi,UPI,5
1349,2022-10-28,28,10,2022,Friday,Xiaomi,Redmi Note 10,1,26640.81,26640.81,Navin Verma,19,Mumbai,Credit Card,5
1350,2022-10-29,29,10,2022,Saturday,Vivo,Vivo Y51,9,40013.89,360125.01,Ayesha Roy,52,Hyderabad,Debit Card,5
1351,2022-10-29,29,10,2022,Saturday,Xiaomi,Redmi 9,7,19636.19,137453.33,Lalita Luthra,45,Jodhpur,Debit Card,1
1352,2022-10-29,29,10,2022,Saturday,OnePlus,OnePlus 9,7,30441.13,213087.91,Jyoti Sheth,53,Mumbai,Credit Card,4
1353,2022-10-29,29,10,2022,Saturday,Xiaomi,Redmi Note 10,5,29438.76,147193.8,Vinod Solanki,48,Kanpur,UPI,3
1354,2022-10-30,30,10,2022,Sunday,Samsung,Galaxy Note 20,7,45227.97,316595.79000000004,Sneha Prasad,50,Mumbai,Debit Card,4
1355,2022-10-30,30,10,2022,Sunday,Vivo,Vivo V20,2,14000.94,28001.88,Rajesh Sheth,40,Patna,UPI,1
1356,2022-10-30,30,10,2022,Sunday,Xiaomi,Mi 11,4,59780.12,239120.48,Lata Patel,58,Delhi,Debit Card,5
1357,2022-10-31,31,10,2022,Monday,OnePlus,OnePlus 8T,7,43742.7,306198.89999999997,Nikhil Kapoor,34,Kanpur,Cash,1
1358,2022-10-31,31,10,2022,Monday,OnePlus,OnePlus 8T,3,50249.6,150748.8,Anita Joshi,18,Hyderabad,Cash,3
1359,2022-10-31,31,10,2022,Monday,Xiaomi,Mi 11,2,52185.63,104371.26,Vinod Ahuja,59,Mumbai,Debit Card,4
1360,2022-11-01,1,11,2022,Tuesday,OnePlus,OnePlus 8T,2,27489.05,54978.1,Anita Pillai,40,Mumbai,Debit Card,5
1361,2022-11-01,1,11,2022,Tuesday,Apple,iPhone 12,1,38222.29,38222.29,Kiran Chaudhary,44,Mumbai,Debit Card,1
1362,2022-11-01,1,11,2022,Tuesday,Apple,iPhone SE,5,67374.76,336873.8,Deepika Patel,42,Mumbai,Credit Card,5
1363,2022-11-02,2,11,2022,Wednesday,Apple,iPhone 11,6,56002.31,336013.86,Umesh Nair,49,Kolkata,Debit Card,5
1364,2022-11-02,2,11,2022,Wednesday,Samsung,Galaxy Note 20,6,68173.41,409040.46,Radha Bhatnagar,36,Lucknow,Credit Card,4
1365,2022-11-02,2,11,2022,Wednesday,Xiaomi,Redmi 9,9,54775.26,492977.34,Monika Mehta,41,Indore,Credit Card,5
1366,2022-11-03,3,11,2022,Thursday,Samsung,Galaxy A51,4,20536.01,82144.04,Pooja Kaur,20,Mumbai,Cash,3
1367,2022-11-03,3,11,2022,Thursday,OnePlus,OnePlus 8T,1,13872.15,13872.15,Sneha Ghosh,29,Rajkot,Debit Card,5
1368,2022-11-03,3,11,2022,Thursday,Samsung,Galaxy A51,6,44659.69,267958.14,Navin Malhotra,52,Vadodara,Cash,4
1369,2022-11-04,4,11,2022,Friday,OnePlus,OnePlus 8T,5,31468.8,157344.0,Kavita Siddiqui,32,Jodhpur,Cash,5
1370,2022-11-04,4,11,2022,Friday,OnePlus,OnePlus 9,6,26527.47,159164.82,Ayesha Thakur,34,Jodhpur,Credit Card,4
1371,2022-11-04,4,11,2022,Friday,Vivo,Vivo S1,3,58432.66,175297.98,Tapan Rawat,49,Delhi,UPI,5
1372,2022-11-05,5,11,2022,Saturday,Apple,iPhone SE,2,32019.6,64039.2,Monika Mathur,24,Chennai,Credit Card,1
1373,2022-11-05,5,11,2022,Saturday,OnePlus,OnePlus 9,6,29020.06,174120.36000000002,Priyanka Jain,36,Ludhiana,Cash,5
1374,2022-11-05,5,11,2022,Saturday,Vivo,Vivo S1,1,60999.26,60999.26,Mala Rawat,24,Delhi,Credit Card,4
1375,2022-11-05,5,11,2022,Saturday,Apple,iPhone 12,7,60777.24,425440.68,Sunil Menon,22,Hyderabad,Credit Card,4
1376,2022-11-06,6,11,2022,Sunday,OnePlus,OnePlus 8T,7,31382.0,219674.0,Lata Rawat,57,Delhi,Credit Card,5
1377,2022-11-06,6,11,2022,Sunday,OnePlus,OnePlus Nord,7,59949.92,419649.44,Prashant Arora,38,Coimbatore,Debit Card,3
1378,2022-11-06,6,11,2022,Sunday,Samsung,Galaxy A51,1,61046.71,61046.71,Kavita Dutta,24,Mumbai,Credit Card,4
1379,2022-11-06,6,11,2022,Sunday,Samsung,Galaxy S21,4,35435.83,141743.32,Sneha Mehta,54,Ranchi,Cash,1
1380,2022-11-07,7,11,2022,Monday,Apple,iPhone 11,7,13988.39,97918.73,Radha Ghosh,40,Gorakhpur,Credit Card,5
1381,2022-11-07,7,11,2022,Monday,OnePlus,OnePlus 8T,9,10095.08,90855.72,Radha Solanki,28,Jodhpur,Debit Card,1
1382,2022-11-07,7,11,2022,Monday,Xiaomi,Redmi Note 10,5,41397.55,206987.75,Nikhil Menon,27,Mumbai,Cash,4
1383,2022-11-08,8,11,2022,Tuesday,Samsung,Galaxy A51,2,30644.53,61289.06,Sumit Dutta,38,Lucknow,Credit Card,3
1384,2022-11-08,8,11,2022,Tuesday,Apple,iPhone SE,7,69827.91,488795.37,Priya Varma,58,Madurai,Cash,4
1385,2022-11-08,8,11,2022,Tuesday,OnePlus,OnePlus 9,1,56344.66,56344.66,Manoj Mehta,50,Bangalore,Debit Card,3
1386,2022-11-08,8,11,2022,Tuesday,OnePlus,OnePlus 9,7,55676.53,389735.70999999996,Sumit Alva,37,Indore,UPI,5
1387,2022-11-09,9,11,2022,Wednesday,Xiaomi,Redmi Note 10,6,67314.57,403887.42000000004,Anand Yadav,50,Kanpur,Debit Card,5
1388,2022-11-09,9,11,2022,Wednesday,Apple,iPhone SE,7,63263.46,442844.22,Rajesh Siddiqui,57,Delhi,Debit Card,1
1389,2022-11-09,9,11,2022,Wednesday,OnePlus,OnePlus 9,3,29091.25,87273.75,Ravi Sharma,52,Chennai,Cash,3
1390,2022-11-09,9,11,2022,Wednesday,Samsung,Galaxy Note 20,3,19959.23,59877.69,Tapan Siddiqui,51,Delhi,Cash,1
1391,2022-11-10,10,11,2022,Thursday,Xiaomi,Redmi Note 10,7,54753.54,383274.78,Umesh Teja,53,Delhi,UPI,5
1392,2022-11-10,10,11,2022,Thursday,Apple,iPhone 11,2,32696.43,65392.86,Tapan Siddiqui,44,Delhi,UPI,4
1393,2022-11-10,10,11,2022,Thursday,Xiaomi,Mi 11,1,38390.36,38390.36,Prashant Gupta,36,Mumbai,UPI,3
1394,2022-11-10,10,11,2022,Thursday,Samsung,Galaxy S21,9,47823.86,430414.74,Ravi Patel,22,Delhi,Debit Card,5
1395,2022-11-11,11,11,2022,Friday,Apple,iPhone 11,9,64472.36,580251.24,Rajesh Nambiar,46,Delhi,Debit Card,3
1396,2022-11-11,11,11,2022,Friday,Xiaomi,Redmi 9,7,35145.27,246016.88999999998,Sneha Patel,27,Patna,UPI,4
1397,2022-11-11,11,11,2022,Friday,Vivo,Vivo V20,7,56999.01,398993.07,Ravi Siddiqui,57,Madurai,UPI,4
1398,2022-11-11,11,11,2022,Friday,Samsung,Galaxy A51,3,26100.39,78301.17,Krishna Pillai,30,Delhi,UPI,5
1399,2022-11-12,12,11,2022,Saturday,Samsung,Galaxy A51,2,51878.31,103756.62,Navin Malhotra,46,Rajkot,Credit Card,5
1400,2022-11-12,12,11,2022,Saturday,Samsung,Galaxy Note 20,7,10094.77,70663.39,Neeta Solanki,22,Ludhiana,Credit Card,5
1401,2022-11-12,12,11,2022,Saturday,Vivo,Vivo S1,9,62290.43,560613.87,Meena Dutta,29,Chennai,UPI,1
1402,2022-11-13,13,11,2022,Sunday,Vivo,Vivo S1,1,11822.77,11822.77,Pankaj Alva,30,Patna,Debit Card,3
1403,2022-11-13,13,11,2022,Sunday,OnePlus,OnePlus 9,4,52765.23,211060.92,Ravi Arora,39,Indore,Cash,5
1404,2022-11-13,13,11,2022,Sunday,Xiaomi,Redmi Note 10,6,12775.49,76652.94,Anjali Desai,57,Ranchi,Debit Card,1
1405,2022-11-13,13,11,2022,Sunday,OnePlus,OnePlus Nord,7,25974.74,181823.18000000002,Vijay Solanki,32,Rajkot,Cash,5
1406,2022-11-14,14,11,2022,Monday,Xiaomi,Mi 11,7,39832.14,278824.98,Rajesh Nambiar,30,Delhi,UPI,5
1407,2022-11-14,14,11,2022,Monday,Vivo,Vivo Y51,2,35196.32,70392.64,Namita Malhotra,18,Kolkata,Credit Card,5
1408,2022-11-14,14,11,2022,Monday,Vivo,Vivo V20,4,21510.17,86040.68,Kavita Dutta,55,Indore,Credit Card,4
1409,2022-11-14,14,11,2022,Monday,OnePlus,OnePlus 9,5,30028.89,150144.45,Vijay Das,18,Delhi,Cash,3
1410,2022-11-15,15,11,2022,Tuesday,Apple,iPhone 12,1,53662.38,53662.38,Ravi Siddiqui,28,Kanpur,UPI,3
1411,2022-11-15,15,11,2022,Tuesday,OnePlus,OnePlus 8T,1,50155.43,50155.43,Priyanka Patel,57,Rajkot,Credit Card,3
1412,2022-11-15,15,11,2022,Tuesday,Xiaomi,Redmi Note 10,3,14308.88,42926.64,Sunil Iyer,39,Mumbai,UPI,5
1413,2022-11-16,16,11,2022,Wednesday,OnePlus,OnePlus Nord,3,54838.95,164516.84999999998,Sneha Prasad,52,Delhi,UPI,5
1414,2022-11-16,16,11,2022,Wednesday,Samsung,Galaxy Note 20,8,13182.75,105462.0,Arun Gupta,23,Delhi,Cash,3
1415,2022-11-16,16,11,2022,Wednesday,Xiaomi,Redmi 9,9,42575.58,383180.22000000003,Priyanka Sharma,45,Delhi,UPI,4
1416,2022-11-17,17,11,2022,Thursday,Xiaomi,Redmi Note 10,1,25603.76,25603.76,Pankaj Gupta,48,Bangalore,UPI,1
1417,2022-11-17,17,11,2022,Thursday,Apple,iPhone 11,2,45261.41,90522.82,Yogesh Luthra,25,Delhi,Cash,5
1418,2022-11-17,17,11,2022,Thursday,Vivo,Vivo V20,2,25679.7,51359.4,Yogesh Mishra,22,Gorakhpur,Credit Card,3
1419,2022-11-17,17,11,2022,Thursday,Xiaomi,Mi 11,4,69097.48,276389.92,Priyanka Pathak,59,Jodhpur,Debit Card,5
1420,2022-11-18,18,11,2022,Friday,Vivo,Vivo V20,2,28583.69,57167.38,Harish Patel,34,Jodhpur,UPI,5
1421,2022-11-18,18,11,2022,Friday,OnePlus,OnePlus 8T,7,24517.64,171623.47999999998,Vijay Patel,55,Mumbai,Cash,1
1422,2022-11-18,18,11,2022,Friday,Samsung,Galaxy Note 20,9,26707.92,240371.27999999997,Tapan Kumar,26,Mumbai,Credit Card,5
1423,2022-11-18,18,11,2022,Friday,Apple,iPhone 11,7,63788.37,446518.59,Kavita Teja,27,Jodhpur,UPI,1
1424,2022-11-19,19,11,2022,Saturday,Vivo,Vivo S1,6,48173.13,289038.77999999997,Namita Teja,37,Mumbai,Debit Card,1
1425,2022-11-19,19,11,2022,Saturday,Xiaomi,Redmi Note 10,1,53841.05,53841.05,Kavita Rawat,31,Patna,Credit Card,5
1426,2022-11-19,19,11,2022,Saturday,Vivo,Vivo V20,9,65080.63,585725.6699999999,Isha Desai,31,Coimbatore,Cash,1
1427,2022-11-19,19,11,2022,Saturday,Xiaomi,Mi 11,5,64712.35,323561.75,Radha Kulkarni,43,Delhi,UPI,5
1428,2022-11-20,20,11,2022,Sunday,Vivo,Vivo S1,5,54336.75,271683.75,Ramesh Verma,46,Delhi,Cash,5
1429,2022-11-20,20,11,2022,Sunday,Xiaomi,Mi 11,6,21869.47,131216.82,Neeta Mathur,44,Delhi,Debit Card,4
1430,2022-11-20,20,11,2022,Sunday,OnePlus,OnePlus 9,9,60602.4,545421.6,Pooja Roy,42,Delhi,Debit Card,5
1431,2022-11-20,20,11,2022,Sunday,Xiaomi,Redmi Note 10,8,22226.56,177812.48,Sneha Mishra,33,Chennai,Cash,1
1432,2022-11-21,21,11,2022,Monday,Xiaomi,Mi 11,8,54573.93,436591.44,Priya Mehta,53,Mumbai,UPI,5
1433,2022-11-21,21,11,2022,Monday,Samsung,Galaxy Note 20,8,51136.18,409089.44,Bhavana Mehta,51,Bangalore,Cash,1
1434,2022-11-21,21,11,2022,Monday,Xiaomi,Mi 11,1,55533.33,55533.33,Kiran Solanki,33,Delhi,Credit Card,5
1435,2022-11-21,21,11,2022,Monday,Samsung,Galaxy S21,1,41961.14,41961.14,Kunal Chaudhary,50,Kolkata,Cash,5
1436,2022-11-22,22,11,2022,Tuesday,Apple,iPhone 11,8,48323.57,386588.56,Pooja Luthra,20,Hyderabad,Debit Card,5
1437,2022-11-22,22,11,2022,Tuesday,Samsung,Galaxy Note 20,5,67199.2,335996.0,Rajesh Kulkarni,40,Delhi,UPI,5
1438,2022-11-22,22,11,2022,Tuesday,OnePlus,OnePlus 9,9,16065.32,144587.88,Reena Sharma,28,Mumbai,UPI,1
1439,2022-11-22,22,11,2022,Tuesday,Samsung,Galaxy Note 20,2,28530.84,57061.68,Sunil Dutta,35,Vadodara,Debit Card,5
1440,2022-11-23,23,11,2022,Wednesday,Apple,iPhone SE,9,46681.42,420132.77999999997,Anita Srivastava,58,Indore,Debit Card,5
1441,2022-11-23,23,11,2022,Wednesday,OnePlus,OnePlus 9,8,67843.25,542746.0,Kavita Singh,46,Mumbai,Credit Card,5
1442,2022-11-23,23,11,2022,Wednesday,Vivo,Vivo Y51,9,15734.47,141610.22999999998,Shruti Shah,22,Chennai,Debit Card,5
1443,2022-11-24,24,11,2022,Thursday,Vivo,Vivo Y51,4,11352.95,45411.8,Namita Ghosh,41,Delhi,Debit Card,4
1444,2022-11-24,24,11,2022,Thursday,Samsung,Galaxy S21,1,13344.98,13344.98,Radha Kaur,46,Delhi,Debit Card,1
1445,2022-11-24,24,11,2022,Thursday,Samsung,Galaxy S21,1,13144.34,13144.34,Prashant Teja,46,Patna,UPI,1
1446,2022-11-24,24,11,2022,Thursday,Apple,iPhone SE,5,64468.95,322344.75,Rohan Singh,43,Bhopal,Debit Card,5
1447,2022-11-25,25,11,2022,Friday,Apple,iPhone 11,2,53275.47,106550.94,Nikhil Patel,57,Delhi,Cash,1
1448,2022-11-25,25,11,2022,Friday,Xiaomi,Mi 11,8,50626.38,405011.04,Rajesh Verma,20,Delhi,Cash,5
1449,2022-11-25,25,11,2022,Friday,Apple,iPhone 11,5,41354.37,206771.85,Sunita Das,19,Delhi,UPI,3
1450,2022-11-25,25,11,2022,Friday,Xiaomi,Redmi Note 10,5,56917.16,284585.80000000005,Sneha Menon,42,Patna,Credit Card,1
1451,2022-11-26,26,11,2022,Saturday,OnePlus,OnePlus 9,2,19338.88,38677.76,Priyanka Sharma,36,Vadodara,Credit Card,3
1452,2022-11-26,26,11,2022,Saturday,Samsung,Galaxy S21,7,33516.47,234615.29,Bhavana Teja,57,Mumbai,UPI,4
1453,2022-11-26,26,11,2022,Saturday,OnePlus,OnePlus 8T,8,39400.26,315202.08,Deepika Reddy,19,Delhi,Cash,5
1454,2022-11-27,27,11,2022,Sunday,Apple,iPhone 11,1,16624.57,16624.57,Ravi Jain,36,Lucknow,UPI,5
1455,2022-11-27,27,11,2022,Sunday,OnePlus,OnePlus 9,2,35170.82,70341.64,Kavita Iyer,18,Madurai,Debit Card,5
1456,2022-11-27,27,11,2022,Sunday,OnePlus,OnePlus Nord,4,28990.11,115960.44,Radha Alva,44,Coimbatore,UPI,4
1457,2022-11-28,28,11,2022,Monday,OnePlus,OnePlus 8T,5,12134.93,60674.65,Deepika Malhotra,52,Madurai,Credit Card,5
1458,2022-11-28,28,11,2022,Monday,Apple,iPhone SE,2,18204.12,36408.24,Ayesha Singh,58,Patna,Cash,3
1459,2022-11-28,28,11,2022,Monday,OnePlus,OnePlus 9,1,55842.21,55842.21,Lata Shah,22,Patna,Credit Card,1
1460,2022-11-29,29,11,2022,Tuesday,Xiaomi,Mi 11,9,11082.27,99740.43000000001,Bina Solanki,55,Gorakhpur,Credit Card,5
1461,2022-11-29,29,11,2022,Tuesday,Apple,iPhone SE,1,66055.2,66055.2,Anita Varma,21,Patna,Cash,5
1462,2022-11-29,29,11,2022,Tuesday,OnePlus,OnePlus 8T,4,15185.48,60741.92,Devendra Mathur,34,Gorakhpur,Debit Card,5
1463,2022-11-30,30,11,2022,Wednesday,Apple,iPhone SE,2,57954.29,115908.58,Isha Nair,38,Ludhiana,Cash,5
1464,2022-11-30,30,11,2022,Wednesday,Vivo,Vivo Y51,4,63916.99,255667.96,Meena Das,48,Jodhpur,Cash,3
1465,2022-11-30,30,11,2022,Wednesday,Xiaomi,Redmi 9,8,66468.14,531745.12,Kavita Teja,39,Delhi,UPI,5
1466,2022-11-30,30,11,2022,Wednesday,OnePlus,OnePlus Nord,8,62048.62,496388.96,Pankaj Singh,28,Bangalore,Cash,4
1467,2022-12-01,1,12,2022,Thursday,Vivo,Vivo V20,9,27253.0,245277.0,Mala Kulkarni,51,Delhi,UPI,5
1468,2022-12-01,1,12,2022,Thursday,Vivo,Vivo V20,5,29985.23,149926.15,Pankaj Desai,32,Mumbai,Credit Card,3
1469,2022-12-01,1,12,2022,Thursday,Apple,iPhone SE,7,35592.74,249149.18,Sneha Sharma,27,Coimbatore,Cash,1
1470,2022-12-01,1,12,2022,Thursday,Vivo,Vivo Y51,3,18357.8,55073.399999999994,Sanjay Malhotra,55,Delhi,Debit Card,5
1471,2022-12-02,2,12,2022,Friday,Xiaomi,Redmi 9,4,11336.35,45345.4,Umesh Dutta,49,Vadodara,UPI,5
1472,2022-12-02,2,12,2022,Friday,Xiaomi,Mi 11,9,62147.3,559325.7000000001,Bina Mathur,48,Ranchi,UPI,3
1473,2022-12-02,2,12,2022,Friday,Samsung,Galaxy Note 20,1,43247.72,43247.72,Namita Siddiqui,54,Delhi,Debit Card,5
1474,2022-12-02,2,12,2022,Friday,Xiaomi,Mi 11,2,46523.38,93046.76,Priyanka Alva,45,Rajkot,UPI,1
1475,2022-12-03,3,12,2022,Saturday,Vivo,Vivo Y51,5,65619.31,328096.55,Mala Thakur,48,Delhi,UPI,1
1476,2022-12-03,3,12,2022,Saturday,Xiaomi,Redmi Note 10,3,49907.21,149721.63,Monika Goyal,23,Madurai,Debit Card,5
1477,2022-12-03,3,12,2022,Saturday,Apple,iPhone SE,2,51451.21,102902.42,Aditya Menon,31,Mumbai,Credit Card,4
1478,2022-12-03,3,12,2022,Saturday,Samsung,Galaxy Note 20,1,57218.12,57218.12,Tapan Deshmukh,40,Lucknow,Cash,5
1479,2022-12-04,4,12,2022,Sunday,Vivo,Vivo V20,3,16980.91,50942.729999999996,Navin Kapoor,33,Delhi,Cash,3
1480,2022-12-04,4,12,2022,Sunday,Samsung,Galaxy Note 20,1,31609.73,31609.73,Sachin Nambiar,42,Patna,Cash,5
1481,2022-12-04,4,12,2022,Sunday,Vivo,Vivo Y51,1,68092.48,68092.48,Anjali Ahuja,56,Rajkot,Cash,3
1482,2022-12-04,4,12,2022,Sunday,Apple,iPhone 12,1,65375.8,65375.8,Kiran Singh,19,Coimbatore,Cash,4
1483,2022-12-05,5,12,2022,Monday,Samsung,Galaxy S21,8,63044.52,504356.16,Umesh Dutta,55,Kolkata,Cash,5
1484,2022-12-05,5,12,2022,Monday,OnePlus,OnePlus 8T,3,37125.31,111375.93,Ravi Varma,58,Mumbai,UPI,1
1485,2022-12-05,5,12,2022,Monday,Vivo,Vivo S1,1,61431.58,61431.58,Umesh Varma,56,Delhi,Cash,3
1486,2022-12-05,5,12,2022,Monday,OnePlus,OnePlus 9,7,12903.75,90326.25,Pankaj Shah,51,Mumbai,UPI,3
1487,2022-12-06,6,12,2022,Tuesday,Samsung,Galaxy A51,3,18911.05,56733.149999999994,Vijay Singh,57,Bangalore,Debit Card,1
1488,2022-12-06,6,12,2022,Tuesday,OnePlus,OnePlus 8T,8,34838.06,278704.48,Jyoti Roy,42,Delhi,Credit Card,5
1489,2022-12-06,6,12,2022,Tuesday,OnePlus,OnePlus 8T,4,39003.52,156014.08,Kunal Malhotra,53,Vadodara,UPI,4
1490,2022-12-07,7,12,2022,Wednesday,Samsung,Galaxy Note 20,4,25810.43,103241.72,Shruti Bhatnagar,33,Mumbai,Credit Card,5
1491,2022-12-07,7,12,2022,Wednesday,Apple,iPhone 11,5,31388.6,156943.0,Lata Alva,35,Ludhiana,Debit Card,5
1492,2022-12-07,7,12,2022,Wednesday,OnePlus,OnePlus 8T,6,19766.57,118599.42,Navin Chaudhary,30,Mumbai,Cash,5
1493,2022-12-07,7,12,2022,Wednesday,OnePlus,OnePlus 8T,7,39348.04,275436.28,Radha Srivastava,54,Ludhiana,Credit Card,3
1494,2022-12-08,8,12,2022,Thursday,Apple,iPhone SE,4,57630.6,230522.4,Arun Nair,44,Kolkata,Credit Card,3
1495,2022-12-08,8,12,2022,Thursday,OnePlus,OnePlus 9,8,49681.62,397452.96,Anita Mathur,51,Ludhiana,Debit Card,4
1496,2022-12-08,8,12,2022,Thursday,OnePlus,OnePlus 8T,6,16467.53,98805.18,Jyoti Rawat,28,Kanpur,Debit Card,4
1497,2022-12-09,9,12,2022,Friday,OnePlus,OnePlus 9,1,39254.9,39254.9,Radha Varma,18,Bangalore,Debit Card,4
1498,2022-12-09,9,12,2022,Friday,Xiaomi,Redmi 9,1,51858.78,51858.78,Neeta Kumar,30,Ranchi,UPI,1
1499,2022-12-09,9,12,2022,Friday,Apple,iPhone 11,9,41793.72,376143.48,Kavita Kaur,47,Mumbai,UPI,5
1500,2022-12-10,10,12,2022,Saturday,OnePlus,OnePlus 8T,6,33500.54,201003.24,Deepika Shah,22,Delhi,Credit Card,5
1501,2022-12-10,10,12,2022,Saturday,Apple,iPhone 12,8,47314.87,378518.96,Sachin Goyal,35,Mumbai,Debit Card,4
1502,2022-12-10,10,12,2022,Saturday,Vivo,Vivo V20,7,68118.32,476828.24000000005,Pooja Deshmukh,31,Mumbai,Credit Card,3
1503,2022-12-10,10,12,2022,Saturday,Vivo,Vivo V20,6,15694.47,94166.81999999999,Reena Das,30,Vadodara,Cash,5
1504,2022-12-11,11,12,2022,Sunday,OnePlus,OnePlus 8T,4,33400.96,133603.84,Amit Ahuja,49,Bhopal,Debit Card,5
1505,2022-12-11,11,12,2022,Sunday,Apple,iPhone 12,7,34396.35,240774.44999999998,Pankaj Desai,24,Mumbai,UPI,1
1506,2022-12-11,11,12,2022,Sunday,Apple,iPhone 12,9,44618.04,401562.36,Rajesh Roy,25,Lucknow,Debit Card,3
1507,2022-12-12,12,12,2022,Monday,Apple,iPhone SE,7,19130.48,133913.36,Shruti Mehta,24,Delhi,Credit Card,1
1508,2022-12-12,12,12,2022,Monday,Xiaomi,Mi 11,1,20598.58,20598.58,Neeta Menon,33,Delhi,UPI,5
1509,2022-12-12,12,12,2022,Monday,Vivo,Vivo Y51,9,27121.68,244095.12,Kavita Bhatnagar,48,Delhi,Cash,5
1510,2022-12-12,12,12,2022,Monday,Apple,iPhone 11,4,67352.2,269408.8,Pooja Pillai,44,Gorakhpur,Cash,1
1511,2022-12-13,13,12,2022,Tuesday,Apple,iPhone 12,3,54046.51,162139.53,Devendra Jain,50,Vadodara,Credit Card,1
1512,2022-12-13,13,12,2022,Tuesday,Xiaomi,Redmi 9,4,49701.6,198806.4,Bhavana Mishra,46,Kolkata,Debit Card,1
1513,2022-12-13,13,12,2022,Tuesday,Xiaomi,Redmi Note 10,4,59017.46,236069.84,Vijay Das,25,Delhi,Cash,5
1514,2022-12-14,14,12,2022,Wednesday,Apple,iPhone 11,2,17654.59,35309.18,Shruti Verma,50,Indore,Credit Card,3
1515,2022-12-14,14,12,2022,Wednesday,Samsung,Galaxy S21,1,61559.97,61559.97,Aditya Patel,58,Vadodara,UPI,3
1516,2022-12-14,14,12,2022,Wednesday,Apple,iPhone 11,1,45689.96,45689.96,Sunita Luthra,36,Coimbatore,UPI,5
1517,2022-12-14,14,12,2022,Wednesday,Apple,iPhone 12,8,30119.74,240957.92,Manoj Gupta,38,Mumbai,Credit Card,1
1518,2022-12-15,15,12,2022,Thursday,Xiaomi,Redmi Note 10,2,58951.32,117902.64,Pooja Deshmukh,58,Mumbai,Debit Card,1
1519,2022-12-15,15,12,2022,Thursday,Xiaomi,Mi 11,5,58153.87,290769.35000000003,Ravi Prasad,38,Ludhiana,Debit Card,4
1520,2022-12-15,15,12,2022,Thursday,Apple,iPhone 12,4,60742.51,242970.04,Umesh Rawat,42,Kolkata,Debit Card,5
1521,2022-12-16,16,12,2022,Friday,Apple,iPhone 11,8,16931.07,135448.56,Shruti Pathak,59,Chennai,Debit Card,5
1522,2022-12-16,16,12,2022,Friday,Apple,iPhone 12,2,68161.67,136323.34,Manoj Kapoor,40,Rajkot,Credit Card,3
1523,2022-12-16,16,12,2022,Friday,Xiaomi,Redmi Note 10,9,67577.57,608198.1300000001,Anita Dutta,28,Delhi,Credit Card,5
1524,2022-12-16,16,12,2022,Friday,Apple,iPhone 12,7,31448.18,220137.26,Deepika Patel,50,Delhi,UPI,1
1525,2022-12-17,17,12,2022,Saturday,Apple,iPhone 11,7,13953.64,97675.48,Arun Rawat,37,Ranchi,UPI,5
1526,2022-12-17,17,12,2022,Saturday,OnePlus,OnePlus 9,1,20023.34,20023.34,Kavita Kapoor,42,Mumbai,Debit Card,5
1527,2022-12-17,17,12,2022,Saturday,Samsung,Galaxy S21,2,69569.85,139139.7,Sachin Ghosh,43,Chennai,Cash,5
1528,2022-12-17,17,12,2022,Saturday,Vivo,Vivo S1,4,43780.78,175123.12,Sunita Verma,57,Mumbai,Cash,1
1529,2022-12-18,18,12,2022,Sunday,Samsung,Galaxy A51,4,31397.31,125589.24,Prashant Roy,29,Patna,UPI,5
1530,2022-12-18,18,12,2022,Sunday,OnePlus,OnePlus 8T,3,27292.16,81876.48,Ravi Malhotra,49,Mumbai,UPI,5
1531,2022-12-18,18,12,2022,Sunday,Vivo,Vivo Y51,7,25419.5,177936.5,Krishna Alva,50,Jodhpur,Credit Card,4
1532,2022-12-18,18,12,2022,Sunday,Apple,iPhone 11,8,49849.17,398793.36,Vivek Sheth,27,Bhopal,UPI,5
1533,2022-12-19,19,12,2022,Monday,OnePlus,OnePlus 8T,2,35163.27,70326.54,Anita Malhotra,21,Bhopal,UPI,4
1534,2022-12-19,19,12,2022,Monday,Apple,iPhone 12,4,67924.64,271698.56,Ramesh Srivastava,32,Mumbai,Debit Card,5
1535,2022-12-19,19,12,2022,Monday,Xiaomi,Redmi Note 10,3,51030.58,153091.74,Meena Roy,23,Mumbai,Cash,5
1536,2022-12-19,19,12,2022,Monday,OnePlus,OnePlus 8T,2,57522.68,115045.36,Anita Malhotra,44,Mumbai,Cash,1
1537,2022-12-20,20,12,2022,Tuesday,Xiaomi,Mi 11,6,27564.49,165386.94,Tapan Singh,22,Kanpur,Credit Card,5
1538,2022-12-20,20,12,2022,Tuesday,OnePlus,OnePlus Nord,4,14751.18,59004.72,Prashant Deshmukh,22,Madurai,Cash,1
1539,2022-12-20,20,12,2022,Tuesday,OnePlus,OnePlus 8T,6,39269.37,235616.22000000003,Sunita Mathur,35,Indore,Debit Card,4
1540,2022-12-20,20,12,2022,Tuesday,Xiaomi,Redmi 9,2,28874.89,57749.78,Meena Srivastava,45,Kolkata,Debit Card,3
1541,2022-12-21,21,12,2022,Wednesday,Vivo,Vivo Y51,4,22124.99,88499.96,Anita Rawat,52,Delhi,Credit Card,3
1542,2022-12-21,21,12,2022,Wednesday,Samsung,Galaxy Note 20,6,67158.53,402951.18,Manoj Jain,39,Chennai,UPI,4
1543,2022-12-21,21,12,2022,Wednesday,Apple,iPhone 12,5,36639.29,183196.45,Anjali Srivastava,51,Mumbai,UPI,3
1544,2022-12-22,22,12,2022,Thursday,OnePlus,OnePlus 8T,3,20482.52,61447.56,Anand Kaur,21,Delhi,Debit Card,5
1545,2022-12-22,22,12,2022,Thursday,Apple,iPhone SE,8,21919.04,175352.32,Sunil Varma,35,Delhi,Credit Card,5
1546,2022-12-22,22,12,2022,Thursday,Xiaomi,Redmi Note 10,7,26842.58,187898.06,Deepika Patel,58,Chennai,Debit Card,5
1547,2022-12-23,23,12,2022,Friday,Apple,iPhone SE,3,69958.98,209876.94,Sunil Luthra,43,Delhi,Cash,5
1548,2022-12-23,23,12,2022,Friday,Xiaomi,Mi 11,6,26080.69,156484.13999999998,Gita Dutta,59,Lucknow,Cash,3
1549,2022-12-23,23,12,2022,Friday,Apple,iPhone 12,4,29728.11,118912.44,Mala Dutta,39,Patna,Debit Card,1
1550,2022-12-24,24,12,2022,Saturday,Samsung,Galaxy A51,5,49559.69,247798.45,Amit Chatterjee,50,Mumbai,UPI,5
1551,2022-12-24,24,12,2022,Saturday,Samsung,Galaxy Note 20,5,27637.68,138188.4,Shruti Dutta,31,Mumbai,Cash,1
1552,2022-12-24,24,12,2022,Saturday,Samsung,Galaxy A51,7,22948.26,160637.81999999998,Ramesh Varma,48,Gorakhpur,Credit Card,3
1553,2022-12-24,24,12,2022,Saturday,Samsung,Galaxy Note 20,5,19518.23,97591.15,Reena Kulkarni,27,Rajkot,UPI,1
1554,2022-12-25,25,12,2022,Sunday,Samsung,Galaxy A51,3,28760.96,86282.88,Anand Kaur,41,Hyderabad,Cash,3
1555,2022-12-25,25,12,2022,Sunday,Samsung,Galaxy Note 20,5,16354.94,81774.7,Sunil Siddiqui,38,Delhi,Debit Card,5
1556,2022-12-25,25,12,2022,Sunday,Xiaomi,Redmi 9,7,11118.8,77831.59999999999,Rohan Sheth,25,Delhi,UPI,5
1557,2022-12-26,26,12,2022,Monday,OnePlus,OnePlus 9,5,58278.5,291392.5,Sunita Iyer,49,Rajkot,UPI,4
1558,2022-12-26,26,12,2022,Monday,Apple,iPhone 11,5,18273.7,91368.5,Bhavana Ghosh,48,Mumbai,Cash,3
1559,2022-12-26,26,12,2022,Monday,Samsung,Galaxy Note 20,9,56558.61,509027.49,Priya Thakur,51,Delhi,Credit Card,5
1560,2022-12-26,26,12,2022,Monday,Xiaomi,Redmi 9,3,57852.55,173557.65000000002,Sanjay Srivastava,40,Coimbatore,Cash,1
1561,2022-12-27,27,12,2022,Tuesday,Xiaomi,Mi 11,6,42275.17,253651.02,Meena Sheth,42,Bangalore,Cash,5
1562,2022-12-27,27,12,2022,Tuesday,Xiaomi,Redmi Note 10,1,28580.92,28580.92,Meena Joshi,24,Mumbai,Cash,1
1563,2022-12-27,27,12,2022,Tuesday,OnePlus,OnePlus Nord,5,18701.96,93509.79999999999,Manoj Gupta,36,Delhi,Cash,1
1564,2022-12-27,27,12,2022,Tuesday,Apple,iPhone SE,8,54208.31,433666.48,Anand Kaur,24,Delhi,Cash,1
1565,2022-12-28,28,12,2022,Wednesday,OnePlus,OnePlus Nord,5,46083.22,230416.1,Rohan Dutta,25,Kolkata,Debit Card,1
1566,2022-12-28,28,12,2022,Wednesday,Vivo,Vivo V20,9,49327.21,443944.89,Prashant Deshmukh,31,Bhopal,Cash,5
1567,2022-12-28,28,12,2022,Wednesday,Xiaomi,Redmi Note 10,6,10520.15,63120.899999999994,Priya Kaur,18,Delhi,Credit Card,1
1568,2022-12-29,29,12,2022,Thursday,Vivo,Vivo Y51,8,65651.02,525208.16,Anand Siddiqui,30,Delhi,UPI,5
1569,2022-12-29,29,12,2022,Thursday,Samsung,Galaxy A51,8,13977.41,111819.28,Rajesh Ghosh,20,Delhi,Debit Card,4
1570,2022-12-29,29,12,2022,Thursday,Samsung,Galaxy S21,3,32008.35,96025.04999999999,Sanjay Roy,45,Mumbai,Credit Card,5
1571,2022-12-30,30,12,2022,Friday,OnePlus,OnePlus 8T,7,34162.7,239138.89999999997,Kavita Kumar,55,Jodhpur,Cash,1
1572,2022-12-30,30,12,2022,Friday,Apple,iPhone 12,7,10081.33,70569.31,Prashant Jain,32,Delhi,Credit Card,4
1573,2022-12-30,30,12,2022,Friday,Vivo,Vivo V20,6,39825.36,238952.16,Namita Teja,53,Delhi,UPI,5
1574,2022-12-30,30,12,2022,Friday,Apple,iPhone 12,7,55168.54,386179.78,Yogesh Mishra,20,Kolkata,Credit Card,5
1575,2022-12-31,31,12,2022,Saturday,OnePlus,OnePlus 8T,2,59396.12,118792.24,Anita Joshi,21,Vadodara,Cash,5
1576,2022-12-31,31,12,2022,Saturday,Samsung,Galaxy S21,9,62763.82,564874.38,Rohan Deshmukh,22,Mumbai,UPI,4
1577,2022-12-31,31,12,2022,Saturday,Apple,iPhone 12,1,39263.13,39263.13,Vivek Rawat,43,Mumbai,Cash,5
1578,2023-01-01,1,1,2023,Sunday,Apple,iPhone 12,1,47838.17,47838.17,Priya Bhattacharya,42,Bangalore,Cash,1
1579,2023-01-01,1,1,2023,Sunday,Samsung,Galaxy A51,3,14771.18,44313.54,Tapan Singh,27,Coimbatore,Debit Card,5
1580,2023-01-01,1,1,2023,Sunday,Vivo,Vivo V20,3,39282.29,117846.87,Meena Desai,25,Mumbai,UPI,1
1581,2023-01-01,1,1,2023,Sunday,Samsung,Galaxy A51,1,19288.95,19288.95,Pankaj Pathak,29,Delhi,UPI,3
1582,2023-01-02,2,1,2023,Monday,Apple,iPhone 12,7,32178.59,225250.13,Rajesh Chaudhary,20,Delhi,Cash,5
1583,2023-01-02,2,1,2023,Monday,Vivo,Vivo S1,4,29758.32,119033.28,Lata Shah,44,Hyderabad,Credit Card,5
1584,2023-01-02,2,1,2023,Monday,Vivo,Vivo V20,2,35412.43,70824.86,Anand Patel,40,Bangalore,UPI,5
1585,2023-01-02,2,1,2023,Monday,Samsung,Galaxy A51,5,44298.2,221491.0,Meena Rathod,57,Ranchi,Credit Card,5
1586,2023-01-03,3,1,2023,Tuesday,Apple,iPhone SE,6,64172.6,385035.6,Jyoti Iyer,50,Coimbatore,Credit Card,4
1587,2023-01-03,3,1,2023,Tuesday,OnePlus,OnePlus Nord,9,33669.08,303021.72000000003,Ramesh Gupta,31,Delhi,UPI,1
1588,2023-01-03,3,1,2023,Tuesday,Apple,iPhone 12,4,68867.87,275471.48,Sumit Chatterjee,40,Gorakhpur,Credit Card,5
1589,2023-01-03,3,1,2023,Tuesday,Xiaomi,Mi 11,2,55541.68,111083.36,Reena Patel,48,Mumbai,UPI,4
1590,2023-01-04,4,1,2023,Wednesday,OnePlus,OnePlus Nord,5,40688.86,203444.3,Manoj Siddiqui,30,Mumbai,Debit Card,1
1591,2023-01-04,4,1,2023,Wednesday,Vivo,Vivo S1,3,48641.59,145924.77,Lalita Rathod,29,Delhi,UPI,1
1592,2023-01-04,4,1,2023,Wednesday,OnePlus,OnePlus Nord,2,16133.45,32266.9,Ravi Kulkarni,52,Mumbai,UPI,1
1593,2023-01-04,4,1,2023,Wednesday,Vivo,Vivo S1,1,60671.29,60671.29,Arun Kapoor,35,Mumbai,UPI,3
1594,2023-01-05,5,1,2023,Thursday,Vivo,Vivo S1,2,44941.45,89882.9,Isha Dutta,38,Mumbai,Debit Card,1
1595,2023-01-05,5,1,2023,Thursday,OnePlus,OnePlus 8T,6,69164.05,414984.30000000005,Vivek Bhattacharya,59,Hyderabad,Credit Card,4
1596,2023-01-05,5,1,2023,Thursday,Vivo,Vivo V20,8,48185.72,385485.76,Devendra Rao,18,Indore,Debit Card,1
1597,2023-01-05,5,1,2023,Thursday,Vivo,Vivo Y51,3,60046.69,180140.07,Prashant Luthra,55,Mumbai,Credit Card,1
1598,2023-01-06,6,1,2023,Friday,Xiaomi,Redmi Note 10,9,57985.76,521871.84,Shruti Kulkarni,58,Delhi,UPI,4
1599,2023-01-06,6,1,2023,Friday,Apple,iPhone 11,9,30727.67,276549.02999999997,Monika Goyal,59,Delhi,UPI,5
1600,2023-01-06,6,1,2023,Friday,Apple,iPhone 12,2,25576.64,51153.28,Kiran Jain,26,Delhi,Debit Card,1
1601,2023-01-07,7,1,2023,Saturday,Xiaomi,Redmi 9,8,35829.62,286636.96,Arun Dutta,40,Gorakhpur,Debit Card,4
1602,2023-01-07,7,1,2023,Saturday,OnePlus,OnePlus 9,5,38034.48,190172.40000000002,Tapan Kumar,31,Delhi,Debit Card,5
1603,2023-01-07,7,1,2023,Saturday,Samsung,Galaxy S21,4,24405.08,97620.32,Bhavana Mathur,28,Madurai,Debit Card,4
1604,2023-01-08,8,1,2023,Sunday,Samsung,Galaxy A51,5,63675.87,318379.35000000003,Devendra Menon,24,Indore,UPI,3
1605,2023-01-08,8,1,2023,Sunday,Samsung,Galaxy A51,4,42552.87,170211.48,Lata Joshi,48,Delhi,UPI,5
1606,2023-01-08,8,1,2023,Sunday,Xiaomi,Redmi Note 10,8,68706.66,549653.28,Sachin Ghosh,41,Madurai,Cash,5
1607,2023-01-08,8,1,2023,Sunday,Xiaomi,Redmi Note 10,4,58601.07,234404.28,Yogesh Roy,43,Jodhpur,Debit Card,5
1608,2023-01-09,9,1,2023,Monday,Vivo,Vivo S1,6,43342.29,260053.74,Vivek Srivastava,47,Delhi,Debit Card,4
1609,2023-01-09,9,1,2023,Monday,Samsung,Galaxy Note 20,2,66822.42,133644.84,Meena Pillai,51,Kanpur,Credit Card,4
1610,2023-01-09,9,1,2023,Monday,OnePlus,OnePlus Nord,5,40292.49,201462.44999999998,Rohan Sheth,55,Gorakhpur,Credit Card,1
1611,2023-01-09,9,1,2023,Monday,OnePlus,OnePlus 9,6,63226.39,379358.33999999997,Vivek Shah,22,Delhi,UPI,1
1612,2023-01-10,10,1,2023,Tuesday,Samsung,Galaxy S21,5,31488.69,157443.44999999998,Manoj Sharma,22,Kolkata,Cash,3
1613,2023-01-10,10,1,2023,Tuesday,Samsung,Galaxy S21,2,32718.54,65437.08,Vivek Nambiar,36,Mumbai,Debit Card,1
1614,2023-01-10,10,1,2023,Tuesday,Samsung,Galaxy A51,7,35087.84,245614.87999999998,Amit Pillai,55,Lucknow,Cash,4
1615,2023-01-11,11,1,2023,Wednesday,Xiaomi,Redmi 9,4,42797.54,171190.16,Lalita Verma,45,Delhi,Cash,4
1616,2023-01-11,11,1,2023,Wednesday,Xiaomi,Mi 11,8,43209.42,345675.36,Nikhil Patel,43,Mumbai,UPI,1
1617,2023-01-11,11,1,2023,Wednesday,Xiaomi,Redmi Note 10,7,39783.94,278487.58,Ayesha Roy,59,Gorakhpur,Cash,3
1618,2023-01-12,12,1,2023,Thursday,Apple,iPhone 12,7,28360.06,198520.42,Yogesh Kulkarni,40,Bhopal,Debit Card,4
1619,2023-01-12,12,1,2023,Thursday,OnePlus,OnePlus Nord,9,65632.39,590691.51,Aditya Sheth,47,Delhi,UPI,3
1620,2023-01-12,12,1,2023,Thursday,OnePlus,OnePlus 9,1,45315.17,45315.17,Shruti Teja,20,Hyderabad,Cash,4
1621,2023-01-12,12,1,2023,Thursday,Vivo,Vivo Y51,6,34464.35,206786.09999999998,Priya Teja,45,Jodhpur,UPI,3
1622,2023-01-13,13,1,2023,Friday,Xiaomi,Redmi 9,6,49070.62,294423.72000000003,Krishna Patel,50,Mumbai,UPI,3
1623,2023-01-13,13,1,2023,Friday,Apple,iPhone 12,6,56078.01,336468.06,Tanuja Gupta,59,Mumbai,Credit Card,3
1624,2023-01-13,13,1,2023,Friday,Apple,iPhone SE,6,67643.69,405862.14,Radha Nair,20,Vadodara,UPI,1
1625,2023-01-14,14,1,2023,Saturday,OnePlus,OnePlus Nord,7,39972.95,279810.64999999997,Meena Verma,22,Ludhiana,Cash,5
1626,2023-01-14,14,1,2023,Saturday,Xiaomi,Mi 11,6,16725.91,100355.45999999999,Lata Verma,36,Delhi,Credit Card,3
1627,2023-01-14,14,1,2023,Saturday,Vivo,Vivo S1,1,36445.95,36445.95,Tanuja Bhatnagar,59,Indore,Debit Card,3
1628,2023-01-14,14,1,2023,Saturday,Xiaomi,Redmi Note 10,3,38738.23,116214.69,Sachin Chaudhary,18,Hyderabad,Debit Card,4
1629,2023-01-15,15,1,2023,Sunday,Samsung,Galaxy Note 20,2,63819.64,127639.28,Namita Goyal,55,Delhi,Debit Card,5
1630,2023-01-15,15,1,2023,Sunday,Xiaomi,Redmi 9,6,33688.05,202128.30000000002,Shruti Chaudhary,26,Delhi,Debit Card,4
1631,2023-01-15,15,1,2023,Sunday,Samsung,Galaxy S21,8,67199.46,537595.68,Shruti Ahuja,22,Mumbai,Debit Card,4
1632,2023-01-16,16,1,2023,Monday,Samsung,Galaxy A51,3,39107.91,117323.73000000001,Bina Das,59,Delhi,Cash,3
1633,2023-01-16,16,1,2023,Monday,Vivo,Vivo S1,8,68426.83,547414.64,Neeta Pillai,51,Delhi,UPI,5
1634,2023-01-16,16,1,2023,Monday,OnePlus,OnePlus 8T,8,10491.9,83935.2,Vijay Rao,54,Indore,Credit Card,5
1635,2023-01-16,16,1,2023,Monday,Xiaomi,Mi 11,5,63928.92,319644.6,Rohan Rathod,50,Kanpur,UPI,4
1636,2023-01-17,17,1,2023,Tuesday,Samsung,Galaxy Note 20,8,65867.23,526937.84,Priya Mathur,42,Delhi,UPI,5
1637,2023-01-17,17,1,2023,Tuesday,Xiaomi,Mi 11,6,67661.26,405967.55999999994,Prashant Shah,59,Vadodara,Cash,5
1638,2023-01-17,17,1,2023,Tuesday,OnePlus,OnePlus 9,5,10784.59,53922.95,Sachin Singh,46,Ranchi,Cash,4
1639,2023-01-18,18,1,2023,Wednesday,OnePlus,OnePlus Nord,9,20302.05,182718.44999999998,Neeta Yadav,42,Mumbai,Cash,3
1640,2023-01-18,18,1,2023,Wednesday,Apple,iPhone 11,7,49225.87,344581.09,Pankaj Alva,26,Mumbai,Credit Card,1
1641,2023-01-18,18,1,2023,Wednesday,OnePlus,OnePlus 9,8,11528.36,92226.88,Ayesha Siddiqui,20,Bhopal,Cash,4
1642,2023-01-18,18,1,2023,Wednesday,Vivo,Vivo Y51,1,13816.54,13816.54,Rohan Menon,32,Delhi,UPI,3
1643,2023-01-19,19,1,2023,Thursday,Samsung,Galaxy A51,2,23264.73,46529.46,Ayesha Kaur,21,Patna,Credit Card,5
1644,2023-01-19,19,1,2023,Thursday,Apple,iPhone 11,8,40746.39,325971.12,Ravi Bhattacharya,55,Ludhiana,Cash,3
1645,2023-01-19,19,1,2023,Thursday,Vivo,Vivo S1,9,42754.15,384787.35000000003,Radha Nair,37,Bhopal,Cash,5
1646,2023-01-20,20,1,2023,Friday,Xiaomi,Redmi 9,4,12055.67,48222.68,Harish Mishra,40,Delhi,Cash,5
1647,2023-01-20,20,1,2023,Friday,Samsung,Galaxy S21,9,20222.04,181998.36000000002,Anita Srivastava,54,Jodhpur,UPI,5
1648,2023-01-20,20,1,2023,Friday,OnePlus,OnePlus 8T,4,39982.34,159929.36,Amit Ahuja,25,Mumbai,Cash,1
1649,2023-01-21,21,1,2023,Saturday,Samsung,Galaxy Note 20,9,45636.44,410727.96,Radha Varma,54,Chennai,UPI,1
1650,2023-01-21,21,1,2023,Saturday,Xiaomi,Redmi 9,7,18904.1,132328.69999999998,Manoj Shah,50,Bangalore,Credit Card,4
1651,2023-01-21,21,1,2023,Saturday,Apple,iPhone 11,2,33930.48,67860.96,Lata Rathod,50,Bangalore,Cash,3
1652,2023-01-21,21,1,2023,Saturday,Apple,iPhone SE,9,64264.09,578376.8099999999,Isha Reddy,24,Patna,Debit Card,4
1653,2023-01-22,22,1,2023,Sunday,Apple,iPhone 12,4,69933.96,279735.84,Kavita Rawat,39,Chennai,Debit Card,1
1654,2023-01-22,22,1,2023,Sunday,OnePlus,OnePlus 8T,8,69232.87,553862.96,Meena Mathur,22,Bhopal,UPI,5
1655,2023-01-22,22,1,2023,Sunday,Vivo,Vivo S1,7,62900.47,440303.29000000004,Bhavana Malhotra,32,Mumbai,Cash,1
1656,2023-01-23,23,1,2023,Monday,Vivo,Vivo Y51,7,33679.61,235757.27000000002,Anita Pillai,38,Mumbai,Cash,3
1657,2023-01-23,23,1,2023,Monday,Samsung,Galaxy Note 20,8,51194.46,409555.68,Prashant Gupta,42,Madurai,Debit Card,5
1658,2023-01-23,23,1,2023,Monday,OnePlus,OnePlus 9,1,34995.53,34995.53,Vinod Goyal,34,Delhi,Credit Card,4
1659,2023-01-23,23,1,2023,Monday,Apple,iPhone SE,5,48911.62,244558.1,Sumit Malhotra,24,Hyderabad,Credit Card,4
1660,2023-01-24,24,1,2023,Tuesday,Apple,iPhone 12,2,28565.95,57131.9,Sachin Goyal,36,Mumbai,UPI,1
1661,2023-01-24,24,1,2023,Tuesday,Xiaomi,Redmi Note 10,2,46372.14,92744.28,Rohan Menon,24,Patna,Debit Card,1
1662,2023-01-24,24,1,2023,Tuesday,Xiaomi,Redmi Note 10,1,41425.51,41425.51,Ravi Jain,57,Delhi,UPI,4
1663,2023-01-25,25,1,2023,Wednesday,Apple,iPhone SE,5,11468.82,57344.1,Neeta Ghosh,41,Vadodara,UPI,4
1664,2023-01-25,25,1,2023,Wednesday,Apple,iPhone SE,2,57442.17,114884.34,Amit Prasad,28,Delhi,Credit Card,5
1665,2023-01-25,25,1,2023,Wednesday,OnePlus,OnePlus 8T,4,10713.87,42855.48,Harish Joshi,58,Gorakhpur,Debit Card,3
1666,2023-01-25,25,1,2023,Wednesday,Vivo,Vivo S1,3,27589.36,82768.08,Vinod Dutta,18,Delhi,UPI,5
1667,2023-01-26,26,1,2023,Thursday,Xiaomi,Redmi Note 10,3,10355.44,31066.32,Manoj Jain,49,Bhopal,Credit Card,5
1668,2023-01-26,26,1,2023,Thursday,Vivo,Vivo S1,2,32572.08,65144.16,Rohan Shah,57,Gorakhpur,Credit Card,4
1669,2023-01-26,26,1,2023,Thursday,OnePlus,OnePlus 8T,6,13789.63,82737.78,Vinod Chatterjee,19,Delhi,Cash,3
1670,2023-01-27,27,1,2023,Friday,Apple,iPhone 12,2,64810.66,129621.32,Monika Thakur,32,Delhi,Debit Card,4
1671,2023-01-27,27,1,2023,Friday,Vivo,Vivo Y51,8,34940.76,279526.08,Anita Joshi,38,Lucknow,Debit Card,5
1672,2023-01-27,27,1,2023,Friday,Apple,iPhone SE,8,37569.75,300558.0,Navin Solanki,41,Indore,Cash,5
1673,2023-01-27,27,1,2023,Friday,Apple,iPhone 11,5,30991.01,154955.05,Arun Mehta,34,Delhi,UPI,4
1674,2023-01-28,28,1,2023,Saturday,Samsung,Galaxy Note 20,7,47650.37,333552.59,Krishna Pillai,26,Vadodara,Credit Card,1
1675,2023-01-28,28,1,2023,Saturday,Vivo,Vivo S1,4,57064.49,228257.96,Rajesh Ahuja,52,Delhi,Credit Card,1
1676,2023-01-28,28,1,2023,Saturday,Vivo,Vivo Y51,1,48888.8,48888.8,Sneha Reddy,37,Indore,Credit Card,4
1677,2023-01-29,29,1,2023,Sunday,Apple,iPhone SE,2,54892.43,109784.86,Pooja Sharma,36,Gorakhpur,Cash,5
1678,2023-01-29,29,1,2023,Sunday,OnePlus,OnePlus 9,4,64358.42,257433.68,Priya Patel,35,Mumbai,Credit Card,5
1679,2023-01-29,29,1,2023,Sunday,Samsung,Galaxy Note 20,1,61812.79,61812.79,Mala Das,37,Delhi,UPI,1
1680,2023-01-29,29,1,2023,Sunday,Apple,iPhone 12,8,50443.51,403548.08,Shruti Joshi,47,Indore,UPI,3
1681,2023-01-30,30,1,2023,Monday,Xiaomi,Redmi 9,9,22878.28,205904.52,Anita Joshi,57,Mumbai,Cash,5
1682,2023-01-30,30,1,2023,Monday,Xiaomi,Redmi 9,4,48262.17,193048.68,Vijay Prasad,18,Delhi,UPI,3
1683,2023-01-30,30,1,2023,Monday,Samsung,Galaxy Note 20,3,40364.99,121094.97,Sanjay Srivastava,41,Mumbai,Debit Card,1
1684,2023-01-31,31,1,2023,Tuesday,OnePlus,OnePlus 8T,2,53033.15,106066.3,Neeta Yadav,41,Jodhpur,Debit Card,4
1685,2023-01-31,31,1,2023,Tuesday,Apple,iPhone SE,5,59975.9,299879.5,Namita Malhotra,36,Coimbatore,Credit Card,5
1686,2023-01-31,31,1,2023,Tuesday,Vivo,Vivo S1,3,54563.29,163689.87,Sachin Singh,47,Delhi,Credit Card,1
1687,2023-01-31,31,1,2023,Tuesday,Samsung,Galaxy S21,7,60793.67,425555.69,Lata Iyer,43,Delhi,Debit Card,3
1688,2023-02-01,1,2,2023,Wednesday,OnePlus,OnePlus 9,6,13831.98,82991.88,Prashant Mathur,59,Bangalore,UPI,3
1689,2023-02-01,1,2,2023,Wednesday,Vivo,Vivo Y51,1,11897.2,11897.2,Jyoti Srivastava,55,Chennai,Cash,1
1690,2023-02-01,1,2,2023,Wednesday,Xiaomi,Mi 11,8,25510.03,204080.24,Ramesh Gupta,46,Chennai,Credit Card,5
1691,2023-02-01,1,2,2023,Wednesday,Xiaomi,Mi 11,2,64039.97,128079.94,Pankaj Prasad,30,Delhi,Credit Card,3
1692,2023-02-02,2,2,2023,Thursday,Vivo,Vivo Y51,5,59419.56,297097.8,Prashant Gupta,21,Lucknow,Debit Card,5
1693,2023-02-02,2,2,2023,Thursday,Samsung,Galaxy Note 20,9,50963.64,458672.76,Namita Mehta,34,Lucknow,Debit Card,5
1694,2023-02-02,2,2,2023,Thursday,Xiaomi,Mi 11,8,52045.52,416364.16,Bina Kumar,50,Jodhpur,Cash,4
1695,2023-02-02,2,2,2023,Thursday,Apple,iPhone 11,2,53600.23,107200.46,Shruti Chaudhary,22,Chennai,Credit Card,1
1696,2023-02-03,3,2,2023,Friday,Vivo,Vivo Y51,9,66556.16,599005.4400000001,Krishna Bhattacharya,45,Jodhpur,UPI,1
1697,2023-02-03,3,2,2023,Friday,Vivo,Vivo V20,5,59931.47,299657.35,Bina Kumar,41,Chennai,UPI,5
1698,2023-02-03,3,2,2023,Friday,Xiaomi,Redmi 9,6,47403.42,284420.52,Kavita Solanki,34,Kanpur,Debit Card,4
1699,2023-02-04,4,2,2023,Saturday,Samsung,Galaxy A51,3,49942.93,149828.79,Anita Luthra,56,Ranchi,Cash,3
1700,2023-02-04,4,2,2023,Saturday,Apple,iPhone 11,3,22824.42,68473.26,Navin Chaudhary,57,Delhi,Debit Card,3
1701,2023-02-04,4,2,2023,Saturday,Samsung,Galaxy A51,8,49439.13,395513.04,Prashant Luthra,28,Chennai,Cash,1
1702,2023-02-04,4,2,2023,Saturday,OnePlus,OnePlus 8T,2,35480.74,70961.48,Krishna Iyer,29,Kolkata,UPI,5
1703,2023-02-05,5,2,2023,Sunday,OnePlus,OnePlus 9,2,19177.71,38355.42,Pankaj Mishra,30,Delhi,Cash,4
1704,2023-02-05,5,2,2023,Sunday,Xiaomi,Mi 11,5,58384.17,291920.85,Prashant Roy,25,Ranchi,UPI,4
1705,2023-02-05,5,2,2023,Sunday,Xiaomi,Redmi Note 10,6,40614.83,243688.98,Sumit Rathod,18,Chennai,Cash,3
1706,2023-02-06,6,2,2023,Monday,Xiaomi,Redmi Note 10,2,68645.5,137291.0,Manoj Goyal,26,Delhi,Debit Card,3
1707,2023-02-06,6,2,2023,Monday,OnePlus,OnePlus 9,5,26900.76,134503.8,Arun Desai,45,Mumbai,UPI,5
1708,2023-02-06,6,2,2023,Monday,Samsung,Galaxy Note 20,7,38840.21,271881.47,Lata Verma,19,Lucknow,Credit Card,5
1709,2023-02-06,6,2,2023,Monday,Samsung,Galaxy S21,8,36879.73,295037.84,Neeta Ghosh,31,Delhi,Credit Card,5
1710,2023-02-07,7,2,2023,Tuesday,Xiaomi,Mi 11,7,17246.77,120727.39,Priya Varma,30,Chennai,UPI,5
1711,2023-02-07,7,2,2023,Tuesday,Apple,iPhone 12,8,35566.92,284535.36,Tapan Nair,19,Mumbai,Credit Card,4
1712,2023-02-07,7,2,2023,Tuesday,Samsung,Galaxy S21,9,27253.21,245278.88999999998,Manoj Patel,21,Coimbatore,UPI,5
1713,2023-02-08,8,2,2023,Wednesday,OnePlus,OnePlus Nord,5,19619.23,98096.15,Bhavana Ghosh,29,Ludhiana,Debit Card,1
1714,2023-02-08,8,2,2023,Wednesday,Vivo,Vivo Y51,5,26929.34,134646.7,Priya Teja,27,Chennai,Debit Card,1
1715,2023-02-08,8,2,2023,Wednesday,Vivo,Vivo S1,4,23995.1,95980.4,Tanuja Teja,20,Delhi,Cash,3
1716,2023-02-08,8,2,2023,Wednesday,Vivo,Vivo V20,9,54044.41,486399.69000000006,Kavita Solanki,21,Chennai,Credit Card,3
1717,2023-02-09,9,2,2023,Thursday,Apple,iPhone SE,5,11846.51,59232.55,Sneha Mishra,23,Madurai,Credit Card,5
1718,2023-02-09,9,2,2023,Thursday,Xiaomi,Redmi Note 10,2,47047.76,94095.52,Sunil Iyer,40,Delhi,Credit Card,1
1719,2023-02-09,9,2,2023,Thursday,OnePlus,OnePlus Nord,8,55639.68,445117.44,Vijay Varma,22,Patna,UPI,5
1720,2023-02-10,10,2,2023,Friday,Apple,iPhone SE,7,38843.41,271903.87,Prashant Ghosh,20,Lucknow,Debit Card,5
1721,2023-02-10,10,2,2023,Friday,OnePlus,OnePlus 8T,8,65893.9,527151.2,Aditya Arora,27,Madurai,Credit Card,5
1722,2023-02-10,10,2,2023,Friday,OnePlus,OnePlus 8T,3,52472.84,157418.52,Bhavana Malhotra,36,Chennai,Cash,3
1723,2023-02-11,11,2,2023,Saturday,Xiaomi,Redmi 9,4,54875.42,219501.68,Namita Desai,31,Patna,Credit Card,5
1724,2023-02-11,11,2,2023,Saturday,Vivo,Vivo S1,5,21816.01,109080.04999999999,Arun Kumar,38,Chennai,Cash,5
1725,2023-02-11,11,2,2023,Saturday,Xiaomi,Mi 11,6,56637.73,339826.38,Bhavana Jain,45,Mumbai,Credit Card,3
1726,2023-02-11,11,2,2023,Saturday,Apple,iPhone 12,1,59925.68,59925.68,Shruti Ahuja,38,Madurai,Credit Card,3
1727,2023-02-12,12,2,2023,Sunday,Apple,iPhone 12,4,31675.98,126703.92,Mala Malhotra,53,Delhi,Debit Card,1
1728,2023-02-12,12,2,2023,Sunday,Apple,iPhone 12,5,22801.78,114008.9,Priya Roy,41,Mumbai,Cash,3
1729,2023-02-12,12,2,2023,Sunday,Xiaomi,Redmi Note 10,7,33103.04,231721.28,Priyanka Sharma,55,Chennai,Credit Card,5
1730,2023-02-13,13,2,2023,Monday,OnePlus,OnePlus Nord,5,54376.48,271882.4,Amit Pillai,34,Mumbai,Cash,1
1731,2023-02-13,13,2,2023,Monday,OnePlus,OnePlus 9,1,35058.34,35058.34,Ayesha Dutta,39,Indore,Cash,5
1732,2023-02-13,13,2,2023,Monday,Samsung,Galaxy A51,7,54199.11,379393.77,Vivek Siddiqui,36,Delhi,Debit Card,5
1733,2023-02-14,14,2,2023,Tuesday,Apple,iPhone SE,8,16813.87,134510.96,Mala Arora,27,Mumbai,Debit Card,5
1734,2023-02-14,14,2,2023,Tuesday,OnePlus,OnePlus 9,7,58360.7,408524.89999999997,Vivek Nair,28,Ludhiana,Cash,1
1735,2023-02-14,14,2,2023,Tuesday,Samsung,Galaxy S21,4,25192.45,100769.8,Arun Luthra,55,Delhi,Debit Card,5
1736,2023-02-14,14,2,2023,Tuesday,OnePlus,OnePlus 9,8,24935.74,199485.92,Priyanka Roy,19,Delhi,Credit Card,1
1737,2023-02-15,15,2,2023,Wednesday,Apple,iPhone 11,5,45422.86,227114.3,Pankaj Sheth,50,Delhi,Credit Card,4
1738,2023-02-15,15,2,2023,Wednesday,Vivo,Vivo S1,9,14207.08,127863.72,Prashant Arora,48,Mumbai,Debit Card,4
1739,2023-02-15,15,2,2023,Wednesday,Apple,iPhone 12,5,11577.86,57889.3,Yogesh Shah,52,Kanpur,Cash,1
1740,2023-02-16,16,2,2023,Thursday,Xiaomi,Mi 11,1,25661.72,25661.72,Tapan Kulkarni,54,Bangalore,Credit Card,5
1741,2023-02-16,16,2,2023,Thursday,OnePlus,OnePlus Nord,9,42284.05,380556.45,Kavita Kumar,53,Delhi,UPI,5
1742,2023-02-16,16,2,2023,Thursday,OnePlus,OnePlus Nord,5,64456.98,322284.9,Reena Sheth,40,Vadodara,Cash,3
1743,2023-02-17,17,2,2023,Friday,Xiaomi,Redmi 9,6,60786.11,364716.66000000003,Anjali Alva,53,Ludhiana,Cash,5
1744,2023-02-17,17,2,2023,Friday,Xiaomi,Redmi Note 10,4,39426.79,157707.16,Anita Shah,57,Ranchi,UPI,1
1745,2023-02-17,17,2,2023,Friday,Vivo,Vivo V20,6,12223.12,73338.72,Yogesh Shah,56,Lucknow,UPI,5
1746,2023-02-18,18,2,2023,Saturday,OnePlus,OnePlus Nord,8,42115.16,336921.28,Jyoti Iyer,43,Rajkot,Cash,5
1747,2023-02-18,18,2,2023,Saturday,OnePlus,OnePlus Nord,3,52287.74,156863.22,Bhavana Arora,42,Mumbai,UPI,4
1748,2023-02-18,18,2,2023,Saturday,Vivo,Vivo Y51,5,30349.87,151749.35,Arun Luthra,34,Gorakhpur,Debit Card,4
1749,2023-02-18,18,2,2023,Saturday,Samsung,Galaxy Note 20,2,16663.8,33327.6,Ramesh Rao,32,Vadodara,Debit Card,1
1750,2023-02-19,19,2,2023,Sunday,Vivo,Vivo S1,2,26714.08,53428.16,Namita Bhatnagar,54,Delhi,Cash,1
1751,2023-02-19,19,2,2023,Sunday,Apple,iPhone 11,7,56295.33,394067.31,Sachin Desai,21,Coimbatore,Debit Card,5
1752,2023-02-19,19,2,2023,Sunday,OnePlus,OnePlus Nord,6,31074.63,186447.78,Mala Kulkarni,39,Delhi,Credit Card,1
1753,2023-02-20,20,2,2023,Monday,Xiaomi,Mi 11,4,58718.89,234875.56,Harish Goyal,34,Delhi,Debit Card,5
1754,2023-02-20,20,2,2023,Monday,Apple,iPhone SE,5,29171.29,145856.45,Lata Kaur,39,Delhi,Debit Card,5
1755,2023-02-20,20,2,2023,Monday,OnePlus,OnePlus 9,1,19813.3,19813.3,Ramesh Rao,34,Mumbai,UPI,1
1756,2023-02-20,20,2,2023,Monday,Vivo,Vivo S1,7,36150.9,253056.30000000002,Devendra Arora,31,Ludhiana,Debit Card,5
1757,2023-02-21,21,2,2023,Tuesday,Apple,iPhone 12,8,37136.47,297091.76,Meena Kulkarni,31,Patna,Cash,5
1758,2023-02-21,21,2,2023,Tuesday,OnePlus,OnePlus Nord,9,10966.49,98698.41,Rohan Menon,34,Coimbatore,Debit Card,5
1759,2023-02-21,21,2,2023,Tuesday,Samsung,Galaxy S21,8,17022.7,136181.6,Nikhil Luthra,25,Lucknow,Debit Card,5
1760,2023-02-22,22,2,2023,Wednesday,Samsung,Galaxy Note 20,5,21095.56,105477.8,Kiran Bhattacharya,51,Mumbai,Cash,5
1761,2023-02-22,22,2,2023,Wednesday,Xiaomi,Redmi Note 10,3,16815.24,50445.72,Arun Kaur,43,Delhi,Cash,5
1762,2023-02-22,22,2,2023,Wednesday,OnePlus,OnePlus 8T,9,30491.56,274424.04000000004,Monika Mehta,47,Mumbai,UPI,3
1763,2023-02-23,23,2,2023,Thursday,Samsung,Galaxy A51,6,67877.37,407264.22,Lalita Desai,39,Vadodara,Credit Card,3
1764,2023-02-23,23,2,2023,Thursday,Vivo,Vivo Y51,5,40553.35,202766.75,Ravi Reddy,33,Delhi,Debit Card,5
1765,2023-02-23,23,2,2023,Thursday,OnePlus,OnePlus 8T,3,47653.36,142960.08000000002,Pooja Patel,47,Mumbai,Credit Card,1
1766,2023-02-24,24,2,2023,Friday,Vivo,Vivo Y51,6,31383.19,188299.13999999998,Manoj Jain,33,Jodhpur,UPI,5
1767,2023-02-24,24,2,2023,Friday,Vivo,Vivo S1,3,29409.27,88227.81,Pooja Solanki,55,Mumbai,Cash,3
1768,2023-02-24,24,2,2023,Friday,Samsung,Galaxy S21,6,11388.81,68332.86,Rohan Menon,41,Delhi,Cash,4
1769,2023-02-24,24,2,2023,Friday,OnePlus,OnePlus 8T,4,40020.02,160080.08,Anjali Patel,53,Delhi,Cash,4
1770,2023-02-25,25,2,2023,Saturday,Apple,iPhone SE,2,39016.54,78033.08,Krishna Chatterjee,52,Delhi,UPI,5
1771,2023-02-25,25,2,2023,Saturday,Samsung,Galaxy Note 20,8,19469.84,155758.72,Vivek Alva,23,Ranchi,Debit Card,3
1772,2023-02-25,25,2,2023,Saturday,Samsung,Galaxy S21,4,55859.44,223437.76,Reena Deshmukh,21,Mumbai,UPI,5
1773,2023-02-26,26,2,2023,Sunday,OnePlus,OnePlus 8T,9,39560.46,356044.14,Jyoti Varma,35,Rajkot,Cash,3
1774,2023-02-26,26,2,2023,Sunday,OnePlus,OnePlus 8T,7,30339.64,212377.47999999998,Bina Bhattacharya,23,Lucknow,Debit Card,5
1775,2023-02-26,26,2,2023,Sunday,Vivo,Vivo Y51,2,18814.53,37629.06,Yogesh Sharma,43,Ludhiana,Cash,3
1776,2023-02-27,27,2,2023,Monday,OnePlus,OnePlus 9,4,43129.65,172518.6,Bina Jain,54,Mumbai,Cash,4
1777,2023-02-27,27,2,2023,Monday,Vivo,Vivo V20,5,55169.02,275845.1,Sneha Yadav,44,Kolkata,UPI,5
1778,2023-02-27,27,2,2023,Monday,Samsung,Galaxy A51,3,26919.96,80759.88,Anand Nair,58,Delhi,UPI,5
1779,2023-02-27,27,2,2023,Monday,Xiaomi,Mi 11,9,23127.66,208148.94,Arun Desai,28,Delhi,Credit Card,5
1780,2023-02-28,28,2,2023,Tuesday,Apple,iPhone 11,5,41316.1,206580.5,Sunil Sheth,55,Bhopal,Cash,1
1781,2023-02-28,28,2,2023,Tuesday,Samsung,Galaxy Note 20,2,19320.6,38641.2,Anand Bhattacharya,33,Vadodara,Debit Card,5
1782,2023-02-28,28,2,2023,Tuesday,OnePlus,OnePlus 8T,3,49996.8,149990.40000000002,Amit Ahuja,36,Ranchi,Cash,5
1783,2023-03-01,1,3,2023,Wednesday,Apple,iPhone 12,9,46320.62,416885.58,Kiran Rawat,32,Delhi,Debit Card,3
1784,2023-03-01,1,3,2023,Wednesday,Xiaomi,Redmi Note 10,7,15224.92,106574.44,Nikhil Deshmukh,43,Kolkata,Credit Card,3
1785,2023-03-01,1,3,2023,Wednesday,Xiaomi,Mi 11,2,12191.22,24382.44,Meena Thakur,58,Mumbai,Cash,3
1786,2023-03-01,1,3,2023,Wednesday,Vivo,Vivo Y51,9,47217.32,424955.88,Pooja Patel,48,Delhi,Debit Card,3
1787,2023-03-02,2,3,2023,Thursday,Apple,iPhone 11,4,27657.63,110630.52,Bina Goyal,36,Delhi,Debit Card,5
1788,2023-03-02,2,3,2023,Thursday,Vivo,Vivo Y51,9,15186.75,136680.75,Devendra Luthra,41,Delhi,Credit Card,4
1789,2023-03-02,2,3,2023,Thursday,Samsung,Galaxy A51,2,55565.72,111131.44,Navin Malhotra,26,Ludhiana,UPI,5
1790,2023-03-02,2,3,2023,Thursday,Apple,iPhone SE,4,28842.64,115370.56,Anand Chatterjee,40,Delhi,Credit Card,3
1791,2023-03-03,3,3,2023,Friday,Samsung,Galaxy Note 20,5,37575.97,187879.85,Mala Thakur,21,Ranchi,Debit Card,5
1792,2023-03-03,3,3,2023,Friday,Vivo,Vivo Y51,2,24208.78,48417.56,Anjali Thakur,27,Ranchi,Credit Card,5
1793,2023-03-03,3,3,2023,Friday,Apple,iPhone 11,1,47639.02,47639.02,Harish Kapoor,26,Delhi,UPI,3
1794,2023-03-04,4,3,2023,Saturday,Vivo,Vivo S1,7,28089.3,196625.1,Radha Srivastava,36,Bhopal,Cash,1
1795,2023-03-04,4,3,2023,Saturday,Apple,iPhone 12,1,68081.26,68081.26,Navin Malhotra,32,Madurai,Credit Card,5
1796,2023-03-04,4,3,2023,Saturday,Vivo,Vivo S1,8,52176.85,417414.8,Krishna Alva,51,Delhi,Credit Card,5
1797,2023-03-04,4,3,2023,Saturday,Xiaomi,Redmi 9,3,18203.34,54610.020000000004,Vivek Rathod,59,Gorakhpur,Cash,5
1798,2023-03-05,5,3,2023,Sunday,Vivo,Vivo Y51,6,35001.69,210010.14,Aditya Kulkarni,36,Mumbai,Credit Card,1
1799,2023-03-05,5,3,2023,Sunday,Xiaomi,Mi 11,7,33125.27,231876.88999999998,Sanjay Pillai,38,Mumbai,UPI,5
1800,2023-03-05,5,3,2023,Sunday,Vivo,Vivo V20,1,42054.83,42054.83,Kavita Srivastava,51,Bhopal,Debit Card,1
1801,2023-03-06,6,3,2023,Monday,Apple,iPhone 11,6,60515.84,363095.04,Priya Dutta,34,Delhi,Credit Card,5
1802,2023-03-06,6,3,2023,Monday,Apple,iPhone 11,7,45005.32,315037.24,Reena Chatterjee,35,Delhi,Cash,5
1803,2023-03-06,6,3,2023,Monday,Apple,iPhone 12,6,13693.4,82160.4,Anjali Chaudhary,34,Patna,Cash,1
1804,2023-03-06,6,3,2023,Monday,OnePlus,OnePlus 8T,4,49324.94,197299.76,Radha Ghosh,19,Mumbai,Credit Card,4
1805,2023-03-07,7,3,2023,Tuesday,Samsung,Galaxy Note 20,1,10495.92,10495.92,Neeta Deshmukh,18,Hyderabad,Cash,3
1806,2023-03-07,7,3,2023,Tuesday,Apple,iPhone 11,9,56797.63,511178.67,Manoj Nambiar,27,Mumbai,Debit Card,3
1807,2023-03-07,7,3,2023,Tuesday,Xiaomi,Redmi 9,4,49998.16,199992.64,Navin Sharma,54,Delhi,Debit Card,3
1808,2023-03-07,7,3,2023,Tuesday,Apple,iPhone 11,7,28527.14,199689.97999999998,Kiran Rathod,22,Jodhpur,Cash,1
1809,2023-03-08,8,3,2023,Wednesday,OnePlus,OnePlus Nord,7,27546.51,192825.56999999998,Pooja Goyal,29,Bhopal,Credit Card,5
1810,2023-03-08,8,3,2023,Wednesday,Xiaomi,Mi 11,2,57896.38,115792.76,Namita Sheth,53,Rajkot,Credit Card,5
1811,2023-03-08,8,3,2023,Wednesday,OnePlus,OnePlus 8T,1,57000.2,57000.2,Pankaj Bhattacharya,48,Delhi,Cash,5
1812,2023-03-09,9,3,2023,Thursday,Xiaomi,Redmi 9,8,31138.14,249105.12,Monika Mathur,55,Mumbai,Debit Card,5
1813,2023-03-09,9,3,2023,Thursday,Vivo,Vivo S1,8,27936.86,223494.88,Vinod Ahuja,26,Delhi,Debit Card,4
1814,2023-03-09,9,3,2023,Thursday,Samsung,Galaxy Note 20,7,43589.49,305126.43,Bhavana Arora,43,Delhi,Credit Card,3
1815,2023-03-09,9,3,2023,Thursday,Samsung,Galaxy S21,8,10501.94,84015.52,Isha Ahuja,32,Lucknow,Debit Card,4
1816,2023-03-10,10,3,2023,Friday,OnePlus,OnePlus 8T,3,14960.02,44880.06,Neeta Desai,33,Lucknow,UPI,3
1817,2023-03-10,10,3,2023,Friday,Samsung,Galaxy A51,2,17570.18,35140.36,Kiran Solanki,30,Delhi,Debit Card,1
1818,2023-03-10,10,3,2023,Friday,OnePlus,OnePlus 8T,7,21124.71,147872.97,Pooja Menon,42,Delhi,Credit Card,4
1819,2023-03-10,10,3,2023,Friday,OnePlus,OnePlus 8T,8,40721.09,325768.72,Sumit Mishra,47,Delhi,Debit Card,5
1820,2023-03-11,11,3,2023,Saturday,OnePlus,OnePlus Nord,1,69534.51,69534.51,Prashant Jain,24,Mumbai,Debit Card,3
1821,2023-03-11,11,3,2023,Saturday,Samsung,Galaxy S21,9,49156.8,442411.2,Ravi Thakur,21,Delhi,Cash,5
1822,2023-03-11,11,3,2023,Saturday,OnePlus,OnePlus 9,4,13677.93,54711.72,Harish Malhotra,57,Kanpur,UPI,4
1823,2023-03-11,11,3,2023,Saturday,Samsung,Galaxy A51,4,41534.76,166139.04,Sunita Roy,55,Chennai,Cash,1
1824,2023-03-12,12,3,2023,Sunday,OnePlus,OnePlus Nord,3,39798.71,119396.13,Sumit Teja,47,Ranchi,Debit Card,5
1825,2023-03-12,12,3,2023,Sunday,Apple,iPhone 11,6,18650.07,111900.42,Lata Reddy,27,Kolkata,Debit Card,1
1826,2023-03-12,12,3,2023,Sunday,OnePlus,OnePlus Nord,1,65216.34,65216.34,Bhavana Ghosh,47,Delhi,Cash,3
1827,2023-03-12,12,3,2023,Sunday,Xiaomi,Redmi 9,6,36445.91,218675.46000000002,Mala Ghosh,56,Mumbai,UPI,4
1828,2023-03-13,13,3,2023,Monday,OnePlus,OnePlus 8T,2,69673.55,139347.1,Rohan Jain,24,Jodhpur,Credit Card,1
1829,2023-03-13,13,3,2023,Monday,Vivo,Vivo Y51,9,35204.34,316839.05999999994,Rohan Nambiar,53,Jodhpur,Cash,5
1830,2023-03-13,13,3,2023,Monday,OnePlus,OnePlus 8T,2,46477.46,92954.92,Navin Chaudhary,52,Mumbai,Debit Card,5
1831,2023-03-13,13,3,2023,Monday,Xiaomi,Redmi Note 10,7,16285.75,114000.25,Sanjay Das,41,Gorakhpur,Debit Card,5
1832,2023-03-14,14,3,2023,Tuesday,Xiaomi,Redmi Note 10,1,37253.67,37253.67,Prashant Nair,56,Ranchi,Credit Card,1
1833,2023-03-14,14,3,2023,Tuesday,Samsung,Galaxy A51,7,24325.95,170281.65,Prashant Sharma,53,Delhi,Debit Card,4
1834,2023-03-14,14,3,2023,Tuesday,Apple,iPhone 11,5,60133.89,300669.45,Manoj Kulkarni,37,Indore,Debit Card,4
1835,2023-03-15,15,3,2023,Wednesday,OnePlus,OnePlus Nord,8,57035.18,456281.44,Jyoti Iyer,49,Delhi,Credit Card,5
1836,2023-03-15,15,3,2023,Wednesday,Samsung,Galaxy A51,4,59450.8,237803.2,Namita Roy,56,Mumbai,Debit Card,5
1837,2023-03-15,15,3,2023,Wednesday,Apple,iPhone 12,7,53416.57,373915.99,Kiran Pathak,43,Mumbai,Debit Card,1
1838,2023-03-15,15,3,2023,Wednesday,OnePlus,OnePlus 9,6,59960.99,359765.94,Ramesh Verma,43,Madurai,UPI,5
1839,2023-03-16,16,3,2023,Thursday,Vivo,Vivo S1,5,22049.73,110248.65,Deepika Prasad,53,Mumbai,Cash,1
1840,2023-03-16,16,3,2023,Thursday,OnePlus,OnePlus 8T,4,37122.63,148490.52,Lalita Sheth,52,Delhi,UPI,1
1841,2023-03-16,16,3,2023,Thursday,Xiaomi,Redmi Note 10,7,51510.81,360575.67,Harish Prasad,52,Lucknow,UPI,1
1842,2023-03-17,17,3,2023,Friday,Xiaomi,Redmi Note 10,5,48243.55,241217.75,Ayesha Solanki,29,Vadodara,Debit Card,5
1843,2023-03-17,17,3,2023,Friday,Vivo,Vivo V20,5,52981.27,264906.35,Harish Prasad,50,Delhi,Cash,5
1844,2023-03-17,17,3,2023,Friday,Samsung,Galaxy A51,1,23455.5,23455.5,Vivek Teja,53,Vadodara,Cash,5
1845,2023-03-17,17,3,2023,Friday,Apple,iPhone 12,2,15906.08,31812.16,Rohan Menon,31,Delhi,Debit Card,3
1846,2023-03-18,18,3,2023,Saturday,OnePlus,OnePlus 8T,5,65008.39,325041.95,Vijay Varma,50,Delhi,UPI,5
1847,2023-03-18,18,3,2023,Saturday,Xiaomi,Redmi Note 10,3,43610.31,130830.93,Rajesh Menon,41,Vadodara,UPI,5
1848,2023-03-18,18,3,2023,Saturday,Samsung,Galaxy A51,2,19229.56,38459.12,Ravi Bhattacharya,32,Kanpur,UPI,3
1849,2023-03-19,19,3,2023,Sunday,Vivo,Vivo S1,4,57606.19,230424.76,Sachin Rawat,48,Delhi,Cash,1
1850,2023-03-19,19,3,2023,Sunday,Xiaomi,Redmi 9,4,64895.8,259583.2,Reena Teja,34,Ludhiana,Debit Card,4
1851,2023-03-19,19,3,2023,Sunday,Vivo,Vivo S1,4,20173.81,80695.24,Anita Rawat,29,Madurai,Cash,3
1852,2023-03-20,20,3,2023,Monday,OnePlus,OnePlus 8T,4,59044.75,236179.0,Pankaj Alva,39,Delhi,UPI,3
1853,2023-03-20,20,3,2023,Monday,Apple,iPhone SE,3,65993.5,197980.5,Meena Mathur,40,Patna,Cash,1
1854,2023-03-20,20,3,2023,Monday,Xiaomi,Redmi Note 10,7,66301.7,464111.89999999997,Vinod Prasad,43,Delhi,Cash,5
1855,2023-03-20,20,3,2023,Monday,Xiaomi,Mi 11,9,64849.39,583644.51,Sanjay Menon,31,Jodhpur,Debit Card,5
1856,2023-03-21,21,3,2023,Tuesday,OnePlus,OnePlus Nord,5,42785.26,213926.30000000002,Rajesh Shah,29,Mumbai,Debit Card,3
1857,2023-03-21,21,3,2023,Tuesday,Samsung,Galaxy A51,4,31372.68,125490.72,Krishna Bhattacharya,21,Patna,Cash,5
1858,2023-03-21,21,3,2023,Tuesday,Apple,iPhone 11,2,10436.37,20872.74,Umesh Ghosh,30,Mumbai,Credit Card,3
1859,2023-03-21,21,3,2023,Tuesday,Xiaomi,Redmi Note 10,2,13654.73,27309.46,Kiran Bhattacharya,35,Kanpur,Debit Card,4
1860,2023-03-22,22,3,2023,Wednesday,Apple,iPhone 11,5,35730.34,178651.69999999998,Manoj Goyal,45,Delhi,Credit Card,4
1861,2023-03-22,22,3,2023,Wednesday,Xiaomi,Redmi Note 10,7,33959.57,237716.99,Sachin Jain,55,Mumbai,Debit Card,1
1862,2023-03-22,22,3,2023,Wednesday,Apple,iPhone 12,9,21082.83,189745.47000000003,Bhavana Reddy,58,Madurai,UPI,5
1863,2023-03-22,22,3,2023,Wednesday,Vivo,Vivo S1,7,33728.8,236101.60000000003,Sumit Mishra,36,Delhi,Credit Card,5
1864,2023-03-23,23,3,2023,Thursday,Xiaomi,Mi 11,5,20479.0,102395.0,Gita Rao,55,Jodhpur,UPI,5
1865,2023-03-23,23,3,2023,Thursday,Apple,iPhone 11,6,60927.48,365564.88,Ravi Teja,20,Hyderabad,UPI,5
1866,2023-03-23,23,3,2023,Thursday,Samsung,Galaxy A51,3,27891.69,83675.06999999999,Nikhil Patel,36,Lucknow,Cash,4
1867,2023-03-24,24,3,2023,Friday,Vivo,Vivo S1,5,45913.86,229569.3,Deepika Dutta,37,Ranchi,UPI,1
1868,2023-03-24,24,3,2023,Friday,Vivo,Vivo V20,8,40170.58,321364.64,Manoj Goyal,42,Delhi,UPI,4
1869,2023-03-24,24,3,2023,Friday,Samsung,Galaxy A51,1,13112.92,13112.92,Shruti Verma,28,Delhi,UPI,3
1870,2023-03-24,24,3,2023,Friday,Apple,iPhone 11,1,66534.02,66534.02,Meena Desai,34,Patna,UPI,5
1871,2023-03-25,25,3,2023,Saturday,OnePlus,OnePlus Nord,7,41633.56,291434.92,Vivek Pathak,52,Bangalore,Cash,5
1872,2023-03-25,25,3,2023,Saturday,Samsung,Galaxy A51,5,29503.46,147517.3,Vinod Kumar,31,Mumbai,Cash,5
1873,2023-03-25,25,3,2023,Saturday,Apple,iPhone SE,5,19487.59,97437.95,Priya Dutta,56,Ludhiana,UPI,3
1874,2023-03-26,26,3,2023,Sunday,Samsung,Galaxy A51,1,30311.6,30311.6,Kiran Gupta,36,Delhi,Credit Card,5
1875,2023-03-26,26,3,2023,Sunday,Samsung,Galaxy A51,9,11230.7,101076.3,Namita Kumar,20,Delhi,Debit Card,5
1876,2023-03-26,26,3,2023,Sunday,Xiaomi,Redmi Note 10,1,31813.49,31813.49,Krishna Patel,51,Vadodara,Credit Card,5
1877,2023-03-27,27,3,2023,Monday,Apple,iPhone SE,5,41889.16,209445.80000000002,Tapan Chatterjee,58,Kolkata,UPI,3
1878,2023-03-27,27,3,2023,Monday,OnePlus,OnePlus Nord,9,62311.97,560807.73,Kiran Malhotra,39,Mumbai,Cash,5
1879,2023-03-27,27,3,2023,Monday,Xiaomi,Mi 11,4,51242.47,204969.88,Aditya Mishra,55,Jodhpur,UPI,5
1880,2023-03-28,28,3,2023,Tuesday,Samsung,Galaxy A51,8,16694.94,133559.52,Anand Kapoor,44,Madurai,UPI,5
1881,2023-03-28,28,3,2023,Tuesday,Samsung,Galaxy Note 20,6,18864.78,113188.68,Anita Dutta,38,Gorakhpur,Cash,3
1882,2023-03-28,28,3,2023,Tuesday,Samsung,Galaxy Note 20,3,35687.4,107062.20000000001,Radha Gupta,58,Mumbai,Credit Card,3
1883,2023-03-28,28,3,2023,Tuesday,Apple,iPhone 11,4,21742.47,86969.88,Kiran Solanki,48,Bangalore,Debit Card,4
1884,2023-03-29,29,3,2023,Wednesday,Apple,iPhone 11,2,11670.99,23341.98,Meena Patel,44,Ranchi,UPI,5
1885,2023-03-29,29,3,2023,Wednesday,Xiaomi,Redmi Note 10,1,58300.89,58300.89,Vivek Yadav,54,Ranchi,Cash,3
1886,2023-03-29,29,3,2023,Wednesday,OnePlus,OnePlus 9,8,11171.35,89370.8,Kunal Yadav,19,Mumbai,Debit Card,5
1887,2023-03-29,29,3,2023,Wednesday,Xiaomi,Mi 11,1,59841.38,59841.38,Vivek Rathod,26,Madurai,Debit Card,1
1888,2023-03-30,30,3,2023,Thursday,Vivo,Vivo V20,1,18646.24,18646.24,Vijay Rao,36,Chennai,Debit Card,5
1889,2023-03-30,30,3,2023,Thursday,Samsung,Galaxy S21,4,68480.7,273922.8,Sachin Ghosh,59,Delhi,Cash,5
1890,2023-03-30,30,3,2023,Thursday,Samsung,Galaxy A51,6,46232.43,277394.58,Vinod Verma,53,Mumbai,UPI,5
1891,2023-03-31,31,3,2023,Friday,Samsung,Galaxy S21,9,54098.98,486890.82,Tanuja Rao,27,Mumbai,Cash,5
1892,2023-03-31,31,3,2023,Friday,Xiaomi,Mi 11,1,16629.02,16629.02,Rajesh Chatterjee,57,Mumbai,UPI,5
1893,2023-03-31,31,3,2023,Friday,Xiaomi,Mi 11,7,61726.24,432083.68,Vivek Nambiar,56,Ranchi,Credit Card,1
1894,2023-04-01,1,4,2023,Saturday,Samsung,Galaxy Note 20,5,60351.54,301757.7,Lata Dutta,24,Ranchi,Debit Card,5
1895,2023-04-01,1,4,2023,Saturday,Xiaomi,Mi 11,8,49179.56,393436.48,Yogesh Siddiqui,21,Kanpur,UPI,5
1896,2023-04-01,1,4,2023,Saturday,Apple,iPhone SE,7,40136.49,280955.43,Anita Deshmukh,32,Vadodara,Credit Card,3
1897,2023-04-01,1,4,2023,Saturday,Apple,iPhone 12,4,53289.35,213157.4,Shruti Sheth,29,Lucknow,Cash,5
1898,2023-04-02,2,4,2023,Sunday,Xiaomi,Mi 11,4,10355.69,41422.76,Shruti Chaudhary,23,Delhi,Debit Card,5
1899,2023-04-02,2,4,2023,Sunday,Samsung,Galaxy A51,6,45546.45,273278.69999999995,Lalita Patel,26,Jodhpur,UPI,5
1900,2023-04-02,2,4,2023,Sunday,Xiaomi,Mi 11,6,60844.37,365066.22000000003,Isha Thakur,52,Delhi,Debit Card,5
1901,2023-04-03,3,4,2023,Monday,Xiaomi,Redmi Note 10,9,31413.99,282725.91000000003,Harish Pillai,25,Delhi,Debit Card,5
1902,2023-04-03,3,4,2023,Monday,Xiaomi,Redmi 9,5,16497.36,82486.8,Nikhil Solanki,24,Mumbai,Debit Card,5
1903,2023-04-03,3,4,2023,Monday,Vivo,Vivo V20,8,35252.63,282021.04,Radha Sheth,21,Kanpur,Cash,5
1904,2023-04-03,3,4,2023,Monday,Apple,iPhone SE,5,53626.27,268131.35,Priya Reddy,30,Delhi,Debit Card,5
1905,2023-04-04,4,4,2023,Tuesday,OnePlus,OnePlus 8T,2,16438.07,32876.14,Sunita Mathur,36,Madurai,UPI,5
1906,2023-04-04,4,4,2023,Tuesday,OnePlus,OnePlus 8T,6,22362.91,134177.46,Bhavana Jain,24,Delhi,Cash,1
1907,2023-04-04,4,4,2023,Tuesday,Vivo,Vivo V20,9,18853.11,169677.99,Namita Ghosh,27,Mumbai,Credit Card,4
1908,2023-04-05,5,4,2023,Wednesday,Xiaomi,Redmi Note 10,3,57816.87,173450.61000000002,Harish Sharma,42,Mumbai,UPI,4
1909,2023-04-05,5,4,2023,Wednesday,Vivo,Vivo S1,1,13773.56,13773.56,Bina Singh,52,Delhi,Cash,4
1910,2023-04-05,5,4,2023,Wednesday,Vivo,Vivo V20,1,51195.19,51195.19,Bhavana Dutta,42,Delhi,UPI,4
1911,2023-04-05,5,4,2023,Wednesday,Samsung,Galaxy S21,3,31987.42,95962.26,Neeta Desai,46,Mumbai,UPI,1
1912,2023-04-06,6,4,2023,Thursday,Apple,iPhone 11,5,55347.47,276737.35,Pankaj Varma,29,Gorakhpur,Credit Card,1
1913,2023-04-06,6,4,2023,Thursday,OnePlus,OnePlus 8T,3,67863.01,203589.02999999997,Tanuja Teja,57,Mumbai,Cash,5
1914,2023-04-06,6,4,2023,Thursday,Xiaomi,Mi 11,9,16872.72,151854.48,Vijay Das,29,Coimbatore,Debit Card,1
1915,2023-04-07,7,4,2023,Friday,OnePlus,OnePlus 8T,8,28863.1,230904.8,Pankaj Srivastava,23,Gorakhpur,UPI,4
1916,2023-04-07,7,4,2023,Friday,OnePlus,OnePlus 8T,3,58607.53,175822.59,Nikhil Solanki,27,Delhi,UPI,4
1917,2023-04-07,7,4,2023,Friday,Apple,iPhone 11,9,25969.5,233725.5,Nikhil Reddy,19,Ludhiana,UPI,5
1918,2023-04-07,7,4,2023,Friday,OnePlus,OnePlus 8T,6,22907.24,137443.44,Monika Solanki,42,Ludhiana,UPI,5
1919,2023-04-08,8,4,2023,Saturday,OnePlus,OnePlus Nord,7,59522.68,416658.76,Priyanka Menon,24,Indore,UPI,4
1920,2023-04-08,8,4,2023,Saturday,Vivo,Vivo Y51,4,69224.94,276899.76,Neeta Mathur,57,Rajkot,Cash,4
1921,2023-04-08,8,4,2023,Saturday,Apple,iPhone 11,4,43412.84,173651.36,Aditya Luthra,40,Ludhiana,UPI,4
1922,2023-04-09,9,4,2023,Sunday,Samsung,Galaxy Note 20,2,26682.92,53365.84,Ramesh Gupta,28,Patna,UPI,1
1923,2023-04-09,9,4,2023,Sunday,Xiaomi,Mi 11,5,33913.96,169569.8,Sanjay Ghosh,53,Delhi,UPI,5
1924,2023-04-09,9,4,2023,Sunday,OnePlus,OnePlus 8T,8,20207.82,161662.56,Vijay Prasad,40,Delhi,Debit Card,5
1925,2023-04-09,9,4,2023,Sunday,Xiaomi,Redmi Note 10,7,55713.24,389992.68,Pooja Thakur,24,Rajkot,Debit Card,4
1926,2023-04-10,10,4,2023,Monday,Samsung,Galaxy S21,7,56408.44,394859.08,Pankaj Desai,44,Mumbai,Cash,5
1927,2023-04-10,10,4,2023,Monday,Xiaomi,Mi 11,6,62507.26,375043.56,Sumit Teja,30,Coimbatore,UPI,4
1928,2023-04-10,10,4,2023,Monday,Samsung,Galaxy Note 20,3,11596.15,34788.45,Priyanka Yadav,34,Madurai,UPI,1
1929,2023-04-10,10,4,2023,Monday,Vivo,Vivo Y51,5,43718.88,218594.4,Isha Arora,49,Bangalore,Credit Card,4
1930,2023-04-11,11,4,2023,Tuesday,OnePlus,OnePlus Nord,1,22855.33,22855.33,Isha Gupta,43,Hyderabad,Debit Card,2
1931,2023-04-11,11,4,2023,Tuesday,Samsung,Galaxy Note 20,7,30452.98,213170.86,Meena Roy,39,Ranchi,Credit Card,2
1932,2023-04-11,11,4,2023,Tuesday,Xiaomi,Redmi 9,9,57097.34,513876.05999999994,Priya Bhattacharya,30,Gorakhpur,UPI,4
1933,2023-04-12,12,4,2023,Wednesday,OnePlus,OnePlus Nord,1,21522.02,21522.02,Sachin Jain,29,Delhi,UPI,2
1934,2023-04-12,12,4,2023,Wednesday,Vivo,Vivo Y51,2,48300.51,96601.02,Meena Menon,24,Vadodara,Credit Card,2
1935,2023-04-12,12,4,2023,Wednesday,OnePlus,OnePlus 9,3,49273.97,147821.91,Monika Bhatnagar,18,Vadodara,Cash,5
1936,2023-04-13,13,4,2023,Thursday,Samsung,Galaxy Note 20,3,67245.63,201736.89,Manoj Kaur,50,Delhi,Cash,1
1937,2023-04-13,13,4,2023,Thursday,Vivo,Vivo Y51,8,56509.66,452077.28,Manoj Thakur,31,Kanpur,Credit Card,5
1938,2023-04-13,13,4,2023,Thursday,Xiaomi,Redmi Note 10,7,58218.11,407526.77,Priya Patel,58,Lucknow,UPI,1
1939,2023-04-13,13,4,2023,Thursday,Vivo,Vivo V20,6,41896.04,251376.24,Deepika Desai,34,Delhi,Credit Card,1
1940,2023-04-14,14,4,2023,Friday,Vivo,Vivo Y51,4,21206.85,84827.4,Anjali Ahuja,21,Hyderabad,Debit Card,5
1941,2023-04-14,14,4,2023,Friday,Apple,iPhone 11,9,35533.8,319804.2,Sunil Das,56,Delhi,Cash,4
1942,2023-04-14,14,4,2023,Friday,Vivo,Vivo S1,1,42969.37,42969.37,Sunil Arora,18,Kolkata,Credit Card,2
1943,2023-04-15,15,4,2023,Saturday,Vivo,Vivo V20,2,50705.16,101410.32,Priyanka Nambiar,58,Kolkata,Cash,4
1944,2023-04-15,15,4,2023,Saturday,OnePlus,OnePlus Nord,4,46462.55,185850.2,Reena Chatterjee,41,Indore,Debit Card,5
1945,2023-04-15,15,4,2023,Saturday,Xiaomi,Redmi 9,3,33638.67,100916.01,Aditya Luthra,51,Madurai,UPI,5
1946,2023-04-15,15,4,2023,Saturday,OnePlus,OnePlus Nord,1,25918.79,25918.79,Isha Reddy,51,Rajkot,UPI,4
1947,2023-04-16,16,4,2023,Sunday,OnePlus,OnePlus Nord,5,20093.85,100469.25,Rajesh Verma,41,Delhi,UPI,2
1948,2023-04-16,16,4,2023,Sunday,Samsung,Galaxy S21,7,51630.72,361415.04000000004,Manoj Kaur,32,Ludhiana,Cash,5
1949,2023-04-16,16,4,2023,Sunday,OnePlus,OnePlus 9,2,48723.92,97447.84,Jyoti Jain,34,Gorakhpur,Debit Card,4
1950,2023-04-17,17,4,2023,Monday,Apple,iPhone 12,5,51242.35,256211.75,Pankaj Shah,30,Mumbai,Credit Card,2
1951,2023-04-17,17,4,2023,Monday,Apple,iPhone 11,6,32351.65,194109.90000000002,Priyanka Pillai,24,Coimbatore,UPI,5
1952,2023-04-17,17,4,2023,Monday,Samsung,Galaxy A51,7,25744.47,180211.29,Tapan Bhattacharya,26,Kanpur,Cash,5
1953,2023-04-17,17,4,2023,Monday,Xiaomi,Mi 11,1,55583.28,55583.28,Kiran Nair,52,Delhi,UPI,1
1954,2023-04-18,18,4,2023,Tuesday,Xiaomi,Redmi Note 10,7,56418.84,394931.88,Sunil Kapoor,40,Coimbatore,Debit Card,1
1955,2023-04-18,18,4,2023,Tuesday,OnePlus,OnePlus 9,4,37336.98,149347.92,Lalita Bhatnagar,56,Bhopal,Credit Card,5
1956,2023-04-18,18,4,2023,Tuesday,OnePlus,OnePlus 8T,8,46714.25,373714.0,Anita Deshmukh,40,Vadodara,UPI,4
1957,2023-04-18,18,4,2023,Tuesday,OnePlus,OnePlus Nord,4,32411.18,129644.72,Tapan Rawat,43,Patna,Debit Card,1
1958,2023-04-19,19,4,2023,Wednesday,Xiaomi,Redmi Note 10,6,52116.83,312700.98,Tapan Gupta,18,Mumbai,Cash,5
1959,2023-04-19,19,4,2023,Wednesday,Vivo,Vivo S1,9,60143.3,541289.7000000001,Anita Mishra,31,Jodhpur,Debit Card,2
1960,2023-04-19,19,4,2023,Wednesday,Apple,iPhone SE,5,51294.0,256470.0,Tapan Rawat,49,Bangalore,Cash,4
1961,2023-04-19,19,4,2023,Wednesday,Vivo,Vivo V20,4,40754.96,163019.84,Pooja Srivastava,27,Mumbai,UPI,1
1962,2023-04-20,20,4,2023,Thursday,Vivo,Vivo Y51,8,37519.48,300155.84,Vivek Srivastava,18,Gorakhpur,UPI,5
1963,2023-04-20,20,4,2023,Thursday,Xiaomi,Redmi 9,9,48539.18,436852.62,Arun Iyer,22,Jodhpur,Debit Card,1
1964,2023-04-20,20,4,2023,Thursday,Vivo,Vivo Y51,4,50788.65,203154.6,Devendra Srivastava,20,Ludhiana,Cash,2
1965,2023-04-20,20,4,2023,Thursday,Samsung,Galaxy A51,3,43523.77,130571.31,Jyoti Pillai,44,Mumbai,Debit Card,4
1966,2023-04-21,21,4,2023,Friday,OnePlus,OnePlus Nord,8,47496.54,379972.32,Pankaj Luthra,39,Jodhpur,Debit Card,5
1967,2023-04-21,21,4,2023,Friday,Samsung,Galaxy S21,5,15795.32,78976.6,Bina Nair,35,Gorakhpur,UPI,2
1968,2023-04-21,21,4,2023,Friday,Apple,iPhone 11,2,67105.93,134211.86,Kiran Malhotra,33,Mumbai,UPI,4
1969,2023-04-21,21,4,2023,Friday,OnePlus,OnePlus Nord,9,57446.38,517017.42,Tanuja Dutta,19,Mumbai,UPI,5
1970,2023-04-22,22,4,2023,Saturday,Vivo,Vivo Y51,3,32435.67,97307.01,Devendra Singh,30,Coimbatore,Debit Card,4
1971,2023-04-22,22,4,2023,Saturday,Apple,iPhone SE,2,43768.76,87537.52,Kavita Srivastava,33,Ranchi,Debit Card,4
1972,2023-04-22,22,4,2023,Saturday,OnePlus,OnePlus 8T,1,12839.47,12839.47,Anjali Nambiar,25,Hyderabad,Credit Card,5
1973,2023-04-22,22,4,2023,Saturday,Vivo,Vivo Y51,8,12473.67,99789.36,Lata Mathur,25,Indore,Credit Card,5
1974,2023-04-23,23,4,2023,Sunday,Samsung,Galaxy S21,3,25047.9,75143.70000000001,Deepika Menon,27,Hyderabad,Debit Card,2
1975,2023-04-23,23,4,2023,Sunday,OnePlus,OnePlus Nord,7,51382.1,359674.7,Vivek Teja,50,Bangalore,Credit Card,1
1976,2023-04-23,23,4,2023,Sunday,Vivo,Vivo S1,1,61128.86,61128.86,Reena Sheth,48,Hyderabad,Debit Card,5
1977,2023-04-24,24,4,2023,Monday,Samsung,Galaxy A51,1,43551.15,43551.15,Prashant Mathur,29,Delhi,UPI,4
1978,2023-04-24,24,4,2023,Monday,Apple,iPhone SE,9,41927.96,377351.64,Pankaj Teja,26,Delhi,Cash,5
1979,2023-04-24,24,4,2023,Monday,Apple,iPhone 12,8,34138.57,273108.56,Pankaj Kapoor,54,Ludhiana,UPI,5
1980,2023-04-25,25,4,2023,Tuesday,Apple,iPhone 12,3,19695.88,59087.64,Harish Joshi,26,Rajkot,Debit Card,5
1981,2023-04-25,25,4,2023,Tuesday,Apple,iPhone SE,6,17101.25,102607.5,Ramesh Rao,35,Delhi,UPI,5
1982,2023-04-25,25,4,2023,Tuesday,Xiaomi,Mi 11,3,55640.79,166922.37,Vinod Joshi,47,Delhi,Debit Card,4
1983,2023-04-26,26,4,2023,Wednesday,OnePlus,OnePlus 9,4,65650.21,262600.84,Navin Solanki,49,Bhopal,Debit Card,2
1984,2023-04-26,26,4,2023,Wednesday,OnePlus,OnePlus 8T,1,37496.99,37496.99,Gita Teja,57,Delhi,Credit Card,1
1985,2023-04-26,26,4,2023,Wednesday,Xiaomi,Mi 11,5,49566.74,247833.69999999998,Harish Malhotra,40,Kolkata,Debit Card,4
1986,2023-04-26,26,4,2023,Wednesday,Vivo,Vivo Y51,1,64867.46,64867.46,Tapan Ahuja,28,Indore,Cash,4
1987,2023-04-27,27,4,2023,Thursday,Vivo,Vivo S1,1,15406.82,15406.82,Neeta Kumar,37,Delhi,Credit Card,4
1988,2023-04-27,27,4,2023,Thursday,Apple,iPhone 12,7,56228.89,393602.23,Kiran Jain,36,Mumbai,Cash,1
1989,2023-04-27,27,4,2023,Thursday,Samsung,Galaxy A51,6,47009.01,282054.06,Vijay Das,53,Kanpur,Debit Card,2
1990,2023-04-27,27,4,2023,Thursday,Vivo,Vivo Y51,2,45918.23,91836.46,Meena Chatterjee,43,Delhi,UPI,2
1991,2023-04-28,28,4,2023,Friday,Samsung,Galaxy A51,2,27552.43,55104.86,Devendra Rao,27,Delhi,Debit Card,4
1992,2023-04-28,28,4,2023,Friday,OnePlus,OnePlus 8T,7,51033.6,357235.2,Monika Goyal,41,Delhi,Debit Card,4
1993,2023-04-28,28,4,2023,Friday,Samsung,Galaxy A51,1,57687.87,57687.87,Anand Joshi,30,Chennai,UPI,4
1994,2023-04-28,28,4,2023,Friday,OnePlus,OnePlus Nord,2,16771.49,33542.98,Anjali Kulkarni,51,Delhi,UPI,2
1995,2023-04-29,29,4,2023,Saturday,Xiaomi,Redmi Note 10,8,42011.29,336090.32,Reena Sharma,46,Coimbatore,Cash,2
1996,2023-04-29,29,4,2023,Saturday,Xiaomi,Redmi Note 10,6,16075.91,96455.45999999999,Nikhil Solanki,53,Coimbatore,Credit Card,2
1997,2023-04-29,29,4,2023,Saturday,Apple,iPhone 11,2,62354.44,124708.88,Kiran Siddiqui,24,Mumbai,Credit Card,4
1998,2023-04-29,29,4,2023,Saturday,Vivo,Vivo Y51,7,40458.2,283207.39999999997,Priya Bhattacharya,47,Bangalore,Credit Card,2
1999,2023-04-30,30,4,2023,Sunday,Apple,iPhone 11,4,58477.94,233911.76,Aditya Rao,34,Mumbai,Cash,5
2000,2023-04-30,30,4,2023,Sunday,OnePlus,OnePlus Nord,2,32085.14,64170.28,Monika Patel,30,Kanpur,Cash,4
2001,2023-04-30,30,4,2023,Sunday,Apple,iPhone 11,6,17504.69,105028.13999999998,Deepika Prasad,41,Mumbai,UPI,4
2002,2023-05-01,1,5,2023,Monday,Samsung,Galaxy S21,9,12489.96,112409.63999999998,Umesh Bhattacharya,48,Indore,Credit Card,4
2003,2023-05-01,1,5,2023,Monday,OnePlus,OnePlus 8T,9,26890.58,242015.22000000003,Arun Kumar,44,Ranchi,Debit Card,4
2004,2023-05-01,1,5,2023,Monday,Xiaomi,Mi 11,8,24654.02,197232.16,Arun Goyal,38,Delhi,Cash,5
2005,2023-05-02,2,5,2023,Tuesday,Vivo,Vivo S1,3,43621.12,130863.36000000002,Lalita Bhatnagar,18,Bhopal,Debit Card,1
2006,2023-05-02,2,5,2023,Tuesday,OnePlus,OnePlus 9,3,11304.33,33912.99,Ramesh Srivastava,32,Mumbai,Credit Card,2
2007,2023-05-02,2,5,2023,Tuesday,OnePlus,OnePlus 8T,2,41234.23,82468.46,Priya Roy,20,Kolkata,Credit Card,4
2008,2023-05-02,2,5,2023,Tuesday,Samsung,Galaxy S21,5,33506.3,167531.5,Bhavana Rawat,23,Bangalore,Cash,2
2009,2023-05-03,3,5,2023,Wednesday,Vivo,Vivo Y51,4,44627.34,178509.36,Devendra Arora,31,Bhopal,Cash,2
2010,2023-05-03,3,5,2023,Wednesday,Xiaomi,Redmi Note 10,7,52145.05,365015.35000000003,Prashant Gupta,55,Bangalore,UPI,5
2011,2023-05-03,3,5,2023,Wednesday,OnePlus,OnePlus 8T,4,48045.52,192182.08,Namita Sheth,50,Jodhpur,Debit Card,2
2012,2023-05-04,4,5,2023,Thursday,OnePlus,OnePlus 8T,9,69078.66,621707.9400000001,Kiran Prasad,55,Patna,UPI,4
2013,2023-05-04,4,5,2023,Thursday,Samsung,Galaxy A51,2,18295.92,36591.84,Reena Srivastava,25,Rajkot,UPI,2
2014,2023-05-04,4,5,2023,Thursday,Apple,iPhone SE,6,35784.22,214705.32,Rohan Goyal,43,Gorakhpur,Debit Card,5
2015,2023-05-05,5,5,2023,Friday,Xiaomi,Redmi Note 10,7,35489.84,248428.87999999998,Sneha Deshmukh,32,Bangalore,Credit Card,4
2016,2023-05-05,5,5,2023,Friday,Vivo,Vivo V20,4,35023.19,140092.76,Radha Rao,31,Ranchi,Debit Card,5
2017,2023-05-05,5,5,2023,Friday,OnePlus,OnePlus 9,6,49827.9,298967.4,Vivek Luthra,37,Delhi,Credit Card,4
2018,2023-05-05,5,5,2023,Friday,OnePlus,OnePlus 9,7,39389.68,275727.76,Shruti Chaudhary,36,Delhi,UPI,1
2019,2023-05-06,6,5,2023,Saturday,Xiaomi,Redmi 9,4,41045.95,164183.8,Meena Kumar,50,Coimbatore,Credit Card,2
2020,2023-05-06,6,5,2023,Saturday,Apple,iPhone 12,8,35941.36,287530.88,Amit Srivastava,53,Rajkot,Credit Card,2
2021,2023-05-06,6,5,2023,Saturday,OnePlus,OnePlus 8T,9,69501.97,625517.73,Anjali Jain,41,Bhopal,Credit Card,2
2022,2023-05-07,7,5,2023,Sunday,Xiaomi,Mi 11,1,65653.68,65653.68,Pooja Sharma,27,Vadodara,Debit Card,4
2023,2023-05-07,7,5,2023,Sunday,Samsung,Galaxy Note 20,7,28463.45,199244.15,Aditya Rao,51,Chennai,Credit Card,1
2024,2023-05-07,7,5,2023,Sunday,Apple,iPhone SE,9,16695.64,150260.76,Isha Desai,53,Mumbai,Debit Card,5
2025,2023-05-07,7,5,2023,Sunday,Vivo,Vivo V20,5,60385.88,301929.39999999997,Shruti Alva,53,Rajkot,Cash,4
2026,2023-05-08,8,5,2023,Monday,OnePlus,OnePlus 8T,2,69830.22,139660.44,Krishna Goyal,33,Gorakhpur,Cash,4
2027,2023-05-08,8,5,2023,Monday,Xiaomi,Mi 11,6,27556.53,165339.18,Lalita Bhatnagar,32,Chennai,UPI,4
2028,2023-05-08,8,5,2023,Monday,Samsung,Galaxy A51,7,31467.1,220269.69999999998,Manoj Jain,35,Mumbai,UPI,4
2029,2023-05-09,9,5,2023,Tuesday,Vivo,Vivo S1,2,66497.99,132995.98,Pooja Ahuja,24,Delhi,Debit Card,4
2030,2023-05-09,9,5,2023,Tuesday,Xiaomi,Redmi 9,2,52667.77,105335.54,Sumit Roy,39,Lucknow,Credit Card,2
2031,2023-05-09,9,5,2023,Tuesday,Xiaomi,Mi 11,1,27738.3,27738.3,Prashant Gupta,49,Delhi,Credit Card,4
2032,2023-05-09,9,5,2023,Tuesday,Vivo,Vivo S1,4,44862.79,179451.16,Gita Rathod,36,Chennai,Cash,5
2033,2023-05-10,10,5,2023,Wednesday,Samsung,Galaxy Note 20,7,66653.77,466576.39,Arun Prasad,57,Coimbatore,Debit Card,1
2034,2023-05-10,10,5,2023,Wednesday,Samsung,Galaxy S21,9,58708.79,528379.11,Manoj Chatterjee,18,Coimbatore,Credit Card,5
2035,2023-05-10,10,5,2023,Wednesday,Apple,iPhone 11,3,54509.96,163529.88,Rohan Gupta,52,Patna,Credit Card,4
2036,2023-05-10,10,5,2023,Wednesday,OnePlus,OnePlus 9,7,54219.78,379538.45999999996,Kiran Chaudhary,22,Mumbai,Debit Card,2
2037,2023-05-11,11,5,2023,Thursday,Vivo,Vivo Y51,7,20681.22,144768.54,Kavita Siddiqui,29,Mumbai,UPI,1
2038,2023-05-11,11,5,2023,Thursday,Vivo,Vivo V20,7,59480.87,416366.09,Deepika Dutta,29,Vadodara,Debit Card,5
2039,2023-05-11,11,5,2023,Thursday,Vivo,Vivo Y51,2,26567.12,53134.24,Radha Kulkarni,38,Delhi,Debit Card,1
2040,2023-05-11,11,5,2023,Thursday,Samsung,Galaxy Note 20,6,65822.0,394932.0,Meena Mathur,36,Patna,Credit Card,1
2041,2023-05-12,12,5,2023,Friday,OnePlus,OnePlus 8T,2,31878.4,63756.8,Rohan Menon,26,Mumbai,Cash,1
2042,2023-05-12,12,5,2023,Friday,Apple,iPhone 11,6,61459.62,368757.72000000003,Sneha Thakur,53,Gorakhpur,Credit Card,4
2043,2023-05-12,12,5,2023,Friday,Xiaomi,Redmi 9,3,25974.01,77922.03,Manoj Pathak,59,Delhi,Credit Card,4
2044,2023-05-12,12,5,2023,Friday,Xiaomi,Mi 11,2,40871.62,81743.24,Priyanka Teja,49,Patna,Credit Card,4
2045,2023-05-13,13,5,2023,Saturday,Vivo,Vivo Y51,6,16413.12,98478.72,Kiran Nair,52,Delhi,Debit Card,2
2046,2023-05-13,13,5,2023,Saturday,OnePlus,OnePlus Nord,2,49607.13,99214.26,Rohan Kapoor,48,Coimbatore,Debit Card,5
2047,2023-05-13,13,5,2023,Saturday,Samsung,Galaxy A51,5,60164.76,300823.8,Bina Das,49,Delhi,Credit Card,2
2048,2023-05-14,14,5,2023,Sunday,OnePlus,OnePlus Nord,2,53106.84,106213.68,Yogesh Luthra,54,Delhi,Credit Card,5
2049,2023-05-14,14,5,2023,Sunday,OnePlus,OnePlus Nord,3,41395.51,124186.53,Mala Goyal,49,Madurai,Cash,1
2050,2023-05-14,14,5,2023,Sunday,Samsung,Galaxy A51,3,12706.95,38120.850000000006,Sachin Shah,54,Mumbai,UPI,5
2051,2023-05-14,14,5,2023,Sunday,Vivo,Vivo S1,6,66006.46,396038.76,Aditya Nair,56,Delhi,Credit Card,5
2052,2023-05-15,15,5,2023,Monday,OnePlus,OnePlus Nord,6,52329.37,313976.22000000003,Neeta Sharma,55,Kolkata,Debit Card,1
2053,2023-05-15,15,5,2023,Monday,Xiaomi,Redmi 9,3,54751.85,164255.55,Ramesh Kumar,47,Bangalore,UPI,2
2054,2023-05-15,15,5,2023,Monday,Samsung,Galaxy A51,3,57680.83,173042.49,Shruti Roy,49,Mumbai,UPI,5
2055,2023-05-15,15,5,2023,Monday,Apple,iPhone SE,1,54864.61,54864.61,Neeta Mathur,19,Mumbai,Cash,2
2056,2023-05-16,16,5,2023,Tuesday,Vivo,Vivo S1,7,36466.97,255268.79,Yogesh Luthra,28,Patna,UPI,2
2057,2023-05-16,16,5,2023,Tuesday,Samsung,Galaxy S21,8,54017.31,432138.48,Aditya Iyer,37,Rajkot,Credit Card,4
2058,2023-05-16,16,5,2023,Tuesday,Apple,iPhone 11,2,47501.61,95003.22,Meena Thakur,54,Mumbai,Credit Card,1
2059,2023-05-16,16,5,2023,Tuesday,Apple,iPhone 11,4,61240.98,244963.92,Tapan Joshi,26,Bhopal,Debit Card,1
2060,2023-05-17,17,5,2023,Wednesday,OnePlus,OnePlus Nord,7,58147.59,407033.13,Jyoti Ghosh,55,Delhi,Credit Card,4
2061,2023-05-17,17,5,2023,Wednesday,OnePlus,OnePlus Nord,8,12482.46,99859.68,Anjali Varma,36,Bhopal,Credit Card,2
2062,2023-05-17,17,5,2023,Wednesday,OnePlus,OnePlus 9,1,32733.23,32733.23,Namita Kumar,57,Kolkata,Cash,4
2063,2023-05-18,18,5,2023,Thursday,Samsung,Galaxy A51,4,12082.97,48331.88,Krishna Pillai,24,Delhi,UPI,1
2064,2023-05-18,18,5,2023,Thursday,Samsung,Galaxy S21,6,16124.5,96747.0,Shruti Alva,22,Indore,Cash,1
2065,2023-05-18,18,5,2023,Thursday,Vivo,Vivo Y51,3,46084.64,138253.91999999998,Krishna Patel,59,Bhopal,UPI,4
2066,2023-05-18,18,5,2023,Thursday,OnePlus,OnePlus 8T,5,62429.31,312146.55,Anjali Sharma,41,Bangalore,Cash,1
2067,2023-05-19,19,5,2023,Friday,Apple,iPhone SE,9,17189.49,154705.41,Meena Chatterjee,58,Patna,Debit Card,1
2068,2023-05-19,19,5,2023,Friday,Xiaomi,Redmi Note 10,3,37065.36,111196.08,Sachin Desai,24,Hyderabad,Cash,4
2069,2023-05-19,19,5,2023,Friday,Vivo,Vivo V20,5,64652.73,323263.65,Meena Sheth,28,Patna,Cash,5
2070,2023-05-20,20,5,2023,Saturday,Samsung,Galaxy Note 20,8,58858.06,470864.48,Radha Solanki,26,Delhi,Debit Card,4
2071,2023-05-20,20,5,2023,Saturday,Vivo,Vivo Y51,6,41180.07,247080.41999999998,Kiran Chaudhary,47,Bangalore,Credit Card,5
2072,2023-05-20,20,5,2023,Saturday,Vivo,Vivo V20,4,56294.29,225177.16,Anita Varma,58,Indore,Credit Card,4
2073,2023-05-20,20,5,2023,Saturday,Vivo,Vivo V20,8,41361.63,330893.04,Kavita Goyal,20,Mumbai,Debit Card,4
2074,2023-05-21,21,5,2023,Sunday,Vivo,Vivo Y51,3,19485.54,58456.62,Nikhil Solanki,39,Delhi,Debit Card,2
2075,2023-05-21,21,5,2023,Sunday,Xiaomi,Redmi Note 10,3,17484.17,52452.509999999995,Amit Srivastava,57,Delhi,Cash,4
2076,2023-05-21,21,5,2023,Sunday,OnePlus,OnePlus 8T,4,21302.09,85208.36,Anita Kumar,37,Delhi,Debit Card,4
2077,2023-05-22,22,5,2023,Monday,Apple,iPhone 12,9,31055.33,279497.97000000003,Umesh Chaudhary,49,Lucknow,Debit Card,2
2078,2023-05-22,22,5,2023,Monday,Vivo,Vivo S1,5,65831.76,329158.8,Manoj Kapoor,24,Ludhiana,UPI,4
2079,2023-05-22,22,5,2023,Monday,Vivo,Vivo Y51,8,57980.7,463845.6,Neeta Nair,24,Hyderabad,UPI,4
2080,2023-05-23,23,5,2023,Tuesday,Vivo,Vivo V20,6,35968.09,215808.53999999998,Mala Ghosh,37,Coimbatore,Credit Card,2
2081,2023-05-23,23,5,2023,Tuesday,OnePlus,OnePlus 8T,3,39584.6,118753.79999999999,Anjali Das,42,Kanpur,Debit Card,5
2082,2023-05-23,23,5,2023,Tuesday,Samsung,Galaxy S21,8,25936.57,207492.56,Reena Goyal,52,Ludhiana,Cash,4
2083,2023-05-23,23,5,2023,Tuesday,Samsung,Galaxy A51,9,52261.18,470350.62,Prashant Mathur,41,Delhi,Credit Card,1
2084,2023-05-24,24,5,2023,Wednesday,Xiaomi,Redmi 9,8,58165.94,465327.52,Tapan Patel,57,Lucknow,Credit Card,2
2085,2023-05-24,24,5,2023,Wednesday,Samsung,Galaxy A51,4,24334.28,97337.12,Vinod Kaur,30,Ludhiana,Credit Card,1
2086,2023-05-24,24,5,2023,Wednesday,Vivo,Vivo Y51,6,12509.3,75055.79999999999,Meena Das,56,Indore,Debit Card,2
2087,2023-05-25,25,5,2023,Thursday,Vivo,Vivo S1,1,47433.34,47433.34,Devendra Arora,21,Chennai,Debit Card,5
2088,2023-05-25,25,5,2023,Thursday,Vivo,Vivo Y51,4,43750.73,175002.92,Sachin Nambiar,29,Madurai,Cash,2
2089,2023-05-25,25,5,2023,Thursday,Xiaomi,Redmi 9,8,34127.87,273022.96,Aditya Joshi,34,Mumbai,Cash,4
2090,2023-05-25,25,5,2023,Thursday,Vivo,Vivo Y51,1,48633.64,48633.64,Tapan Varma,18,Jodhpur,Credit Card,1
2091,2023-05-26,26,5,2023,Friday,Samsung,Galaxy A51,3,43036.8,129110.40000000001,Sunita Arora,34,Delhi,Debit Card,1
2092,2023-05-26,26,5,2023,Friday,OnePlus,OnePlus 9,1,25034.89,25034.89,Lata Dutta,19,Delhi,Cash,2
2093,2023-05-26,26,5,2023,Friday,OnePlus,OnePlus 9,9,33863.74,304773.66,Aditya Patel,23,Chennai,UPI,4
2094,2023-05-26,26,5,2023,Friday,Apple,iPhone 11,2,35686.81,71373.62,Isha Thakur,28,Mumbai,UPI,4
2095,2023-05-27,27,5,2023,Saturday,Samsung,Galaxy A51,9,62814.88,565333.9199999999,Manoj Shah,35,Ludhiana,Credit Card,2
2096,2023-05-27,27,5,2023,Saturday,Vivo,Vivo S1,4,67654.25,270617.0,Pooja Deshmukh,57,Delhi,UPI,4
2097,2023-05-27,27,5,2023,Saturday,OnePlus,OnePlus 9,2,63580.08,127160.16,Tanuja Roy,42,Delhi,Credit Card,5
2098,2023-05-27,27,5,2023,Saturday,Samsung,Galaxy A51,4,53150.68,212602.72,Lata Kaur,56,Kanpur,Debit Card,2
2099,2023-05-28,28,5,2023,Sunday,OnePlus,OnePlus Nord,6,45099.56,270597.36,Mala Malhotra,45,Delhi,Credit Card,4
2100,2023-05-28,28,5,2023,Sunday,Vivo,Vivo Y51,7,51355.7,359489.89999999997,Priyanka Nambiar,33,Kolkata,Credit Card,5
2101,2023-05-28,28,5,2023,Sunday,OnePlus,OnePlus 9,3,66346.55,199039.65000000002,Sneha Menon,29,Vadodara,Debit Card,2
2102,2023-05-29,29,5,2023,Monday,Apple,iPhone SE,3,24999.92,74999.76,Rajesh Shah,58,Delhi,Cash,5
2103,2023-05-29,29,5,2023,Monday,Apple,iPhone SE,8,42107.23,336857.84,Navin Nair,46,Delhi,Cash,4
2104,2023-05-29,29,5,2023,Monday,OnePlus,OnePlus 8T,5,51376.48,256882.40000000002,Shruti Mehta,40,Bangalore,Cash,4
2105,2023-05-30,30,5,2023,Tuesday,Samsung,Galaxy Note 20,4,50754.82,203019.28,Sachin Arora,38,Ranchi,Cash,4
2106,2023-05-30,30,5,2023,Tuesday,Samsung,Galaxy Note 20,7,25136.74,175957.18000000002,Lata Alva,33,Jodhpur,Credit Card,4
2107,2023-05-30,30,5,2023,Tuesday,Samsung,Galaxy Note 20,7,45203.89,316427.23,Namita Roy,58,Ranchi,Cash,4
2108,2023-05-30,30,5,2023,Tuesday,OnePlus,OnePlus Nord,9,57754.79,519793.11,Vinod Chatterjee,43,Delhi,UPI,4
2109,2023-05-31,31,5,2023,Wednesday,Samsung,Galaxy A51,9,38504.74,346542.66,Shruti Roy,54,Mumbai,UPI,2
2110,2023-05-31,31,5,2023,Wednesday,Vivo,Vivo S1,5,57597.88,287989.39999999997,Neeta Nair,39,Mumbai,Cash,2
2111,2023-05-31,31,5,2023,Wednesday,Apple,iPhone 11,8,31592.96,252743.68,Bhavana Teja,27,Gorakhpur,UPI,5
2112,2023-05-31,31,5,2023,Wednesday,Vivo,Vivo S1,1,66325.61,66325.61,Sunil Varma,24,Delhi,UPI,2
2113,2023-06-01,1,6,2023,Thursday,Samsung,Galaxy S21,9,42035.71,378321.39,Aditya Rao,26,Hyderabad,Debit Card,2
2114,2023-06-01,1,6,2023,Thursday,Vivo,Vivo V20,8,45756.88,366055.04,Pooja Rao,42,Delhi,Debit Card,5
2115,2023-06-01,1,6,2023,Thursday,Samsung,Galaxy A51,6,11881.69,71290.14,Neeta Desai,32,Bhopal,Cash,1
2116,2023-06-02,2,6,2023,Friday,OnePlus,OnePlus 8T,3,20216.15,60648.450000000004,Deepika Deshmukh,30,Chennai,Credit Card,4
2117,2023-06-02,2,6,2023,Friday,Vivo,Vivo V20,3,47976.03,143928.09,Tanuja Mathur,59,Lucknow,Credit Card,2
2118,2023-06-02,2,6,2023,Friday,OnePlus,OnePlus Nord,8,35192.22,281537.76,Tanuja Mathur,43,Rajkot,Debit Card,5
2119,2023-06-02,2,6,2023,Friday,OnePlus,OnePlus 9,5,40489.83,202449.15000000002,Lata Mehta,38,Gorakhpur,Debit Card,4
2120,2023-06-03,3,6,2023,Saturday,Xiaomi,Redmi Note 10,7,13778.28,96447.96,Nikhil Jain,40,Madurai,Credit Card,4
2121,2023-06-03,3,6,2023,Saturday,Samsung,Galaxy S21,5,60048.11,300240.55,Priyanka Ghosh,45,Hyderabad,Cash,2
2122,2023-06-03,3,6,2023,Saturday,Apple,iPhone 12,8,57070.34,456562.72,Anita Joshi,55,Mumbai,Credit Card,4
2123,2023-06-03,3,6,2023,Saturday,Samsung,Galaxy A51,4,21121.24,84484.96,Navin Gupta,29,Mumbai,Credit Card,5
2124,2023-06-04,4,6,2023,Sunday,Apple,iPhone 12,2,48059.76,96119.52,Tapan Rathod,41,Ludhiana,UPI,5
2125,2023-06-04,4,6,2023,Sunday,Samsung,Galaxy A51,3,59098.91,177296.73,Sachin Goyal,30,Delhi,Credit Card,5
2126,2023-06-04,4,6,2023,Sunday,OnePlus,OnePlus 9,8,48451.25,387610.0,Gita Teja,57,Delhi,Debit Card,5
2127,2023-06-04,4,6,2023,Sunday,Vivo,Vivo V20,7,28623.89,200367.22999999998,Anjali Pathak,19,Delhi,Cash,5
2128,2023-06-05,5,6,2023,Monday,Vivo,Vivo V20,2,49366.67,98733.34,Devendra Pathak,56,Kolkata,Credit Card,4
2129,2023-06-05,5,6,2023,Monday,Xiaomi,Redmi 9,6,22627.7,135766.2,Anand Joshi,29,Gorakhpur,UPI,5
2130,2023-06-05,5,6,2023,Monday,Apple,iPhone 12,9,29095.3,261857.69999999998,Pankaj Mathur,56,Lucknow,Debit Card,4
2131,2023-06-06,6,6,2023,Tuesday,Apple,iPhone 12,4,24404.18,97616.72,Monika Thakur,31,Ludhiana,Debit Card,4
2132,2023-06-06,6,6,2023,Tuesday,Apple,iPhone 11,9,43415.51,390739.59,Bina Goyal,47,Bhopal,UPI,4
2133,2023-06-06,6,6,2023,Tuesday,OnePlus,OnePlus 9,2,16493.6,32987.2,Vivek Bhattacharya,58,Mumbai,Debit Card,4
2134,2023-06-07,7,6,2023,Wednesday,Apple,iPhone 11,2,65998.62,131997.24,Priya Sharma,36,Bangalore,UPI,1
2135,2023-06-07,7,6,2023,Wednesday,Vivo,Vivo S1,9,30010.74,270096.66000000003,Namita Mehta,48,Lucknow,Debit Card,2
2136,2023-06-07,7,6,2023,Wednesday,OnePlus,OnePlus 9,7,23138.21,161967.47,Kiran Srivastava,42,Coimbatore,Debit Card,4
2137,2023-06-08,8,6,2023,Thursday,Samsung,Galaxy S21,7,39792.99,278550.93,Sunita Iyer,21,Hyderabad,Debit Card,1
2138,2023-06-08,8,6,2023,Thursday,Apple,iPhone 11,1,26619.87,26619.87,Anita Srivastava,30,Gorakhpur,Debit Card,4
2139,2023-06-08,8,6,2023,Thursday,Apple,iPhone 11,6,42094.25,252565.5,Isha Luthra,53,Ludhiana,UPI,4
2140,2023-06-08,8,6,2023,Thursday,Samsung,Galaxy S21,7,30910.55,216373.85,Harish Thakur,59,Indore,Credit Card,4
2141,2023-06-09,9,6,2023,Friday,Apple,iPhone SE,6,17924.01,107544.06,Arun Desai,54,Mumbai,Debit Card,5
2142,2023-06-09,9,6,2023,Friday,Samsung,Galaxy Note 20,6,25953.71,155722.26,Priyanka Mishra,20,Chennai,UPI,4
2143,2023-06-09,9,6,2023,Friday,OnePlus,OnePlus 9,2,36306.39,72612.78,Rajesh Verma,33,Mumbai,UPI,4
2144,2023-06-09,9,6,2023,Friday,Vivo,Vivo Y51,6,11817.59,70905.54000000001,Sachin Goyal,43,Lucknow,UPI,2
2145,2023-06-10,10,6,2023,Saturday,Samsung,Galaxy A51,4,56238.55,224954.2,Monika Mehta,57,Mumbai,Credit Card,4
2146,2023-06-10,10,6,2023,Saturday,Xiaomi,Mi 11,9,47309.47,425785.23,Rajesh Menon,56,Delhi,Cash,1
2147,2023-06-10,10,6,2023,Saturday,Samsung,Galaxy S21,1,46081.58,46081.58,Mala Thakur,36,Coimbatore,UPI,4
2148,2023-06-10,10,6,2023,Saturday,Apple,iPhone 11,8,42763.0,342104.0,Rohan Singh,32,Delhi,UPI,1
2149,2023-06-11,11,6,2023,Sunday,OnePlus,OnePlus Nord,5,45418.79,227093.95,Tapan Varma,49,Hyderabad,UPI,5
2150,2023-06-11,11,6,2023,Sunday,OnePlus,OnePlus 9,1,66079.12,66079.12,Vivek Jain,38,Delhi,Credit Card,5
2151,2023-06-11,11,6,2023,Sunday,Samsung,Galaxy S21,4,10514.15,42056.6,Pankaj Kapoor,18,Coimbatore,Debit Card,2
2152,2023-06-12,12,6,2023,Monday,Vivo,Vivo V20,1,12867.98,12867.98,Aditya Luthra,23,Kolkata,Credit Card,4
2153,2023-06-12,12,6,2023,Monday,Xiaomi,Redmi Note 10,6,21489.6,128937.59999999999,Anita Bhattacharya,44,Delhi,UPI,2
2154,2023-06-12,12,6,2023,Monday,OnePlus,OnePlus Nord,2,20038.08,40076.16,Anand Joshi,40,Delhi,Cash,1
2155,2023-06-12,12,6,2023,Monday,Apple,iPhone 12,5,20871.67,104358.34999999999,Rajesh Prasad,48,Hyderabad,UPI,2
2156,2023-06-13,13,6,2023,Tuesday,Apple,iPhone SE,7,50316.63,352216.41,Ramesh Sharma,29,Vadodara,Debit Card,1
2157,2023-06-13,13,6,2023,Tuesday,Vivo,Vivo S1,2,37569.0,75138.0,Bina Patel,38,Delhi,Cash,2
2158,2023-06-13,13,6,2023,Tuesday,OnePlus,OnePlus 8T,6,69506.73,417040.38,Arun Iyer,19,Delhi,Cash,5
2159,2023-06-13,13,6,2023,Tuesday,Samsung,Galaxy Note 20,6,23613.15,141678.90000000002,Aditya Jain,22,Ranchi,Credit Card,4
2160,2023-06-14,14,6,2023,Wednesday,Apple,iPhone 12,5,28649.81,143249.05000000002,Deepika Prasad,26,Mumbai,Credit Card,2
2161,2023-06-14,14,6,2023,Wednesday,Vivo,Vivo V20,5,69054.44,345272.2,Priya Varma,37,Kanpur,Debit Card,1
2162,2023-06-14,14,6,2023,Wednesday,OnePlus,OnePlus Nord,3,59905.49,179716.47,Ravi Kaur,35,Mumbai,Credit Card,4
2163,2023-06-14,14,6,2023,Wednesday,OnePlus,OnePlus 8T,2,38187.95,76375.9,Amit Ghosh,39,Patna,Debit Card,5
2164,2023-06-15,15,6,2023,Thursday,OnePlus,OnePlus 9,7,43275.81,302930.67,Vijay Malhotra,25,Delhi,Cash,5
2165,2023-06-15,15,6,2023,Thursday,OnePlus,OnePlus 9,1,60590.68,60590.68,Pankaj Desai,51,Hyderabad,Cash,4
2166,2023-06-15,15,6,2023,Thursday,OnePlus,OnePlus Nord,6,38858.81,233152.86,Isha Thakur,26,Delhi,Cash,4
2167,2023-06-15,15,6,2023,Thursday,Apple,iPhone 11,6,22361.42,134168.52,Tapan Nair,24,Mumbai,Debit Card,2
2168,2023-06-16,16,6,2023,Friday,Vivo,Vivo V20,3,59706.67,179120.01,Tapan Rathod,47,Kanpur,Credit Card,5
2169,2023-06-16,16,6,2023,Friday,OnePlus,OnePlus 9,2,42266.35,84532.7,Vijay Varma,35,Indore,Credit Card,2
2170,2023-06-16,16,6,2023,Friday,Xiaomi,Redmi Note 10,2,19182.56,38365.12,Rajesh Sheth,44,Lucknow,Credit Card,2
2171,2023-06-17,17,6,2023,Saturday,Xiaomi,Redmi Note 10,9,40335.15,363016.35000000003,Arun Verma,33,Chennai,UPI,1
2172,2023-06-17,17,6,2023,Saturday,Vivo,Vivo V20,5,34792.2,173961.0,Krishna Sharma,38,Mumbai,Cash,2
2173,2023-06-17,17,6,2023,Saturday,Samsung,Galaxy S21,7,62610.55,438273.85000000003,Devendra Luthra,22,Mumbai,Cash,4
2174,2023-06-18,18,6,2023,Sunday,Samsung,Galaxy Note 20,5,17563.33,87816.65000000001,Priya Varma,46,Bhopal,UPI,4
2175,2023-06-18,18,6,2023,Sunday,Samsung,Galaxy A51,7,62512.59,437588.13,Bina Jain,54,Bhopal,Cash,4
2176,2023-06-18,18,6,2023,Sunday,Xiaomi,Redmi 9,4,40732.66,162930.64,Krishna Joshi,39,Jodhpur,Cash,1
2177,2023-06-18,18,6,2023,Sunday,Samsung,Galaxy A51,8,34261.87,274094.96,Deepika Prasad,31,Mumbai,UPI,4
2178,2023-06-19,19,6,2023,Monday,Apple,iPhone 12,7,19718.03,138026.21,Deepika Alva,36,Delhi,Cash,4
2179,2023-06-19,19,6,2023,Monday,OnePlus,OnePlus Nord,5,52049.08,260245.40000000002,Meena Pillai,52,Delhi,Credit Card,4
2180,2023-06-19,19,6,2023,Monday,Xiaomi,Mi 11,6,65608.4,393650.39999999997,Vinod Prasad,41,Coimbatore,UPI,4
2181,2023-06-20,20,6,2023,Tuesday,Vivo,Vivo V20,5,32522.64,162613.2,Pooja Goyal,59,Jodhpur,Cash,5
2182,2023-06-20,20,6,2023,Tuesday,Vivo,Vivo Y51,7,24495.1,171465.69999999998,Pooja Joshi,23,Delhi,Credit Card,2
2183,2023-06-20,20,6,2023,Tuesday,OnePlus,OnePlus 9,2,43292.02,86584.04,Yogesh Menon,20,Vadodara,Debit Card,2
2184,2023-06-21,21,6,2023,Wednesday,Xiaomi,Redmi Note 10,5,57771.16,288855.80000000005,Amit Ahuja,51,Patna,Cash,4
2185,2023-06-21,21,6,2023,Wednesday,Samsung,Galaxy A51,3,10226.06,30678.18,Rajesh Chaudhary,19,Bangalore,UPI,4
2186,2023-06-21,21,6,2023,Wednesday,Samsung,Galaxy Note 20,9,47882.65,430943.85000000003,Bhavana Rawat,32,Delhi,Credit Card,4
2187,2023-06-21,21,6,2023,Wednesday,Apple,iPhone SE,6,45790.96,274745.76,Anita Joshi,54,Kolkata,Debit Card,1
2188,2023-06-22,22,6,2023,Thursday,Apple,iPhone 12,3,29089.13,87267.39,Prashant Dutta,32,Madurai,Debit Card,4
2189,2023-06-22,22,6,2023,Thursday,Samsung,Galaxy Note 20,7,37085.38,259597.65999999997,Vivek Pathak,49,Delhi,Cash,4
2190,2023-06-22,22,6,2023,Thursday,Vivo,Vivo Y51,4,24817.79,99271.16,Kiran Patel,38,Ludhiana,Debit Card,4
2191,2023-06-22,22,6,2023,Thursday,Vivo,Vivo V20,3,57393.14,172179.41999999998,Sumit Chatterjee,34,Mumbai,UPI,4
2192,2023-06-23,23,6,2023,Friday,Apple,iPhone SE,8,48072.1,384576.8,Pooja Arora,51,Delhi,Debit Card,5
2193,2023-06-23,23,6,2023,Friday,OnePlus,OnePlus 9,4,41962.7,167850.8,Arun Ghosh,49,Indore,Cash,4
2194,2023-06-23,23,6,2023,Friday,Samsung,Galaxy Note 20,1,33551.57,33551.57,Deepika Prasad,40,Patna,Debit Card,5
2195,2023-06-24,24,6,2023,Saturday,Apple,iPhone 11,6,27483.06,164898.36000000002,Devendra Thakur,52,Mumbai,Cash,4
2196,2023-06-24,24,6,2023,Saturday,Apple,iPhone 11,1,59364.19,59364.19,Pankaj Shah,54,Patna,Debit Card,1
2197,2023-06-24,24,6,2023,Saturday,Samsung,Galaxy S21,5,37084.46,185422.3,Mala Goyal,58,Delhi,Credit Card,2
2198,2023-06-24,24,6,2023,Saturday,Samsung,Galaxy Note 20,7,40086.85,280607.95,Manoj Luthra,54,Lucknow,Cash,2
2199,2023-06-25,25,6,2023,Sunday,Vivo,Vivo Y51,6,41249.72,247498.32,Pooja Sharma,50,Bhopal,UPI,2
2200,2023-06-25,25,6,2023,Sunday,OnePlus,OnePlus Nord,2,36902.02,73804.04,Ravi Solanki,42,Delhi,UPI,2
2201,2023-06-25,25,6,2023,Sunday,OnePlus,OnePlus Nord,4,25365.31,101461.24,Rajesh Mishra,54,Ranchi,Debit Card,4
2202,2023-06-26,26,6,2023,Monday,Samsung,Galaxy Note 20,2,17220.43,34440.86,Amit Das,57,Mumbai,Credit Card,2
2203,2023-06-26,26,6,2023,Monday,Xiaomi,Redmi 9,1,15912.24,15912.24,Anand Siddiqui,38,Mumbai,Debit Card,4
2204,2023-06-26,26,6,2023,Monday,Apple,iPhone 12,3,55447.75,166343.25,Bina Solanki,55,Patna,Debit Card,1
2205,2023-06-26,26,6,2023,Monday,Apple,iPhone SE,3,23411.67,70235.01,Kavita Nair,57,Vadodara,Credit Card,4
2206,2023-06-27,27,6,2023,Tuesday,Samsung,Galaxy A51,7,13340.37,93382.59000000001,Isha Desai,51,Rajkot,Cash,4
2207,2023-06-27,27,6,2023,Tuesday,Xiaomi,Redmi 9,1,57851.04,57851.04,Anjali Alva,36,Mumbai,UPI,4
2208,2023-06-27,27,6,2023,Tuesday,Vivo,Vivo S1,9,19243.7,173193.30000000002,Vivek Patel,44,Mumbai,Credit Card,4
2209,2023-06-28,28,6,2023,Wednesday,Samsung,Galaxy S21,6,47508.77,285052.62,Mala Siddiqui,26,Mumbai,Debit Card,4
2210,2023-06-28,28,6,2023,Wednesday,Samsung,Galaxy A51,4,30318.6,121274.4,Priyanka Pillai,22,Delhi,Cash,4
2211,2023-06-28,28,6,2023,Wednesday,Apple,iPhone 11,3,17588.82,52766.46,Mala Chatterjee,22,Delhi,Debit Card,1
2212,2023-06-28,28,6,2023,Wednesday,Samsung,Galaxy A51,3,34868.86,104606.58,Bhavana Mishra,42,Ludhiana,Cash,5
2213,2023-06-29,29,6,2023,Thursday,Samsung,Galaxy A51,2,10888.53,21777.06,Sunil Kumar,43,Lucknow,UPI,4
2214,2023-06-29,29,6,2023,Thursday,Samsung,Galaxy Note 20,2,60462.7,120925.4,Anjali Rao,36,Patna,UPI,4
2215,2023-06-29,29,6,2023,Thursday,Apple,iPhone 12,5,40809.88,204049.4,Sumit Teja,47,Delhi,Cash,4
2216,2023-06-30,30,6,2023,Friday,Vivo,Vivo Y51,9,18349.6,165146.4,Shruti Mehta,53,Ludhiana,UPI,2
2217,2023-06-30,30,6,2023,Friday,Vivo,Vivo Y51,2,24218.82,48437.64,Sachin Iyer,33,Hyderabad,Debit Card,2
2218,2023-06-30,30,6,2023,Friday,Samsung,Galaxy Note 20,2,36878.51,73757.02,Pooja Thakur,24,Delhi,Cash,1
2219,2023-07-01,1,7,2023,Saturday,Apple,iPhone 11,6,21332.16,127992.95999999999,Ravi Gupta,35,Ludhiana,Debit Card,2
2220,2023-07-01,1,7,2023,Saturday,Vivo,Vivo S1,2,26115.95,52231.9,Sumit Malhotra,38,Hyderabad,Cash,5
2221,2023-07-01,1,7,2023,Saturday,Vivo,Vivo S1,4,42063.13,168252.52,Priyanka Dutta,48,Delhi,Debit Card,4
2222,2023-07-02,2,7,2023,Sunday,Vivo,Vivo S1,6,59956.54,359739.24,Amit Sheth,18,Delhi,UPI,1
2223,2023-07-02,2,7,2023,Sunday,Apple,iPhone SE,5,34110.38,170551.9,Anita Mathur,20,Vadodara,Credit Card,2
2224,2023-07-02,2,7,2023,Sunday,Apple,iPhone 12,1,53018.52,53018.52,Isha Menon,48,Bhopal,Debit Card,2
2225,2023-07-02,2,7,2023,Sunday,Samsung,Galaxy A51,6,62601.05,375606.30000000005,Neeta Mathur,42,Bangalore,Cash,4
2226,2023-07-03,3,7,2023,Monday,OnePlus,OnePlus Nord,1,22978.06,22978.06,Lata Verma,25,Hyderabad,UPI,1
2227,2023-07-03,3,7,2023,Monday,Vivo,Vivo V20,3,58431.52,175294.56,Rajesh Yadav,18,Kanpur,Cash,4
2228,2023-07-03,3,7,2023,Monday,OnePlus,OnePlus 8T,5,55444.13,277220.64999999997,Kiran Gupta,24,Kolkata,Debit Card,1
2229,2023-07-04,4,7,2023,Tuesday,Apple,iPhone SE,5,31416.24,157081.2,Vijay Siddiqui,24,Jodhpur,Cash,2
2230,2023-07-04,4,7,2023,Tuesday,Apple,iPhone SE,6,69371.2,416227.19999999995,Reena Dutta,25,Delhi,Cash,4
2231,2023-07-04,4,7,2023,Tuesday,Apple,iPhone 11,8,25754.34,206034.72,Pooja Ahuja,36,Lucknow,Debit Card,4
2232,2023-07-05,5,7,2023,Wednesday,OnePlus,OnePlus Nord,5,25288.2,126441.0,Neeta Desai,34,Lucknow,UPI,5
2233,2023-07-05,5,7,2023,Wednesday,Apple,iPhone 11,1,56335.55,56335.55,Rohan Pathak,28,Mumbai,UPI,4
2234,2023-07-05,5,7,2023,Wednesday,Samsung,Galaxy Note 20,5,36079.44,180397.2,Deepika Das,58,Jodhpur,Debit Card,1
2235,2023-07-05,5,7,2023,Wednesday,Apple,iPhone 11,3,29847.7,89543.1,Sanjay Das,28,Delhi,UPI,5
2236,2023-07-06,6,7,2023,Thursday,Xiaomi,Redmi 9,4,20719.77,82879.08,Manoj Siddiqui,55,Hyderabad,Credit Card,4
2237,2023-07-06,6,7,2023,Thursday,OnePlus,OnePlus 8T,8,55919.95,447359.6,Pooja Patel,58,Rajkot,Cash,4
2238,2023-07-06,6,7,2023,Thursday,Xiaomi,Redmi 9,7,57179.31,400255.17,Namita Malhotra,19,Delhi,Debit Card,5
2239,2023-07-06,6,7,2023,Thursday,Apple,iPhone 12,5,43993.84,219969.19999999998,Pankaj Patel,21,Bangalore,Credit Card,2
2240,2023-07-07,7,7,2023,Friday,Samsung,Galaxy Note 20,2,67438.82,134877.64,Prashant Roy,45,Mumbai,Cash,4
2241,2023-07-07,7,7,2023,Friday,Vivo,Vivo S1,6,29089.8,174538.8,Radha Alva,50,Madurai,Debit Card,4
2242,2023-07-07,7,7,2023,Friday,Apple,iPhone 11,6,23177.14,139062.84,Sunil Reddy,28,Chennai,UPI,2
2243,2023-07-08,8,7,2023,Saturday,Samsung,Galaxy A51,6,50648.01,303888.06,Umesh Kulkarni,20,Coimbatore,Debit Card,4
2244,2023-07-08,8,7,2023,Saturday,OnePlus,OnePlus Nord,9,55504.52,499540.68,Sunita Mehta,57,Coimbatore,Debit Card,2
2245,2023-07-08,8,7,2023,Saturday,Xiaomi,Redmi Note 10,8,23494.36,187954.88,Pooja Thakur,22,Mumbai,Cash,2
2246,2023-07-09,9,7,2023,Sunday,Xiaomi,Mi 11,8,14596.65,116773.2,Amit Joshi,38,Mumbai,Cash,2
2247,2023-07-09,9,7,2023,Sunday,Xiaomi,Redmi 9,1,58630.99,58630.99,Sneha Ghosh,39,Bhopal,Cash,5
2248,2023-07-09,9,7,2023,Sunday,OnePlus,OnePlus 9,5,68590.12,342950.6,Ravi Siddiqui,54,Rajkot,Credit Card,4
2249,2023-07-09,9,7,2023,Sunday,Samsung,Galaxy A51,7,48680.34,340762.38,Amit Ghosh,28,Hyderabad,UPI,2
2250,2023-07-10,10,7,2023,Monday,OnePlus,OnePlus Nord,6,26672.01,160032.06,Bhavana Srivastava,39,Indore,Debit Card,4
2251,2023-07-10,10,7,2023,Monday,Xiaomi,Redmi Note 10,5,69800.36,349001.8,Harish Solanki,58,Chennai,Debit Card,2
2252,2023-07-10,10,7,2023,Monday,Apple,iPhone 11,8,63596.0,508768.0,Umesh Ghosh,30,Rajkot,UPI,2
2253,2023-07-10,10,7,2023,Monday,Vivo,Vivo V20,3,40802.84,122408.51999999999,Mala Chatterjee,20,Lucknow,Debit Card,2
2254,2023-07-11,11,7,2023,Tuesday,OnePlus,OnePlus 8T,6,59519.28,357115.68,Anjali Varma,30,Delhi,Cash,5
2255,2023-07-11,11,7,2023,Tuesday,OnePlus,OnePlus Nord,5,58949.23,294746.15,Navin Verma,45,Delhi,Debit Card,2
2256,2023-07-11,11,7,2023,Tuesday,Samsung,Galaxy A51,8,66087.94,528703.52,Amit Srivastava,28,Mumbai,UPI,2
2257,2023-07-11,11,7,2023,Tuesday,Samsung,Galaxy S21,4,60455.43,241821.72,Neeta Sharma,28,Hyderabad,Credit Card,2
2258,2023-07-12,12,7,2023,Wednesday,OnePlus,OnePlus 9,8,48620.75,388966.0,Pankaj Sheth,38,Bangalore,Credit Card,2
2259,2023-07-12,12,7,2023,Wednesday,Xiaomi,Redmi Note 10,2,46558.22,93116.44,Kiran Deshmukh,38,Mumbai,UPI,2
2260,2023-07-12,12,7,2023,Wednesday,Vivo,Vivo S1,9,38041.44,342372.96,Kavita Gupta,24,Mumbai,Debit Card,2
2261,2023-07-12,12,7,2023,Wednesday,Samsung,Galaxy Note 20,9,47589.14,428302.26,Jyoti Mehta,34,Bhopal,Debit Card,4
2262,2023-07-13,13,7,2023,Thursday,Xiaomi,Redmi Note 10,6,57713.0,346278.0,Sumit Roy,31,Ranchi,Credit Card,2
2263,2023-07-13,13,7,2023,Thursday,Apple,iPhone 11,4,68142.26,272569.04,Kiran Singh,50,Mumbai,Debit Card,2
2264,2023-07-13,13,7,2023,Thursday,Samsung,Galaxy S21,4,38037.24,152148.96,Bhavana Sheth,28,Madurai,Credit Card,5
2265,2023-07-13,13,7,2023,Thursday,Xiaomi,Redmi Note 10,6,44419.19,266515.14,Meena Dutta,30,Chennai,UPI,2
2266,2023-07-14,14,7,2023,Friday,Xiaomi,Redmi Note 10,5,36688.33,183441.65000000002,Aditya Nair,18,Indore,UPI,5
2267,2023-07-14,14,7,2023,Friday,Vivo,Vivo V20,6,50109.32,300655.92,Nikhil Ahuja,51,Delhi,Debit Card,3
2268,2023-07-14,14,7,2023,Friday,Vivo,Vivo S1,7,47795.23,334566.61000000004,Monika Kumar,26,Mumbai,Cash,5
2269,2023-07-15,15,7,2023,Saturday,Apple,iPhone SE,7,11070.03,77490.21,Isha Kaur,30,Vadodara,Cash,3
2270,2023-07-15,15,7,2023,Saturday,Xiaomi,Redmi Note 10,9,42469.69,382227.21,Priyanka Mishra,54,Delhi,Credit Card,3
2271,2023-07-15,15,7,2023,Saturday,Xiaomi,Redmi 9,8,15309.21,122473.68,Sunil Jain,47,Delhi,UPI,5
2272,2023-07-15,15,7,2023,Saturday,Vivo,Vivo S1,6,11583.02,69498.12,Arun Iyer,58,Delhi,Credit Card,4
2273,2023-07-16,16,7,2023,Sunday,Samsung,Galaxy A51,6,57471.83,344830.98,Manoj Kapoor,54,Ludhiana,UPI,5
2274,2023-07-16,16,7,2023,Sunday,Samsung,Galaxy A51,5,25518.99,127594.95000000001,Anita Shah,24,Mumbai,Credit Card,2
2275,2023-07-16,16,7,2023,Sunday,OnePlus,OnePlus 8T,1,30439.3,30439.3,Arun Siddiqui,31,Ranchi,Credit Card,5
2276,2023-07-17,17,7,2023,Monday,Vivo,Vivo Y51,9,13845.08,124605.72,Arun Yadav,23,Ranchi,Credit Card,4
2277,2023-07-17,17,7,2023,Monday,OnePlus,OnePlus Nord,9,20770.02,186930.18,Prashant Arora,51,Bangalore,Debit Card,5
2278,2023-07-17,17,7,2023,Monday,Vivo,Vivo Y51,9,55936.29,503426.61,Sanjay Das,33,Delhi,Cash,4
2279,2023-07-18,18,7,2023,Tuesday,Apple,iPhone 12,8,39611.85,316894.8,Pankaj Nambiar,54,Mumbai,UPI,2
2280,2023-07-18,18,7,2023,Tuesday,Xiaomi,Mi 11,3,62840.11,188520.33000000002,Jyoti Ahuja,53,Delhi,Credit Card,2
2281,2023-07-18,18,7,2023,Tuesday,Apple,iPhone 12,1,33834.53,33834.53,Monika Bhatnagar,23,Mumbai,Cash,4
2282,2023-07-19,19,7,2023,Wednesday,Vivo,Vivo Y51,8,26122.04,208976.32,Tanuja Rao,25,Delhi,Credit Card,4
2283,2023-07-19,19,7,2023,Wednesday,Xiaomi,Mi 11,7,30855.99,215991.93000000002,Kunal Malhotra,41,Delhi,Credit Card,4
2284,2023-07-19,19,7,2023,Wednesday,Samsung,Galaxy S21,5,52766.31,263831.55,Rohan Jain,20,Gorakhpur,UPI,2
2285,2023-07-19,19,7,2023,Wednesday,Samsung,Galaxy S21,7,43300.34,303102.38,Mala Verma,21,Coimbatore,Debit Card,3
2286,2023-07-20,20,7,2023,Thursday,OnePlus,OnePlus Nord,4,64251.47,257005.88,Prashant Mathur,49,Kanpur,Credit Card,4
2287,2023-07-20,20,7,2023,Thursday,Vivo,Vivo Y51,9,46130.13,415171.17,Pankaj Kapoor,18,Coimbatore,UPI,2
2288,2023-07-20,20,7,2023,Thursday,Vivo,Vivo V20,2,39581.09,79162.18,Isha Singh,51,Delhi,Debit Card,2
2289,2023-07-21,21,7,2023,Friday,Samsung,Galaxy A51,9,57145.16,514306.44000000006,Pooja Pathak,26,Patna,Debit Card,4
2290,2023-07-21,21,7,2023,Friday,Apple,iPhone 12,9,66852.03,601668.27,Namita Deshmukh,29,Chennai,Cash,3
2291,2023-07-21,21,7,2023,Friday,Xiaomi,Redmi 9,5,31350.75,156753.75,Deepika Solanki,27,Mumbai,Cash,2
2292,2023-07-22,22,7,2023,Saturday,Apple,iPhone SE,1,24992.57,24992.57,Sneha Patel,27,Madurai,Credit Card,2
2293,2023-07-22,22,7,2023,Saturday,Apple,iPhone 12,7,46973.04,328811.28,Vivek Mehta,40,Vadodara,Cash,3
2294,2023-07-22,22,7,2023,Saturday,Samsung,Galaxy S21,4,39932.37,159729.48,Kiran Alva,23,Bangalore,UPI,2
2295,2023-07-22,22,7,2023,Saturday,Samsung,Galaxy Note 20,9,69351.13,624160.17,Anita Pillai,41,Ranchi,UPI,3
2296,2023-07-23,23,7,2023,Sunday,Samsung,Galaxy Note 20,6,37741.71,226450.26,Krishna Menon,41,Delhi,Cash,5
2297,2023-07-23,23,7,2023,Sunday,OnePlus,OnePlus Nord,3,14459.89,43379.67,Manoj Nambiar,38,Mumbai,UPI,5
2298,2023-07-23,23,7,2023,Sunday,Apple,iPhone 12,6,68642.14,411852.83999999997,Shruti Sharma,59,Delhi,UPI,5
2299,2023-07-24,24,7,2023,Monday,Vivo,Vivo Y51,6,60615.22,363691.32,Krishna Rao,48,Delhi,Credit Card,2
2300,2023-07-24,24,7,2023,Monday,Xiaomi,Redmi 9,5,20695.01,103475.04999999999,Anjali Jain,58,Delhi,Credit Card,5
2301,2023-07-24,24,7,2023,Monday,OnePlus,OnePlus 8T,2,64276.32,128552.64,Lata Kumar,47,Mumbai,UPI,2
2302,2023-07-25,25,7,2023,Tuesday,Vivo,Vivo S1,2,30440.01,60880.02,Kavita Teja,51,Kanpur,Cash,2
2303,2023-07-25,25,7,2023,Tuesday,Apple,iPhone 11,7,32626.72,228387.04,Kiran Solanki,35,Bangalore,UPI,5
2304,2023-07-25,25,7,2023,Tuesday,Samsung,Galaxy S21,2,64383.49,128766.98,Isha Ghosh,29,Patna,Debit Card,3
2305,2023-07-25,25,7,2023,Tuesday,Apple,iPhone SE,6,41806.93,250841.58000000002,Nikhil Luthra,52,Delhi,Debit Card,3
2306,2023-07-26,26,7,2023,Wednesday,Xiaomi,Redmi 9,5,18265.78,91328.9,Lata Verma,24,Delhi,Debit Card,2
2307,2023-07-26,26,7,2023,Wednesday,OnePlus,OnePlus 8T,4,32143.37,128573.48,Kiran Ghosh,58,Delhi,Credit Card,3
2308,2023-07-26,26,7,2023,Wednesday,OnePlus,OnePlus 8T,7,53325.85,373280.95,Umesh Patel,57,Delhi,Cash,4
2309,2023-07-27,27,7,2023,Thursday,Xiaomi,Mi 11,8,20451.05,163608.4,Arun Deshmukh,42,Bhopal,UPI,3
2310,2023-07-27,27,7,2023,Thursday,Vivo,Vivo V20,4,45413.87,181655.48,Lalita Rao,23,Mumbai,Cash,2
2311,2023-07-27,27,7,2023,Thursday,Vivo,Vivo Y51,1,51716.45,51716.45,Shruti Roy,18,Chennai,Cash,3
2312,2023-07-28,28,7,2023,Friday,OnePlus,OnePlus 8T,1,30631.21,30631.21,Bhavana Reddy,33,Mumbai,Cash,2
2313,2023-07-28,28,7,2023,Friday,OnePlus,OnePlus 9,1,51632.84,51632.84,Deepika Dutta,21,Chennai,Debit Card,3
2314,2023-07-28,28,7,2023,Friday,Samsung,Galaxy Note 20,1,63052.44,63052.44,Vijay Das,46,Lucknow,UPI,2
2315,2023-07-29,29,7,2023,Saturday,Vivo,Vivo V20,5,38327.0,191635.0,Ravi Prasad,55,Kanpur,Credit Card,4
2316,2023-07-29,29,7,2023,Saturday,Xiaomi,Redmi Note 10,4,32974.56,131898.24,Namita Rao,45,Kolkata,Cash,5
2317,2023-07-29,29,7,2023,Saturday,Vivo,Vivo Y51,9,25069.5,225625.5,Ayesha Menon,39,Madurai,Cash,4
2318,2023-07-29,29,7,2023,Saturday,Samsung,Galaxy S21,3,46252.33,138756.99,Umesh Srivastava,25,Delhi,Debit Card,2
2319,2023-07-30,30,7,2023,Sunday,OnePlus,OnePlus 8T,7,62791.12,439537.84,Ravi Kumar,49,Delhi,Debit Card,4
2320,2023-07-30,30,7,2023,Sunday,OnePlus,OnePlus 9,8,29479.68,235837.44,Krishna Nambiar,50,Indore,UPI,4
2321,2023-07-30,30,7,2023,Sunday,Samsung,Galaxy A51,6,33774.13,202644.77999999997,Monika Rawat,30,Delhi,Credit Card,2
2322,2023-07-30,30,7,2023,Sunday,Xiaomi,Mi 11,1,34397.53,34397.53,Anand Kapoor,44,Mumbai,Credit Card,2
2323,2023-07-31,31,7,2023,Monday,OnePlus,OnePlus Nord,8,43648.74,349189.92,Anita Dutta,35,Delhi,Debit Card,5
2324,2023-07-31,31,7,2023,Monday,Apple,iPhone SE,3,23704.54,71113.62,Mala Mathur,35,Madurai,UPI,5
2325,2023-07-31,31,7,2023,Monday,OnePlus,OnePlus Nord,8,59332.67,474661.36,Rajesh Shah,30,Lucknow,Cash,3
2326,2023-07-31,31,7,2023,Monday,Apple,iPhone SE,4,27736.14,110944.56,Rajesh Yadav,39,Jodhpur,UPI,2
2327,2023-08-01,1,8,2023,Tuesday,Samsung,Galaxy Note 20,8,52321.76,418574.08,Kavita Goyal,31,Ranchi,Credit Card,2
2328,2023-08-01,1,8,2023,Tuesday,Samsung,Galaxy S21,1,40792.94,40792.94,Priya Reddy,28,Mumbai,Debit Card,4
2329,2023-08-01,1,8,2023,Tuesday,OnePlus,OnePlus 8T,3,45153.86,135461.58000000002,Ravi Gupta,56,Mumbai,Cash,4
2330,2023-08-02,2,8,2023,Wednesday,Vivo,Vivo Y51,6,20776.52,124659.12,Sunil Gupta,39,Delhi,Cash,5
2331,2023-08-02,2,8,2023,Wednesday,Apple,iPhone 12,9,54101.39,486912.51,Prashant Das,53,Ranchi,Credit Card,2
2332,2023-08-02,2,8,2023,Wednesday,Xiaomi,Redmi 9,2,21317.23,42634.46,Nikhil Patel,34,Ranchi,Cash,2
2333,2023-08-03,3,8,2023,Thursday,OnePlus,OnePlus 9,1,16808.42,16808.42,Priya Prasad,49,Indore,UPI,5
2334,2023-08-03,3,8,2023,Thursday,Xiaomi,Redmi 9,3,42800.77,128402.31,Sachin Joshi,31,Delhi,Credit Card,2
2335,2023-08-03,3,8,2023,Thursday,OnePlus,OnePlus 8T,4,52557.83,210231.32,Priya Dutta,59,Gorakhpur,Credit Card,2
2336,2023-08-03,3,8,2023,Thursday,Vivo,Vivo V20,5,13002.15,65010.75,Monika Bhatnagar,46,Ranchi,Cash,4
2337,2023-08-04,4,8,2023,Friday,Vivo,Vivo V20,3,14163.72,42491.159999999996,Ravi Thakur,23,Lucknow,Credit Card,4
2338,2023-08-04,4,8,2023,Friday,Vivo,Vivo S1,2,58160.75,116321.5,Krishna Rao,21,Delhi,Debit Card,5
2339,2023-08-04,4,8,2023,Friday,Vivo,Vivo V20,2,58541.96,117083.92,Ramesh Jain,28,Delhi,UPI,2
2340,2023-08-05,5,8,2023,Saturday,Samsung,Galaxy Note 20,7,24718.28,173027.96,Kiran Siddiqui,57,Delhi,Credit Card,4
2341,2023-08-05,5,8,2023,Saturday,Samsung,Galaxy S21,9,46913.69,422223.21,Tapan Chatterjee,27,Hyderabad,Debit Card,2
2342,2023-08-05,5,8,2023,Saturday,Apple,iPhone 12,2,36590.8,73181.6,Amit Joshi,45,Bangalore,Cash,5
2343,2023-08-06,6,8,2023,Sunday,Xiaomi,Mi 11,7,47961.76,335732.32,Tapan Mishra,28,Indore,Credit Card,3
2344,2023-08-06,6,8,2023,Sunday,OnePlus,OnePlus Nord,7,61772.76,432409.32,Reena Goyal,52,Delhi,Debit Card,2
2345,2023-08-06,6,8,2023,Sunday,OnePlus,OnePlus 9,7,14791.39,103539.73,Kunal Shah,32,Gorakhpur,Cash,2
2346,2023-08-06,6,8,2023,Sunday,Samsung,Galaxy A51,3,56679.07,170037.21,Krishna Goyal,25,Jodhpur,Debit Card,5
2347,2023-08-07,7,8,2023,Monday,OnePlus,OnePlus 9,7,39581.75,277072.25,Anand Joshi,37,Ludhiana,Cash,3
2348,2023-08-07,7,8,2023,Monday,Samsung,Galaxy Note 20,1,43847.62,43847.62,Amit Ghosh,38,Ranchi,UPI,4
2349,2023-08-07,7,8,2023,Monday,Apple,iPhone SE,1,49235.88,49235.88,Bhavana Bhatnagar,18,Delhi,Credit Card,2
2350,2023-08-07,7,8,2023,Monday,Xiaomi,Redmi Note 10,5,65357.39,326786.95,Krishna Rawat,46,Delhi,UPI,5
2351,2023-08-08,8,8,2023,Tuesday,Apple,iPhone SE,2,13403.2,26806.4,Nikhil Yadav,41,Delhi,UPI,2
2352,2023-08-08,8,8,2023,Tuesday,Vivo,Vivo V20,9,11768.58,105917.22,Ravi Prasad,47,Coimbatore,Credit Card,3
2353,2023-08-08,8,8,2023,Tuesday,Vivo,Vivo Y51,7,20695.71,144869.97,Anita Srivastava,57,Delhi,UPI,3
2354,2023-08-09,9,8,2023,Wednesday,Vivo,Vivo Y51,4,69186.86,276747.44,Monika Nambiar,52,Rajkot,UPI,2
2355,2023-08-09,9,8,2023,Wednesday,Apple,iPhone 12,4,52904.58,211618.32,Monika Solanki,50,Mumbai,Debit Card,2
2356,2023-08-09,9,8,2023,Wednesday,OnePlus,OnePlus 9,2,46878.47,93756.94,Sunita Sharma,37,Patna,Cash,2
2357,2023-08-10,10,8,2023,Thursday,Xiaomi,Redmi 9,5,12822.34,64111.7,Anjali Desai,33,Jodhpur,UPI,3
2358,2023-08-10,10,8,2023,Thursday,Vivo,Vivo V20,4,62746.61,250986.44,Ayesha Dutta,26,Kanpur,Credit Card,2
2359,2023-08-10,10,8,2023,Thursday,Vivo,Vivo S1,1,58765.41,58765.41,Manoj Thakur,48,Bangalore,Debit Card,4
2360,2023-08-11,11,8,2023,Friday,Vivo,Vivo V20,8,49888.0,399104.0,Monika Goyal,34,Delhi,Cash,3
2361,2023-08-11,11,8,2023,Friday,Xiaomi,Mi 11,3,30347.85,91043.54999999999,Priyanka Ghosh,48,Mumbai,UPI,2
2362,2023-08-11,11,8,2023,Friday,Vivo,Vivo S1,6,14230.3,85381.79999999999,Pankaj Mehta,40,Vadodara,UPI,2
2363,2023-08-11,11,8,2023,Friday,Xiaomi,Redmi 9,4,44802.31,179209.24,Tanuja Dutta,23,Kanpur,Credit Card,2
2364,2023-08-12,12,8,2023,Saturday,Vivo,Vivo Y51,9,53181.67,478635.02999999997,Kiran Pathak,47,Jodhpur,UPI,2
2365,2023-08-12,12,8,2023,Saturday,Apple,iPhone SE,7,15654.42,109580.94,Priya Varma,24,Kolkata,Credit Card,3
2366,2023-08-12,12,8,2023,Saturday,Apple,iPhone 11,9,48026.06,432234.54,Arun Sheth,57,Madurai,UPI,2
2367,2023-08-12,12,8,2023,Saturday,Xiaomi,Mi 11,3,27181.96,81545.88,Vinod Joshi,59,Mumbai,UPI,3
2368,2023-08-13,13,8,2023,Sunday,Apple,iPhone 11,1,55854.65,55854.65,Vivek Mehta,28,Hyderabad,Credit Card,2
2369,2023-08-13,13,8,2023,Sunday,Xiaomi,Redmi Note 10,5,42376.95,211884.75,Sanjay Jain,51,Mumbai,Cash,4
2370,2023-08-13,13,8,2023,Sunday,Apple,iPhone 11,3,17742.21,53226.63,Kiran Chaudhary,29,Jodhpur,Debit Card,4
2371,2023-08-13,13,8,2023,Sunday,Apple,iPhone SE,6,41591.17,249547.02,Jyoti Rawat,44,Lucknow,Credit Card,4
2372,2023-08-14,14,8,2023,Monday,Xiaomi,Redmi Note 10,8,33744.21,269953.68,Monika Rawat,29,Ranchi,Cash,2
2373,2023-08-14,14,8,2023,Monday,OnePlus,OnePlus 8T,4,20821.36,83285.44,Bina Solanki,30,Delhi,Cash,2
2374,2023-08-14,14,8,2023,Monday,Apple,iPhone 11,5,60490.94,302454.7,Lalita Patel,25,Mumbai,Credit Card,2
2375,2023-08-14,14,8,2023,Monday,Vivo,Vivo Y51,5,10661.71,53308.549999999996,Krishna Nambiar,33,Jodhpur,Debit Card,3
2376,2023-08-15,15,8,2023,Tuesday,OnePlus,OnePlus Nord,4,28727.7,114910.8,Nikhil Reddy,46,Mumbai,Credit Card,4
2377,2023-08-15,15,8,2023,Tuesday,Xiaomi,Redmi Note 10,4,10755.7,43022.8,Harish Kaur,52,Kanpur,UPI,3
2378,2023-08-15,15,8,2023,Tuesday,OnePlus,OnePlus 9,4,15760.42,63041.68,Meena Desai,46,Mumbai,UPI,2
2379,2023-08-16,16,8,2023,Wednesday,Samsung,Galaxy S21,4,27825.77,111303.08,Aditya Prasad,48,Mumbai,Cash,5
2380,2023-08-16,16,8,2023,Wednesday,Samsung,Galaxy A51,4,13256.27,53025.08,Pooja Srivastava,30,Indore,UPI,5
2381,2023-08-16,16,8,2023,Wednesday,Apple,iPhone 11,5,45797.83,228989.15000000002,Amit Srivastava,29,Mumbai,Debit Card,2
2382,2023-08-16,16,8,2023,Wednesday,Apple,iPhone 12,2,15211.77,30423.54,Meena Roy,19,Madurai,Credit Card,2
2383,2023-08-17,17,8,2023,Thursday,Vivo,Vivo Y51,2,52102.82,104205.64,Amit Rathod,50,Ludhiana,Debit Card,3
2384,2023-08-17,17,8,2023,Thursday,OnePlus,OnePlus Nord,9,13158.53,118426.77,Devendra Menon,25,Delhi,Cash,2
2385,2023-08-17,17,8,2023,Thursday,Samsung,Galaxy S21,2,13558.53,27117.06,Sunita Thakur,58,Mumbai,UPI,2
2386,2023-08-17,17,8,2023,Thursday,Apple,iPhone SE,6,28319.55,169917.3,Sneha Prasad,57,Mumbai,UPI,5
2387,2023-08-18,18,8,2023,Friday,OnePlus,OnePlus 9,2,63794.29,127588.58,Ramesh Solanki,58,Ranchi,Credit Card,4
2388,2023-08-18,18,8,2023,Friday,Apple,iPhone 12,5,48483.59,242417.94999999998,Anjali Desai,49,Kolkata,Debit Card,4
2389,2023-08-18,18,8,2023,Friday,Apple,iPhone 11,4,56207.88,224831.52,Namita Siddiqui,55,Delhi,Debit Card,2
2390,2023-08-18,18,8,2023,Friday,Samsung,Galaxy A51,7,18493.13,129451.91,Ravi Kumar,45,Bhopal,Credit Card,2
2391,2023-08-19,19,8,2023,Saturday,Samsung,Galaxy S21,7,60047.53,420332.70999999996,Kavita Kumar,32,Rajkot,UPI,2
2392,2023-08-19,19,8,2023,Saturday,Apple,iPhone 12,6,10488.77,62932.62,Vinod Dutta,40,Delhi,Cash,5
2393,2023-08-19,19,8,2023,Saturday,Xiaomi,Redmi 9,5,22783.44,113917.2,Namita Goyal,41,Delhi,Cash,2
2394,2023-08-19,19,8,2023,Saturday,Apple,iPhone 11,1,46965.54,46965.54,Kiran Rathod,30,Rajkot,Credit Card,2
2395,2023-08-20,20,8,2023,Sunday,Apple,iPhone SE,3,32514.78,97544.34,Priyanka Teja,38,Coimbatore,Credit Card,5
2396,2023-08-20,20,8,2023,Sunday,Vivo,Vivo V20,9,69051.6,621464.4,Sunil Menon,29,Ranchi,Credit Card,3
2397,2023-08-20,20,8,2023,Sunday,Vivo,Vivo S1,1,11820.35,11820.35,Neeta Deshmukh,30,Delhi,Debit Card,2
2398,2023-08-20,20,8,2023,Sunday,Vivo,Vivo Y51,5,69915.89,349579.45,Krishna Goyal,56,Delhi,UPI,3
2399,2023-08-21,21,8,2023,Monday,Xiaomi,Mi 11,2,47417.67,94835.34,Anjali Roy,40,Bangalore,UPI,4
2400,2023-08-21,21,8,2023,Monday,Xiaomi,Mi 11,4,43522.42,174089.68,Lata Reddy,45,Delhi,Credit Card,4
2401,2023-08-21,21,8,2023,Monday,Apple,iPhone 11,1,13570.75,13570.75,Lata Chatterjee,31,Ranchi,Cash,5
2402,2023-08-22,22,8,2023,Tuesday,Vivo,Vivo Y51,3,26399.73,79199.19,Shruti Shah,34,Delhi,Debit Card,2
2403,2023-08-22,22,8,2023,Tuesday,Xiaomi,Mi 11,7,65479.76,458358.32,Kiran Joshi,41,Chennai,Credit Card,5
2404,2023-08-22,22,8,2023,Tuesday,Samsung,Galaxy Note 20,3,31254.76,93764.28,Priya Prasad,51,Gorakhpur,Debit Card,2
2405,2023-08-23,23,8,2023,Wednesday,Apple,iPhone 12,4,49699.19,198796.76,Bina Joshi,39,Kolkata,Credit Card,4
2406,2023-08-23,23,8,2023,Wednesday,OnePlus,OnePlus Nord,2,69969.78,139939.56,Rajesh Mishra,27,Madurai,Debit Card,5
2407,2023-08-23,23,8,2023,Wednesday,Apple,iPhone 11,3,25784.18,77352.54000000001,Namita Das,25,Coimbatore,Cash,5
2408,2023-08-23,23,8,2023,Wednesday,OnePlus,OnePlus Nord,9,44564.85,401083.64999999997,Sachin Kaur,38,Hyderabad,Cash,2
2409,2023-08-24,24,8,2023,Thursday,Vivo,Vivo S1,3,51786.27,155358.81,Devendra Singh,54,Delhi,Cash,4
2410,2023-08-24,24,8,2023,Thursday,OnePlus,OnePlus 9,5,19877.63,99388.15000000001,Deepika Iyer,24,Delhi,Cash,4
2411,2023-08-24,24,8,2023,Thursday,Vivo,Vivo S1,2,18920.35,37840.7,Pankaj Pathak,43,Mumbai,UPI,2
2412,2023-08-25,25,8,2023,Friday,Samsung,Galaxy A51,4,37378.47,149513.88,Sunil Siddiqui,30,Bhopal,UPI,2
2413,2023-08-25,25,8,2023,Friday,OnePlus,OnePlus 8T,7,33148.75,232041.25,Namita Roy,33,Lucknow,Debit Card,2
2414,2023-08-25,25,8,2023,Friday,Apple,iPhone 11,7,52852.93,369970.51,Navin Chaudhary,47,Indore,Credit Card,4
2415,2023-08-25,25,8,2023,Friday,Vivo,Vivo S1,3,14170.53,42511.590000000004,Sunita Iyer,48,Delhi,UPI,4
2416,2023-08-26,26,8,2023,Saturday,Apple,iPhone 11,5,68330.0,341650.0,Kavita Mehta,22,Mumbai,Credit Card,5
2417,2023-08-26,26,8,2023,Saturday,Xiaomi,Redmi Note 10,1,10856.62,10856.62,Harish Goyal,49,Bhopal,Debit Card,4
2418,2023-08-26,26,8,2023,Saturday,Vivo,Vivo S1,1,46079.01,46079.01,Sachin Shah,33,Hyderabad,Credit Card,3
2419,2023-08-26,26,8,2023,Saturday,OnePlus,OnePlus Nord,5,43757.96,218789.8,Sumit Nambiar,26,Kanpur,Cash,3
2420,2023-08-27,27,8,2023,Sunday,Vivo,Vivo V20,9,18082.94,162746.46,Amit Patel,39,Hyderabad,Cash,2
2421,2023-08-27,27,8,2023,Sunday,Apple,iPhone 12,1,19054.96,19054.96,Vijay Bhattacharya,57,Chennai,UPI,2
2422,2023-08-27,27,8,2023,Sunday,Samsung,Galaxy S21,1,57560.65,57560.65,Monika Deshmukh,54,Indore,Debit Card,2
2423,2023-08-28,28,8,2023,Monday,Vivo,Vivo V20,4,63253.75,253015.0,Vinod Kaur,31,Patna,UPI,5
2424,2023-08-28,28,8,2023,Monday,OnePlus,OnePlus Nord,4,26981.02,107924.08,Namita Varma,33,Ranchi,UPI,3
2425,2023-08-28,28,8,2023,Monday,Xiaomi,Mi 11,2,36277.84,72555.68,Pankaj Shah,37,Delhi,UPI,3
2426,2023-08-29,29,8,2023,Tuesday,Samsung,Galaxy Note 20,9,31299.7,281697.3,Lalita Rao,32,Delhi,Debit Card,4
2427,2023-08-29,29,8,2023,Tuesday,Xiaomi,Mi 11,9,14352.82,129175.38,Jyoti Alva,43,Mumbai,Cash,3
2428,2023-08-29,29,8,2023,Tuesday,Vivo,Vivo Y51,2,50392.25,100784.5,Jyoti Pillai,26,Mumbai,Cash,4
2429,2023-08-29,29,8,2023,Tuesday,Apple,iPhone 12,9,59511.58,535604.22,Sneha Ghosh,18,Ranchi,UPI,5
2430,2023-08-30,30,8,2023,Wednesday,Apple,iPhone 11,6,28292.76,169756.56,Ayesha Bhattacharya,52,Kanpur,Credit Card,2
2431,2023-08-30,30,8,2023,Wednesday,OnePlus,OnePlus 8T,8,69410.55,555284.4,Pankaj Bhattacharya,37,Mumbai,Cash,2
2432,2023-08-30,30,8,2023,Wednesday,Apple,iPhone SE,4,14551.09,58204.36,Sanjay Mehta,23,Jodhpur,Cash,4
2433,2023-08-30,30,8,2023,Wednesday,Samsung,Galaxy A51,2,49707.44,99414.88,Lalita Rao,59,Coimbatore,Debit Card,5
2434,2023-08-31,31,8,2023,Thursday,Apple,iPhone 11,2,36893.68,73787.36,Devendra Varma,27,Kanpur,Cash,4
2435,2023-08-31,31,8,2023,Thursday,OnePlus,OnePlus 9,9,36796.11,331164.99,Shruti Shah,50,Vadodara,Cash,5
2436,2023-08-31,31,8,2023,Thursday,Vivo,Vivo Y51,1,37458.74,37458.74,Tapan Varma,33,Delhi,UPI,3
2437,2023-08-31,31,8,2023,Thursday,Vivo,Vivo V20,7,25520.91,178646.37,Manoj Iyer,53,Madurai,UPI,4
2438,2023-09-01,1,9,2023,Friday,Apple,iPhone SE,3,52933.77,158801.31,Kavita Desai,23,Mumbai,Debit Card,5
2439,2023-09-01,1,9,2023,Friday,Xiaomi,Redmi Note 10,3,53294.59,159883.77,Meena Srivastava,36,Delhi,Debit Card,2
2440,2023-09-01,1,9,2023,Friday,Vivo,Vivo Y51,2,26943.83,53887.66,Jyoti Bhattacharya,48,Delhi,Credit Card,5
2441,2023-09-02,2,9,2023,Saturday,Apple,iPhone SE,6,60118.39,360710.33999999997,Amit Sheth,19,Indore,Cash,5
2442,2023-09-02,2,9,2023,Saturday,OnePlus,OnePlus 8T,2,29010.7,58021.4,Prashant Rathod,35,Mumbai,UPI,4
2443,2023-09-02,2,9,2023,Saturday,Apple,iPhone 11,4,53505.59,214022.36,Anjali Rao,59,Chennai,UPI,3
2444,2023-09-02,2,9,2023,Saturday,Vivo,Vivo V20,9,17259.99,155339.91,Prashant Rathod,45,Delhi,Cash,4
2445,2023-09-03,3,9,2023,Sunday,OnePlus,OnePlus 8T,9,20122.1,181098.9,Lata Rawat,21,Jodhpur,Debit Card,5
2446,2023-09-03,3,9,2023,Sunday,Apple,iPhone 11,6,28947.74,173686.44,Lata Dutta,18,Ranchi,UPI,5
2447,2023-09-03,3,9,2023,Sunday,Samsung,Galaxy A51,4,45632.43,182529.72,Arun Kumar,59,Madurai,Debit Card,2
2448,2023-09-03,3,9,2023,Sunday,OnePlus,OnePlus 9,7,48730.69,341114.83,Sumit Joshi,33,Indore,UPI,3
2449,2023-09-04,4,9,2023,Monday,Samsung,Galaxy S21,1,33781.37,33781.37,Namita Sheth,19,Bangalore,UPI,3
2450,2023-09-04,4,9,2023,Monday,Xiaomi,Redmi 9,4,14670.35,58681.4,Isha Dutta,53,Chennai,Credit Card,5
2451,2023-09-04,4,9,2023,Monday,OnePlus,OnePlus Nord,5,32418.08,162090.40000000002,Vinod Nair,18,Ranchi,UPI,5
2452,2023-09-04,4,9,2023,Monday,Samsung,Galaxy S21,8,51326.05,410608.4,Namita Kapoor,56,Mumbai,Cash,4
2453,2023-09-05,5,9,2023,Tuesday,Vivo,Vivo S1,2,50259.73,100519.46,Kavita Kaur,40,Chennai,Cash,4
2454,2023-09-05,5,9,2023,Tuesday,Vivo,Vivo V20,5,19611.78,98058.9,Ramesh Joshi,43,Indore,Cash,2
2455,2023-09-05,5,9,2023,Tuesday,Xiaomi,Redmi 9,6,10467.04,62802.240000000005,Reena Bhattacharya,28,Ludhiana,Debit Card,5
2456,2023-09-06,6,9,2023,Wednesday,OnePlus,OnePlus 9,5,55178.9,275894.5,Shruti Shah,59,Delhi,UPI,4
2457,2023-09-06,6,9,2023,Wednesday,OnePlus,OnePlus 9,9,16382.09,147438.81,Lalita Thakur,18,Delhi,Debit Card,2
2458,2023-09-06,6,9,2023,Wednesday,OnePlus,OnePlus Nord,1,14940.95,14940.95,Sachin Shah,28,Ranchi,Credit Card,3
2459,2023-09-06,6,9,2023,Wednesday,Xiaomi,Mi 11,3,10162.07,30486.21,Pooja Kaur,41,Delhi,UPI,5
2460,2023-09-07,7,9,2023,Thursday,OnePlus,OnePlus 8T,2,35956.08,71912.16,Bhavana Yadav,27,Delhi,Cash,5
2461,2023-09-07,7,9,2023,Thursday,Vivo,Vivo S1,3,40195.83,120587.49,Gita Rathod,31,Hyderabad,Credit Card,5
2462,2023-09-07,7,9,2023,Thursday,Samsung,Galaxy S21,9,48259.84,434338.55999999994,Kiran Pathak,31,Madurai,Credit Card,4
2463,2023-09-07,7,9,2023,Thursday,Vivo,Vivo S1,9,27763.83,249874.47000000003,Sanjay Malhotra,24,Mumbai,UPI,5
2464,2023-09-08,8,9,2023,Friday,Vivo,Vivo Y51,2,52625.48,105250.96,Sachin Goyal,40,Hyderabad,Cash,5
2465,2023-09-08,8,9,2023,Friday,Samsung,Galaxy S21,3,20159.91,60479.729999999996,Deepika Malhotra,39,Patna,Debit Card,5
2466,2023-09-08,8,9,2023,Friday,Vivo,Vivo V20,4,59919.4,239677.6,Sunil Rao,53,Delhi,UPI,4
2467,2023-09-09,9,9,2023,Saturday,Xiaomi,Redmi Note 10,9,44310.9,398798.10000000003,Isha Luthra,44,Delhi,Cash,3
2468,2023-09-09,9,9,2023,Saturday,Samsung,Galaxy Note 20,3,45033.39,135100.16999999998,Umesh Chaudhary,19,Mumbai,Credit Card,4
2469,2023-09-09,9,9,2023,Saturday,Vivo,Vivo Y51,7,22586.52,158105.64,Vinod Kaur,56,Indore,UPI,2
2470,2023-09-09,9,9,2023,Saturday,Apple,iPhone 12,3,14446.52,43339.56,Sumit Solanki,36,Delhi,Credit Card,4
2471,2023-09-10,10,9,2023,Sunday,Vivo,Vivo V20,7,37883.49,265184.43,Radha Kumar,24,Madurai,Cash,2
2472,2023-09-10,10,9,2023,Sunday,Xiaomi,Mi 11,7,46936.72,328557.04000000004,Nikhil Deshmukh,29,Mumbai,Debit Card,5
2473,2023-09-10,10,9,2023,Sunday,OnePlus,OnePlus 8T,9,15702.79,141325.11000000002,Gita Mehta,20,Kanpur,Debit Card,2
2474,2023-09-10,10,9,2023,Sunday,Vivo,Vivo V20,2,67032.07,134064.14,Jyoti Kumar,22,Mumbai,Credit Card,5
2475,2023-09-11,11,9,2023,Monday,OnePlus,OnePlus Nord,6,68824.86,412949.16000000003,Lata Kaur,25,Delhi,Credit Card,2
2476,2023-09-11,11,9,2023,Monday,Apple,iPhone SE,9,42727.4,384546.60000000003,Isha Yadav,31,Hyderabad,Credit Card,4
2477,2023-09-11,11,9,2023,Monday,Vivo,Vivo S1,2,67004.15,134008.3,Namita Srivastava,53,Delhi,UPI,5
2478,2023-09-12,12,9,2023,Tuesday,Samsung,Galaxy Note 20,2,20766.71,41533.42,Isha Menon,24,Delhi,Cash,5
2479,2023-09-12,12,9,2023,Tuesday,OnePlus,OnePlus Nord,5,11525.24,57626.2,Sumit Alva,24,Rajkot,Credit Card,2
2480,2023-09-12,12,9,2023,Tuesday,Apple,iPhone SE,8,12364.57,98916.56,Lata Bhattacharya,49,Jodhpur,Credit Card,5
2481,2023-09-12,12,9,2023,Tuesday,Samsung,Galaxy Note 20,9,45250.75,407256.75,Shruti Chaudhary,25,Mumbai,Credit Card,2
2482,2023-09-13,13,9,2023,Wednesday,Samsung,Galaxy A51,2,13698.51,27397.02,Rohan Mishra,29,Kolkata,Debit Card,2
2483,2023-09-13,13,9,2023,Wednesday,Samsung,Galaxy S21,5,67512.74,337563.7,Radha Kulkarni,27,Ranchi,Credit Card,2
2484,2023-09-13,13,9,2023,Wednesday,Samsung,Galaxy Note 20,7,18515.99,129611.93000000001,Amit Sheth,31,Mumbai,Cash,4
2485,2023-09-14,14,9,2023,Thursday,Vivo,Vivo V20,6,28283.37,169700.22,Vijay Mishra,26,Mumbai,Debit Card,2
2486,2023-09-14,14,9,2023,Thursday,Vivo,Vivo S1,6,59351.07,356106.42,Pankaj Nambiar,55,Gorakhpur,Cash,5
2487,2023-09-14,14,9,2023,Thursday,Vivo,Vivo V20,7,23124.42,161870.94,Jyoti Jain,47,Bangalore,Debit Card,2
2488,2023-09-15,15,9,2023,Friday,Apple,iPhone 11,3,24578.11,73734.33,Krishna Mehta,22,Gorakhpur,Debit Card,3
2489,2023-09-15,15,9,2023,Friday,Apple,iPhone SE,3,48538.54,145615.62,Lalita Thakur,18,Rajkot,UPI,5
2490,2023-09-15,15,9,2023,Friday,Apple,iPhone 11,9,26565.17,239086.52999999997,Anita Shah,18,Gorakhpur,Debit Card,4
2491,2023-09-15,15,9,2023,Friday,Xiaomi,Redmi 9,8,23046.86,184374.88,Anjali Roy,37,Mumbai,Debit Card,3
2492,2023-09-16,16,9,2023,Saturday,Apple,iPhone 11,5,25250.66,126253.3,Jyoti Reddy,28,Mumbai,Cash,3
2493,2023-09-16,16,9,2023,Saturday,Vivo,Vivo Y51,6,39438.85,236633.09999999998,Tanuja Goyal,43,Kanpur,Cash,5
2494,2023-09-16,16,9,2023,Saturday,Vivo,Vivo V20,1,67965.99,67965.99,Anand Kapoor,20,Kolkata,Credit Card,5
2495,2023-09-16,16,9,2023,Saturday,Xiaomi,Mi 11,1,59934.28,59934.28,Umesh Ghosh,23,Gorakhpur,UPI,4
2496,2023-09-17,17,9,2023,Sunday,Xiaomi,Mi 11,4,27076.62,108306.48,Meena Menon,28,Delhi,Debit Card,4
2497,2023-09-17,17,9,2023,Sunday,Apple,iPhone 12,2,31802.39,63604.78,Ayesha Solanki,25,Kolkata,UPI,5
2498,2023-09-17,17,9,2023,Sunday,OnePlus,OnePlus Nord,7,37870.74,265095.18,Sachin Kulkarni,46,Kolkata,Credit Card,2
2499,2023-09-17,17,9,2023,Sunday,Xiaomi,Redmi 9,2,68735.78,137471.56,Vivek Srivastava,27,Vadodara,UPI,4
2500,2023-09-18,18,9,2023,Monday,Samsung,Galaxy Note 20,2,20343.43,40686.86,Sanjay Jain,51,Chennai,Debit Card,4
2501,2023-09-18,18,9,2023,Monday,Vivo,Vivo V20,5,31448.99,157244.95,Anjali Thakur,41,Delhi,Cash,2
2502,2023-09-18,18,9,2023,Monday,Samsung,Galaxy A51,4,53765.57,215062.28,Bina Roy,34,Delhi,UPI,5
2503,2023-09-18,18,9,2023,Monday,Vivo,Vivo V20,8,67836.62,542692.96,Sachin Malhotra,49,Jodhpur,Debit Card,5
2504,2023-09-19,19,9,2023,Tuesday,Vivo,Vivo Y51,4,19340.51,77362.04,Prashant Deshmukh,28,Kanpur,Credit Card,5
2505,2023-09-19,19,9,2023,Tuesday,Xiaomi,Redmi Note 10,6,23642.8,141856.8,Deepika Deshmukh,51,Mumbai,Debit Card,2
2506,2023-09-19,19,9,2023,Tuesday,Xiaomi,Mi 11,5,23541.68,117708.4,Ravi Prasad,41,Delhi,UPI,5
2507,2023-09-20,20,9,2023,Wednesday,Samsung,Galaxy A51,2,11255.92,22511.84,Sachin Malhotra,22,Gorakhpur,Debit Card,5
2508,2023-09-20,20,9,2023,Wednesday,Vivo,Vivo S1,8,46246.94,369975.52,Vinod Goyal,46,Rajkot,Debit Card,5
2509,2023-09-20,20,9,2023,Wednesday,Samsung,Galaxy A51,2,50242.18,100484.36,Arun Kaur,51,Ludhiana,UPI,5
2510,2023-09-20,20,9,2023,Wednesday,OnePlus,OnePlus Nord,9,46151.55,415363.95,Priya Siddiqui,33,Lucknow,UPI,2
2511,2023-09-21,21,9,2023,Thursday,Samsung,Galaxy S21,9,14279.38,128514.42,Neeta Singh,42,Mumbai,Credit Card,5
2512,2023-09-21,21,9,2023,Thursday,Apple,iPhone 12,3,14153.81,42461.43,Isha Menon,54,Delhi,Debit Card,5
2513,2023-09-21,21,9,2023,Thursday,Samsung,Galaxy S21,4,22623.19,90492.76,Sachin Ghosh,25,Gorakhpur,Cash,3
2514,2023-09-22,22,9,2023,Friday,Apple,iPhone 11,8,27417.67,219341.36,Rohan Mishra,46,Mumbai,UPI,4
2515,2023-09-22,22,9,2023,Friday,Apple,iPhone SE,9,57192.62,514733.58,Ravi Patel,42,Ranchi,Debit Card,5
2516,2023-09-22,22,9,2023,Friday,Apple,iPhone SE,3,19563.42,58690.259999999995,Ayesha Ghosh,59,Ranchi,Cash,3
2517,2023-09-22,22,9,2023,Friday,OnePlus,OnePlus Nord,5,12645.53,63227.65,Isha Nair,40,Mumbai,Cash,2
2518,2023-09-23,23,9,2023,Saturday,Samsung,Galaxy S21,8,33639.25,269114.0,Lalita Ahuja,51,Delhi,Debit Card,3
2519,2023-09-23,23,9,2023,Saturday,Samsung,Galaxy S21,3,34983.53,104950.59,Anita Dutta,20,Hyderabad,Debit Card,5
2520,2023-09-23,23,9,2023,Saturday,OnePlus,OnePlus Nord,7,37054.44,259381.08000000002,Deepika Reddy,47,Delhi,Debit Card,2
2521,2023-09-23,23,9,2023,Saturday,Vivo,Vivo Y51,8,59614.21,476913.68,Ramesh Das,51,Mumbai,Cash,3
2522,2023-09-24,24,9,2023,Sunday,Xiaomi,Redmi Note 10,3,15880.32,47640.96,Ramesh Mishra,49,Delhi,Debit Card,5
2523,2023-09-24,24,9,2023,Sunday,Samsung,Galaxy A51,2,52236.52,104473.04,Nikhil Yadav,46,Bhopal,UPI,2
2524,2023-09-24,24,9,2023,Sunday,Xiaomi,Redmi 9,7,30276.73,211937.11,Lalita Luthra,26,Ranchi,Cash,2
2525,2023-09-24,24,9,2023,Sunday,OnePlus,OnePlus Nord,9,28598.81,257389.29,Mala Pillai,19,Mumbai,UPI,4
2526,2023-09-25,25,9,2023,Monday,Vivo,Vivo Y51,1,65952.59,65952.59,Jyoti Ahuja,56,Mumbai,UPI,5
2527,2023-09-25,25,9,2023,Monday,Vivo,Vivo S1,3,24908.11,74724.33,Ravi Malhotra,24,Delhi,Debit Card,4
2528,2023-09-25,25,9,2023,Monday,Vivo,Vivo V20,5,48551.91,242759.55000000002,Pankaj Teja,22,Bhopal,UPI,2
2529,2023-09-26,26,9,2023,Tuesday,OnePlus,OnePlus 8T,3,26507.67,79523.01,Nikhil Rathod,25,Gorakhpur,Debit Card,2
2530,2023-09-26,26,9,2023,Tuesday,Apple,iPhone 11,1,40428.63,40428.63,Neeta Singh,49,Ranchi,Cash,3
2531,2023-09-26,26,9,2023,Tuesday,Apple,iPhone SE,7,57177.57,400242.99,Yogesh Ahuja,35,Bangalore,UPI,4
2532,2023-09-26,26,9,2023,Tuesday,Xiaomi,Redmi Note 10,7,62903.35,440323.45,Pooja Menon,55,Bangalore,Debit Card,5
2533,2023-09-27,27,9,2023,Wednesday,Apple,iPhone 12,8,60321.83,482574.64,Radha Sheth,35,Delhi,Credit Card,5
2534,2023-09-27,27,9,2023,Wednesday,Apple,iPhone SE,5,44930.84,224654.19999999998,Tapan Bhattacharya,58,Delhi,Debit Card,4
2535,2023-09-27,27,9,2023,Wednesday,Vivo,Vivo S1,5,24928.98,124644.9,Pooja Deshmukh,33,Rajkot,Credit Card,2
2536,2023-09-27,27,9,2023,Wednesday,Vivo,Vivo V20,5,49674.0,248370.0,Namita Rao,38,Rajkot,Debit Card,3
2537,2023-09-28,28,9,2023,Thursday,Xiaomi,Mi 11,1,52594.3,52594.3,Kavita Kaur,27,Delhi,Credit Card,5
2538,2023-09-28,28,9,2023,Thursday,Samsung,Galaxy Note 20,5,10641.52,53207.600000000006,Neeta Pillai,59,Mumbai,UPI,5
2539,2023-09-28,28,9,2023,Thursday,Xiaomi,Redmi 9,6,36352.63,218115.77999999997,Namita Rao,21,Hyderabad,Credit Card,3
2540,2023-09-28,28,9,2023,Thursday,Xiaomi,Redmi 9,1,60595.72,60595.72,Yogesh Dutta,25,Delhi,UPI,2
2541,2023-09-29,29,9,2023,Friday,OnePlus,OnePlus 9,7,39375.26,275626.82,Aditya Siddiqui,36,Bangalore,UPI,5
2542,2023-09-29,29,9,2023,Friday,OnePlus,OnePlus 9,1,28682.53,28682.53,Isha Thakur,57,Bangalore,Debit Card,3
2543,2023-09-29,29,9,2023,Friday,Xiaomi,Redmi Note 10,2,62307.87,124615.74,Ravi Kumar,57,Hyderabad,UPI,5
2544,2023-09-29,29,9,2023,Friday,Xiaomi,Redmi Note 10,2,19352.84,38705.68,Shruti Menon,26,Indore,Cash,4
2545,2023-09-30,30,9,2023,Saturday,Xiaomi,Redmi 9,5,22386.71,111933.54999999999,Harish Sharma,47,Delhi,Credit Card,5
2546,2023-09-30,30,9,2023,Saturday,Apple,iPhone SE,7,51242.34,358696.38,Isha Reddy,34,Delhi,Debit Card,2
2547,2023-09-30,30,9,2023,Saturday,OnePlus,OnePlus 9,1,31146.16,31146.16,Mala Srivastava,57,Delhi,UPI,5
2548,2023-10-01,1,10,2023,Sunday,Xiaomi,Redmi 9,1,52781.01,52781.01,Arun Shah,32,Delhi,Credit Card,2
2549,2023-10-01,1,10,2023,Sunday,Vivo,Vivo S1,1,19462.22,19462.22,Navin Malhotra,21,Mumbai,Credit Card,4
2550,2023-10-01,1,10,2023,Sunday,Vivo,Vivo V20,6,25136.15,150816.90000000002,Meena Patel,23,Lucknow,Cash,5
2551,2023-10-01,1,10,2023,Sunday,Apple,iPhone 11,2,19398.84,38797.68,Vijay Solanki,33,Patna,Credit Card,2
2552,2023-10-02,2,10,2023,Monday,Apple,iPhone 11,1,67174.62,67174.62,Sanjay Malhotra,43,Ranchi,Debit Card,2
2553,2023-10-02,2,10,2023,Monday,Samsung,Galaxy S21,6,34324.24,205945.44,Pooja Dutta,54,Vadodara,Debit Card,4
2554,2023-10-02,2,10,2023,Monday,Samsung,Galaxy Note 20,2,30233.19,60466.38,Anand Arora,40,Madurai,UPI,3
2555,2023-10-03,3,10,2023,Tuesday,Samsung,Galaxy A51,6,10852.13,65112.78,Priyanka Alva,30,Delhi,UPI,4
2556,2023-10-03,3,10,2023,Tuesday,Apple,iPhone 11,8,19205.05,153640.4,Sumit Rathod,34,Mumbai,Debit Card,5
2557,2023-10-03,3,10,2023,Tuesday,Apple,iPhone 12,2,35268.15,70536.3,Rajesh Kulkarni,44,Delhi,Credit Card,5
2558,2023-10-04,4,10,2023,Wednesday,Apple,iPhone 12,9,14110.17,126991.53,Harish Solanki,39,Vadodara,Credit Card,5
2559,2023-10-04,4,10,2023,Wednesday,Vivo,Vivo Y51,8,40644.36,325154.88,Sachin Prasad,54,Coimbatore,Cash,2
2560,2023-10-04,4,10,2023,Wednesday,Apple,iPhone 11,1,37300.93,37300.93,Sneha Ghosh,36,Bangalore,UPI,5
2561,2023-10-05,5,10,2023,Thursday,Vivo,Vivo S1,7,56030.09,392210.63,Rajesh Kaur,56,Madurai,Credit Card,3
2562,2023-10-05,5,10,2023,Thursday,Samsung,Galaxy Note 20,6,49588.16,297528.96,Ravi Reddy,52,Mumbai,Credit Card,3
2563,2023-10-05,5,10,2023,Thursday,Samsung,Galaxy Note 20,6,36756.84,220541.03999999998,Manoj Patel,30,Delhi,UPI,4
2564,2023-10-06,6,10,2023,Friday,Samsung,Galaxy Note 20,6,23479.64,140877.84,Deepika Kulkarni,31,Chennai,Debit Card,5
2565,2023-10-06,6,10,2023,Friday,Xiaomi,Redmi 9,6,53611.81,321670.86,Ravi Prasad,48,Delhi,Credit Card,5
2566,2023-10-06,6,10,2023,Friday,Xiaomi,Mi 11,7,52471.73,367302.11000000004,Reena Dutta,19,Delhi,Cash,5
2567,2023-10-07,7,10,2023,Saturday,OnePlus,OnePlus Nord,3,19197.77,57593.31,Vinod Prasad,56,Gorakhpur,Credit Card,5
2568,2023-10-07,7,10,2023,Saturday,OnePlus,OnePlus Nord,6,64885.11,389310.66000000003,Pankaj Nambiar,54,Ranchi,Credit Card,5
2569,2023-10-07,7,10,2023,Saturday,OnePlus,OnePlus 9,3,13864.31,41592.93,Vivek Siddiqui,31,Kanpur,Cash,5
2570,2023-10-08,8,10,2023,Sunday,Xiaomi,Redmi Note 10,7,13302.26,93115.82,Neeta Ahuja,26,Delhi,Debit Card,4
2571,2023-10-08,8,10,2023,Sunday,Xiaomi,Redmi 9,7,21241.03,148687.21,Gita Dutta,27,Chennai,Cash,4
2572,2023-10-08,8,10,2023,Sunday,OnePlus,OnePlus Nord,8,64567.65,516541.2,Bhavana Ghosh,24,Patna,Cash,4
2573,2023-10-08,8,10,2023,Sunday,OnePlus,OnePlus Nord,2,41199.89,82399.78,Monika Goyal,45,Delhi,UPI,4
2574,2023-10-09,9,10,2023,Monday,Apple,iPhone 12,9,57276.46,515488.14,Anand Kapoor,42,Patna,Credit Card,3
2575,2023-10-09,9,10,2023,Monday,OnePlus,OnePlus Nord,5,23670.59,118352.95,Sunil Rawat,45,Vadodara,Debit Card,5
2576,2023-10-09,9,10,2023,Monday,Apple,iPhone 12,9,39413.32,354719.88,Sunil Arora,19,Mumbai,Credit Card,2
2577,2023-10-10,10,10,2023,Tuesday,Vivo,Vivo V20,5,31497.37,157486.85,Sanjay Sheth,34,Delhi,Debit Card,5
2578,2023-10-10,10,10,2023,Tuesday,Xiaomi,Redmi 9,7,59669.72,417688.04000000004,Pooja Goyal,21,Madurai,Cash,4
2579,2023-10-10,10,10,2023,Tuesday,OnePlus,OnePlus Nord,9,11356.27,102206.43000000001,Rohan Goyal,30,Kanpur,UPI,3
2580,2023-10-11,11,10,2023,Wednesday,Xiaomi,Redmi 9,4,24630.56,98522.24,Anand Mishra,35,Delhi,Cash,3
2581,2023-10-11,11,10,2023,Wednesday,Xiaomi,Redmi Note 10,2,19154.45,38308.9,Bina Deshmukh,20,Bhopal,Credit Card,5
2582,2023-10-11,11,10,2023,Wednesday,Xiaomi,Mi 11,9,61551.34,553962.0599999999,Radha Sheth,54,Jodhpur,UPI,2
2583,2023-10-12,12,10,2023,Thursday,Vivo,Vivo S1,2,38052.63,76105.26,Bhavana Malhotra,50,Mumbai,UPI,4
2584,2023-10-12,12,10,2023,Thursday,Samsung,Galaxy Note 20,3,34253.2,102759.59999999999,Vijay Singh,58,Gorakhpur,Credit Card,3
2585,2023-10-12,12,10,2023,Thursday,OnePlus,OnePlus 8T,2,36968.97,73937.94,Radha Sharma,41,Kanpur,Debit Card,4
2586,2023-10-12,12,10,2023,Thursday,Samsung,Galaxy Note 20,3,68315.47,204946.41,Priyanka Yadav,25,Bangalore,UPI,4
2587,2023-10-13,13,10,2023,Friday,Samsung,Galaxy Note 20,6,61016.04,366096.24,Shruti Joshi,52,Lucknow,Debit Card,4
2588,2023-10-13,13,10,2023,Friday,Samsung,Galaxy Note 20,3,52382.13,157146.38999999998,Manoj Chatterjee,19,Mumbai,Debit Card,5
2589,2023-10-13,13,10,2023,Friday,Xiaomi,Redmi Note 10,8,27428.74,219429.92,Arun Shah,50,Ranchi,Debit Card,4
2590,2023-10-13,13,10,2023,Friday,Apple,iPhone 12,6,19910.38,119462.28,Radha Kumar,29,Delhi,UPI,4
2591,2023-10-14,14,10,2023,Saturday,Xiaomi,Redmi Note 10,7,65286.02,457002.13999999996,Yogesh Malhotra,39,Delhi,Cash,2
2592,2023-10-14,14,10,2023,Saturday,Xiaomi,Mi 11,1,35384.53,35384.53,Mala Malhotra,30,Kanpur,UPI,2
2593,2023-10-14,14,10,2023,Saturday,Samsung,Galaxy S21,3,26725.35,80176.04999999999,Priya Roy,27,Indore,Cash,5
2594,2023-10-15,15,10,2023,Sunday,Xiaomi,Redmi 9,3,38255.25,114765.75,Pooja Roy,34,Madurai,UPI,5
2595,2023-10-15,15,10,2023,Sunday,Samsung,Galaxy Note 20,2,65070.85,130141.7,Meena Srivastava,22,Delhi,Cash,4
2596,2023-10-15,15,10,2023,Sunday,Apple,iPhone SE,7,33224.04,232568.28,Umesh Teja,26,Delhi,Cash,3
2597,2023-10-15,15,10,2023,Sunday,OnePlus,OnePlus 8T,9,43758.46,393826.14,Amit Patel,30,Delhi,UPI,3
2598,2023-10-16,16,10,2023,Monday,Samsung,Galaxy Note 20,4,58177.98,232711.92,Lalita Nambiar,40,Kolkata,Debit Card,5
2599,2023-10-16,16,10,2023,Monday,Apple,iPhone 11,5,35627.95,178139.75,Kiran Siddiqui,47,Hyderabad,Debit Card,3
2600,2023-10-16,16,10,2023,Monday,OnePlus,OnePlus 8T,3,24012.51,72037.53,Krishna Jain,21,Mumbai,Cash,3
2601,2023-10-17,17,10,2023,Tuesday,Vivo,Vivo S1,9,69671.54,627043.86,Kunal Singh,38,Chennai,Credit Card,2
2602,2023-10-17,17,10,2023,Tuesday,Samsung,Galaxy Note 20,4,67394.25,269577.0,Priyanka Roy,26,Delhi,Credit Card,5
2603,2023-10-17,17,10,2023,Tuesday,Samsung,Galaxy Note 20,5,60608.75,303043.75,Meena Mathur,24,Kolkata,UPI,5
2604,2023-10-18,18,10,2023,Wednesday,Vivo,Vivo V20,1,51302.43,51302.43,Kiran Siddiqui,33,Chennai,UPI,2
2605,2023-10-18,18,10,2023,Wednesday,Vivo,Vivo Y51,2,27691.94,55383.88,Meena Malhotra,40,Coimbatore,UPI,3
2606,2023-10-18,18,10,2023,Wednesday,Samsung,Galaxy Note 20,9,64804.78,583243.02,Krishna Bhatnagar,40,Coimbatore,Credit Card,3
2607,2023-10-18,18,10,2023,Wednesday,Vivo,Vivo Y51,2,26533.4,53066.8,Prashant Sharma,48,Delhi,Debit Card,5
2608,2023-10-19,19,10,2023,Thursday,Xiaomi,Mi 11,5,58048.57,290242.85,Manoj Nambiar,22,Vadodara,UPI,3
2609,2023-10-19,19,10,2023,Thursday,OnePlus,OnePlus 8T,8,65095.49,520763.92,Sumit Alva,23,Delhi,UPI,5
2610,2023-10-19,19,10,2023,Thursday,OnePlus,OnePlus 8T,3,46180.23,138540.69,Sunita Nair,18,Delhi,Debit Card,3
2611,2023-10-20,20,10,2023,Friday,OnePlus,OnePlus Nord,6,58183.37,349100.22000000003,Bhavana Dutta,45,Jodhpur,Cash,4
2612,2023-10-20,20,10,2023,Friday,Xiaomi,Redmi 9,4,57501.71,230006.84,Bhavana Reddy,35,Delhi,UPI,2
2613,2023-10-20,20,10,2023,Friday,Vivo,Vivo Y51,7,21589.47,151126.29,Umesh Bhattacharya,41,Mumbai,Credit Card,5
2614,2023-10-20,20,10,2023,Friday,Apple,iPhone SE,3,50075.47,150226.41,Manoj Dutta,30,Mumbai,Credit Card,4
2615,2023-10-21,21,10,2023,Saturday,Vivo,Vivo V20,6,15608.08,93648.48,Yogesh Dutta,50,Mumbai,UPI,3
2616,2023-10-21,21,10,2023,Saturday,Samsung,Galaxy S21,9,40471.01,364239.09,Vivek Rathod,27,Delhi,Credit Card,5
2617,2023-10-21,21,10,2023,Saturday,OnePlus,OnePlus 8T,1,19734.13,19734.13,Sachin Malhotra,24,Gorakhpur,Debit Card,4
2618,2023-10-21,21,10,2023,Saturday,Vivo,Vivo Y51,3,34980.97,104942.91,Tapan Kumar,54,Delhi,Cash,2
2619,2023-10-22,22,10,2023,Sunday,Apple,iPhone SE,2,59978.92,119957.84,Yogesh Menon,49,Bhopal,Cash,5
2620,2023-10-22,22,10,2023,Sunday,Samsung,Galaxy S21,8,69230.07,553840.56,Bina Teja,39,Patna,UPI,5
2621,2023-10-22,22,10,2023,Sunday,Xiaomi,Mi 11,7,29077.59,203543.13,Reena Menon,33,Delhi,UPI,2
2622,2023-10-23,23,10,2023,Monday,Xiaomi,Redmi Note 10,2,41917.34,83834.68,Aditya Sheth,41,Indore,Cash,4
2623,2023-10-23,23,10,2023,Monday,Apple,iPhone SE,6,40677.88,244067.27999999997,Anjali Das,31,Vadodara,Cash,5
2624,2023-10-23,23,10,2023,Monday,Samsung,Galaxy Note 20,3,67264.09,201792.27,Rohan Rao,28,Mumbai,UPI,2
2625,2023-10-24,24,10,2023,Tuesday,OnePlus,OnePlus 8T,8,38715.02,309720.16,Tapan Deshmukh,36,Delhi,Credit Card,4
2626,2023-10-24,24,10,2023,Tuesday,Vivo,Vivo Y51,3,51946.37,155839.11000000002,Rajesh Prasad,40,Mumbai,UPI,3
2627,2023-10-24,24,10,2023,Tuesday,Samsung,Galaxy S21,9,65307.35,587766.15,Anand Nair,51,Kolkata,Debit Card,5
2628,2023-10-24,24,10,2023,Tuesday,Xiaomi,Redmi 9,1,32402.71,32402.71,Umesh Srivastava,57,Bangalore,UPI,3
2629,2023-10-25,25,10,2023,Wednesday,Apple,iPhone 12,5,64127.33,320636.65,Manoj Dutta,30,Ludhiana,UPI,3
2630,2023-10-25,25,10,2023,Wednesday,Apple,iPhone 12,3,65047.37,195142.11000000002,Krishna Roy,56,Bangalore,UPI,5
2631,2023-10-25,25,10,2023,Wednesday,Vivo,Vivo Y51,6,65839.75,395038.5,Jyoti Jain,45,Mumbai,UPI,3
2632,2023-10-26,26,10,2023,Thursday,Apple,iPhone SE,2,26226.77,52453.54,Priya Roy,57,Delhi,UPI,3
2633,2023-10-26,26,10,2023,Thursday,Apple,iPhone SE,9,34021.34,306192.05999999994,Lata Patel,33,Chennai,UPI,2
2634,2023-10-26,26,10,2023,Thursday,Samsung,Galaxy Note 20,6,62223.75,373342.5,Pooja Ahuja,45,Delhi,Credit Card,2
2635,2023-10-27,27,10,2023,Friday,OnePlus,OnePlus Nord,7,31549.71,220847.97,Namita Rao,21,Indore,UPI,4
2636,2023-10-27,27,10,2023,Friday,Vivo,Vivo Y51,5,46015.18,230075.9,Kiran Alva,45,Bhopal,Cash,5
2637,2023-10-27,27,10,2023,Friday,Samsung,Galaxy Note 20,9,17083.27,153749.43,Monika Solanki,29,Lucknow,UPI,4
2638,2023-10-28,28,10,2023,Saturday,OnePlus,OnePlus Nord,1,13376.5,13376.5,Neeta Solanki,33,Hyderabad,Credit Card,2
2639,2023-10-28,28,10,2023,Saturday,Samsung,Galaxy A51,5,34719.64,173598.2,Anita Arora,53,Ludhiana,Debit Card,2
2640,2023-10-28,28,10,2023,Saturday,Samsung,Galaxy A51,6,44734.99,268409.94,Ayesha Menon,37,Hyderabad,Cash,5
2641,2023-10-28,28,10,2023,Saturday,Apple,iPhone SE,7,33561.95,234933.64999999997,Vijay Malhotra,43,Mumbai,UPI,5
2642,2023-10-29,29,10,2023,Sunday,OnePlus,OnePlus 9,4,44664.15,178656.6,Sunil Siddiqui,43,Bangalore,UPI,2
2643,2023-10-29,29,10,2023,Sunday,Vivo,Vivo Y51,1,40905.06,40905.06,Radha Dutta,39,Patna,Cash,3
2644,2023-10-29,29,10,2023,Sunday,Vivo,Vivo Y51,8,51142.43,409139.44,Radha Varma,26,Coimbatore,UPI,4
2645,2023-10-29,29,10,2023,Sunday,OnePlus,OnePlus 8T,4,48971.95,195887.8,Reena Deshmukh,22,Vadodara,Credit Card,2
2646,2023-10-30,30,10,2023,Monday,Apple,iPhone 11,3,35454.74,106364.22,Vinod Chatterjee,34,Mumbai,UPI,2
2647,2023-10-30,30,10,2023,Monday,Xiaomi,Redmi Note 10,7,35499.71,248497.97,Ramesh Joshi,51,Delhi,Debit Card,5
2648,2023-10-30,30,10,2023,Monday,Samsung,Galaxy A51,2,18446.7,36893.4,Vinod Srivastava,19,Delhi,Credit Card,4
2649,2023-10-31,31,10,2023,Tuesday,Apple,iPhone SE,8,40794.31,326354.48,Meena Das,24,Mumbai,UPI,4
2650,2023-10-31,31,10,2023,Tuesday,OnePlus,OnePlus Nord,6,45230.75,271384.5,Lalita Desai,53,Bangalore,Debit Card,5
2651,2023-10-31,31,10,2023,Tuesday,Samsung,Galaxy Note 20,7,38589.36,270125.52,Rajesh Nambiar,30,Mumbai,Cash,2
2652,2023-10-31,31,10,2023,Tuesday,Vivo,Vivo V20,5,29542.44,147712.19999999998,Meena Yadav,37,Madurai,Credit Card,5
2653,2023-11-01,1,11,2023,Wednesday,Xiaomi,Redmi Note 10,9,53298.91,479690.19000000006,Ravi Patel,47,Rajkot,UPI,5
2654,2023-11-01,1,11,2023,Wednesday,Vivo,Vivo S1,5,14479.7,72398.5,Lalita Dutta,47,Delhi,UPI,5
2655,2023-11-01,1,11,2023,Wednesday,OnePlus,OnePlus 8T,5,64866.42,324332.1,Ravi Prasad,28,Kolkata,Cash,3
2656,2023-11-01,1,11,2023,Wednesday,Samsung,Galaxy A51,3,11238.61,33715.83,Shruti Menon,48,Mumbai,Cash,2
2657,2023-11-02,2,11,2023,Thursday,OnePlus,OnePlus 8T,1,67741.01,67741.01,Sneha Malhotra,20,Delhi,Credit Card,2
2658,2023-11-02,2,11,2023,Thursday,Samsung,Galaxy A51,2,37741.34,75482.68,Anand Pillai,19,Jodhpur,Credit Card,4
2659,2023-11-02,2,11,2023,Thursday,Apple,iPhone SE,8,34760.2,278081.6,Prashant Gupta,20,Delhi,Credit Card,5
2660,2023-11-02,2,11,2023,Thursday,Xiaomi,Redmi Note 10,1,25386.64,25386.64,Kavita Iyer,32,Rajkot,UPI,4
2661,2023-11-03,3,11,2023,Friday,Apple,iPhone 11,7,10604.27,74229.89,Pankaj Jain,34,Coimbatore,UPI,5
2662,2023-11-03,3,11,2023,Friday,Apple,iPhone 12,5,26487.42,132437.09999999998,Priya Mehta,24,Mumbai,Credit Card,5
2663,2023-11-03,3,11,2023,Friday,OnePlus,OnePlus 9,3,16564.0,49692.0,Tanuja Ahuja,22,Kolkata,UPI,5
2664,2023-11-03,3,11,2023,Friday,Xiaomi,Redmi 9,7,49589.25,347124.75,Kiran Mathur,51,Delhi,Cash,5
2665,2023-11-04,4,11,2023,Saturday,Samsung,Galaxy Note 20,9,29144.5,262300.5,Harish Patel,50,Mumbai,Debit Card,4
2666,2023-11-04,4,11,2023,Saturday,Samsung,Galaxy Note 20,2,56030.76,112061.52,Krishna Nambiar,33,Indore,UPI,5
2667,2023-11-04,4,11,2023,Saturday,Vivo,Vivo S1,8,22414.97,179319.76,Anjali Varma,54,Madurai,Credit Card,5
2668,2023-11-04,4,11,2023,Saturday,Samsung,Galaxy A51,9,64014.09,576126.8099999999,Shruti Ahuja,20,Delhi,UPI,2
2669,2023-11-05,5,11,2023,Sunday,OnePlus,OnePlus Nord,3,41378.89,124136.67,Anand Siddiqui,38,Vadodara,Cash,2
2670,2023-11-05,5,11,2023,Sunday,Apple,iPhone 11,2,16870.37,33740.74,Sanjay Jain,58,Mumbai,Credit Card,2
2671,2023-11-05,5,11,2023,Sunday,Apple,iPhone SE,7,34050.71,238354.97,Pankaj Gupta,25,Delhi,Debit Card,3
2672,2023-11-06,6,11,2023,Monday,Apple,iPhone SE,5,22405.63,112028.15000000001,Vijay Rawat,39,Delhi,Credit Card,2
2673,2023-11-06,6,11,2023,Monday,Xiaomi,Redmi Note 10,5,21981.13,109905.65000000001,Sachin Varma,22,Delhi,Credit Card,3
2674,2023-11-06,6,11,2023,Monday,Samsung,Galaxy A51,5,40382.18,201910.9,Sunil Reddy,34,Lucknow,Credit Card,3
2675,2023-11-07,7,11,2023,Tuesday,OnePlus,OnePlus Nord,4,50313.52,201254.08,Prashant Deshmukh,54,Madurai,UPI,4
2676,2023-11-07,7,11,2023,Tuesday,Xiaomi,Mi 11,5,64697.09,323485.44999999995,Reena Goyal,31,Chennai,Debit Card,2
2677,2023-11-07,7,11,2023,Tuesday,Vivo,Vivo S1,4,40129.72,160518.88,Manoj Dutta,56,Bangalore,Cash,5
2678,2023-11-08,8,11,2023,Wednesday,OnePlus,OnePlus 8T,6,67950.33,407701.98,Rajesh Desai,58,Delhi,UPI,5
2679,2023-11-08,8,11,2023,Wednesday,OnePlus,OnePlus 9,4,66498.09,265992.36,Namita Malhotra,45,Hyderabad,Debit Card,5
2680,2023-11-08,8,11,2023,Wednesday,OnePlus,OnePlus 9,2,61903.75,123807.5,Lata Joshi,48,Bangalore,Debit Card,2
2681,2023-11-08,8,11,2023,Wednesday,Apple,iPhone 11,9,39998.64,359987.76,Anita Menon,34,Ranchi,UPI,5
2682,2023-11-09,9,11,2023,Thursday,OnePlus,OnePlus Nord,2,18454.24,36908.48,Neeta Mishra,52,Mumbai,Credit Card,2
2683,2023-11-09,9,11,2023,Thursday,Samsung,Galaxy Note 20,9,23074.27,207668.43,Bina Nair,57,Ranchi,Debit Card,2
2684,2023-11-09,9,11,2023,Thursday,OnePlus,OnePlus Nord,6,48860.2,293161.19999999995,Bhavana Desai,39,Kolkata,Cash,5
2685,2023-11-09,9,11,2023,Thursday,Apple,iPhone SE,9,35305.3,317747.7,Krishna Ahuja,46,Delhi,UPI,3
2686,2023-11-10,10,11,2023,Friday,OnePlus,OnePlus Nord,9,18808.1,169272.9,Vinod Nambiar,27,Vadodara,Debit Card,4
2687,2023-11-10,10,11,2023,Friday,Vivo,Vivo Y51,3,38739.64,116218.92,Anjali Varma,35,Chennai,Cash,4
2688,2023-11-10,10,11,2023,Friday,Vivo,Vivo V20,1,11045.83,11045.83,Shruti Joshi,52,Delhi,Cash,4
2689,2023-11-11,11,11,2023,Saturday,Apple,iPhone 11,1,54033.72,54033.72,Prashant Arora,33,Ludhiana,Cash,4
2690,2023-11-11,11,11,2023,Saturday,Samsung,Galaxy A51,3,14414.88,43244.64,Deepika Gupta,24,Indore,Cash,5
2691,2023-11-11,11,11,2023,Saturday,Samsung,Galaxy Note 20,5,47746.82,238734.1,Shruti Joshi,47,Jodhpur,UPI,2
2692,2023-11-11,11,11,2023,Saturday,Xiaomi,Redmi Note 10,3,57580.62,172741.86000000002,Vinod Nambiar,36,Chennai,Cash,5
2693,2023-11-12,12,11,2023,Sunday,Apple,iPhone 11,9,17958.63,161627.67,Sneha Jain,40,Indore,UPI,4
2694,2023-11-12,12,11,2023,Sunday,OnePlus,OnePlus 9,9,41118.32,370064.88,Lata Joshi,25,Delhi,Cash,4
2695,2023-11-12,12,11,2023,Sunday,Apple,iPhone 12,3,56744.05,170232.15000000002,Reena Chatterjee,34,Delhi,Cash,5
2696,2023-11-13,13,11,2023,Monday,Xiaomi,Redmi 9,3,25638.01,76914.03,Lalita Siddiqui,38,Delhi,UPI,4
2697,2023-11-13,13,11,2023,Monday,Apple,iPhone 12,5,19775.0,98875.0,Meena Thakur,43,Mumbai,Credit Card,2
2698,2023-11-13,13,11,2023,Monday,Apple,iPhone 11,2,30209.15,60418.3,Pankaj Deshmukh,45,Kanpur,Debit Card,4
2699,2023-11-14,14,11,2023,Tuesday,Xiaomi,Mi 11,6,43281.95,259691.69999999998,Krishna Reddy,56,Lucknow,Debit Card,4
2700,2023-11-14,14,11,2023,Tuesday,Samsung,Galaxy A51,7,44516.78,311617.45999999996,Kavita Desai,50,Delhi,UPI,5
2701,2023-11-14,14,11,2023,Tuesday,OnePlus,OnePlus 8T,9,17852.58,160673.22000000003,Bhavana Mathur,57,Delhi,Cash,2
2702,2023-11-15,15,11,2023,Wednesday,Xiaomi,Redmi 9,6,37454.13,224724.77999999997,Anand Joshi,36,Mumbai,UPI,3
2703,2023-11-15,15,11,2023,Wednesday,Vivo,Vivo Y51,3,26096.93,78290.79000000001,Gita Mehta,46,Indore,Cash,5
2704,2023-11-15,15,11,2023,Wednesday,Samsung,Galaxy Note 20,5,60521.45,302607.25,Krishna Sharma,37,Gorakhpur,UPI,3
2705,2023-11-15,15,11,2023,Wednesday,Vivo,Vivo V20,4,28814.51,115258.04,Priya Kaur,37,Hyderabad,Debit Card,5
2706,2023-11-16,16,11,2023,Thursday,Samsung,Galaxy S21,5,60322.27,301611.35,Shruti Deshmukh,27,Delhi,UPI,4
2707,2023-11-16,16,11,2023,Thursday,OnePlus,OnePlus 9,8,35713.88,285711.04,Deepika Das,29,Kolkata,Debit Card,5
2708,2023-11-16,16,11,2023,Thursday,OnePlus,OnePlus 8T,8,53595.15,428761.2,Navin Kaur,50,Kanpur,Debit Card,2
2709,2023-11-16,16,11,2023,Thursday,Apple,iPhone SE,6,40603.61,243621.66,Pooja Rao,42,Bangalore,Debit Card,5
2710,2023-11-17,17,11,2023,Friday,Vivo,Vivo S1,1,47317.76,47317.76,Lata Mathur,42,Mumbai,UPI,5
2711,2023-11-17,17,11,2023,Friday,Samsung,Galaxy A51,8,33721.39,269771.12,Deepika Gupta,21,Vadodara,Credit Card,4
2712,2023-11-17,17,11,2023,Friday,OnePlus,OnePlus 9,8,56092.41,448739.28,Priya Roy,21,Delhi,UPI,5
2713,2023-11-18,18,11,2023,Saturday,Xiaomi,Mi 11,2,35511.36,71022.72,Ayesha Arora,26,Delhi,UPI,2
2714,2023-11-18,18,11,2023,Saturday,OnePlus,OnePlus 9,4,37447.7,149790.8,Bina Mathur,32,Gorakhpur,Credit Card,3
2715,2023-11-18,18,11,2023,Saturday,Xiaomi,Mi 11,2,41060.72,82121.44,Anita Bhattacharya,43,Coimbatore,Credit Card,4
2716,2023-11-19,19,11,2023,Sunday,Samsung,Galaxy Note 20,4,59909.45,239637.8,Amit Teja,32,Mumbai,Debit Card,4
2717,2023-11-19,19,11,2023,Sunday,OnePlus,OnePlus 8T,7,49562.74,346939.18,Sumit Verma,43,Ranchi,Cash,5
2718,2023-11-19,19,11,2023,Sunday,OnePlus,OnePlus 9,9,30949.62,278546.58,Priyanka Menon,45,Chennai,Cash,5
2719,2023-11-20,20,11,2023,Monday,Samsung,Galaxy Note 20,8,50219.18,401753.44,Kiran Mishra,24,Rajkot,Debit Card,5
2720,2023-11-20,20,11,2023,Monday,OnePlus,OnePlus 9,9,48545.59,436910.30999999994,Priyanka Mishra,49,Gorakhpur,UPI,4
2721,2023-11-20,20,11,2023,Monday,Xiaomi,Redmi Note 10,8,65861.16,526889.28,Namita Deshmukh,29,Mumbai,Cash,5
2722,2023-11-21,21,11,2023,Tuesday,OnePlus,OnePlus 8T,2,60484.99,120969.98,Priya Prasad,52,Delhi,UPI,5
2723,2023-11-21,21,11,2023,Tuesday,Vivo,Vivo Y51,7,48846.82,341927.74,Anita Shah,49,Rajkot,Credit Card,5
2724,2023-11-21,21,11,2023,Tuesday,Apple,iPhone 11,2,30490.43,60980.86,Sunil Patel,26,Bhopal,Credit Card,5
2725,2023-11-21,21,11,2023,Tuesday,Xiaomi,Redmi Note 10,2,56774.59,113549.18,Jyoti Reddy,31,Chennai,Debit Card,4
2726,2023-11-22,22,11,2023,Wednesday,Vivo,Vivo Y51,4,44512.5,178050.0,Vinod Kaur,30,Delhi,UPI,5
2727,2023-11-22,22,11,2023,Wednesday,Samsung,Galaxy Note 20,1,69116.2,69116.2,Sachin Jain,50,Ludhiana,Debit Card,2
2728,2023-11-22,22,11,2023,Wednesday,Xiaomi,Redmi 9,5,24850.37,124251.84999999999,Kiran Nair,49,Mumbai,Cash,5
2729,2023-11-22,22,11,2023,Wednesday,Apple,iPhone SE,6,14779.35,88676.1,Vijay Chatterjee,36,Rajkot,Cash,4
2730,2023-11-23,23,11,2023,Thursday,Apple,iPhone SE,9,14193.51,127741.59,Vinod Srivastava,47,Delhi,Cash,5
2731,2023-11-23,23,11,2023,Thursday,Samsung,Galaxy Note 20,8,48401.82,387214.56,Anita Dutta,33,Lucknow,UPI,4
2732,2023-11-23,23,11,2023,Thursday,Samsung,Galaxy S21,2,66355.61,132711.22,Navin Gupta,29,Coimbatore,Debit Card,5
2733,2023-11-24,24,11,2023,Friday,Xiaomi,Redmi 9,1,10115.91,10115.91,Vivek Bhatnagar,27,Delhi,Debit Card,4
2734,2023-11-24,24,11,2023,Friday,OnePlus,OnePlus 9,2,53546.26,107092.52,Sanjay Roy,19,Indore,Cash,2
2735,2023-11-24,24,11,2023,Friday,Samsung,Galaxy A51,7,49423.91,345967.37,Aditya Mishra,35,Chennai,Debit Card,4
2736,2023-11-25,25,11,2023,Saturday,OnePlus,OnePlus Nord,4,53938.25,215753.0,Deepika Pathak,30,Lucknow,Credit Card,3
2737,2023-11-25,25,11,2023,Saturday,Vivo,Vivo V20,5,31324.32,156621.6,Umesh Nair,46,Delhi,Credit Card,4
2738,2023-11-25,25,11,2023,Saturday,Apple,iPhone SE,7,59229.79,414608.53,Mala Roy,41,Delhi,Credit Card,5
2739,2023-11-25,25,11,2023,Saturday,OnePlus,OnePlus 9,3,12682.42,38047.26,Rohan Deshmukh,55,Chennai,Credit Card,3
2740,2023-11-26,26,11,2023,Sunday,Apple,iPhone 11,2,55325.87,110651.74,Pankaj Singh,29,Delhi,Debit Card,5
2741,2023-11-26,26,11,2023,Sunday,OnePlus,OnePlus 8T,7,26024.32,182170.24,Prashant Chatterjee,46,Delhi,Credit Card,5
2742,2023-11-26,26,11,2023,Sunday,Vivo,Vivo V20,5,38610.27,193051.34999999998,Rohan Nambiar,39,Delhi,Credit Card,2
2743,2023-11-26,26,11,2023,Sunday,Samsung,Galaxy S21,1,59358.18,59358.18,Sanjay Joshi,53,Lucknow,Credit Card,4
2744,2023-11-27,27,11,2023,Monday,Vivo,Vivo Y51,1,26281.54,26281.54,Radha Kulkarni,18,Coimbatore,Credit Card,4
2745,2023-11-27,27,11,2023,Monday,Samsung,Galaxy S21,9,21112.45,190012.05000000002,Devendra Jain,57,Ludhiana,Credit Card,5
2746,2023-11-27,27,11,2023,Monday,Samsung,Galaxy Note 20,5,50878.79,254393.95,Rajesh Verma,51,Rajkot,UPI,4
2747,2023-11-28,28,11,2023,Tuesday,Apple,iPhone 11,1,42003.69,42003.69,Manoj Sharma,51,Delhi,UPI,4
2748,2023-11-28,28,11,2023,Tuesday,Vivo,Vivo V20,7,40864.23,286049.61000000004,Rajesh Shah,50,Vadodara,Credit Card,5
2749,2023-11-28,28,11,2023,Tuesday,OnePlus,OnePlus Nord,9,25406.17,228655.52999999997,Aditya Singh,21,Mumbai,Credit Card,4
2750,2023-11-29,29,11,2023,Wednesday,Vivo,Vivo V20,1,12092.82,12092.82,Tanuja Roy,55,Mumbai,Debit Card,4
2751,2023-11-29,29,11,2023,Wednesday,Apple,iPhone 11,4,34616.15,138464.6,Prashant Mishra,47,Coimbatore,Credit Card,5
2752,2023-11-29,29,11,2023,Wednesday,Samsung,Galaxy A51,3,16393.57,49180.71,Nikhil Ahuja,37,Jodhpur,Cash,4
2753,2023-11-30,30,11,2023,Thursday,Apple,iPhone SE,5,64359.35,321796.75,Sneha Rao,43,Mumbai,UPI,5
2754,2023-11-30,30,11,2023,Thursday,Xiaomi,Mi 11,7,12475.02,87325.14,Bina Kumar,32,Patna,Credit Card,2
2755,2023-11-30,30,11,2023,Thursday,Xiaomi,Redmi 9,8,35899.05,287192.4,Vinod Sharma,24,Coimbatore,UPI,4
2756,2023-11-30,30,11,2023,Thursday,OnePlus,OnePlus Nord,2,13134.74,26269.48,Priyanka Mishra,24,Jodhpur,Credit Card,5
2757,2023-12-01,1,12,2023,Friday,Apple,iPhone 12,7,15732.63,110128.40999999999,Neeta Nair,46,Hyderabad,Cash,3
2758,2023-12-01,1,12,2023,Friday,OnePlus,OnePlus 8T,1,49532.0,49532.0,Neeta Prasad,40,Delhi,Credit Card,2
2759,2023-12-01,1,12,2023,Friday,OnePlus,OnePlus Nord,7,48826.68,341786.76,Sneha Jain,51,Indore,UPI,4
2760,2023-12-01,1,12,2023,Friday,Xiaomi,Mi 11,8,11983.13,95865.04,Prashant Gupta,37,Bhopal,UPI,5
2761,2023-12-02,2,12,2023,Saturday,OnePlus,OnePlus 9,2,10067.89,20135.78,Anjali Das,32,Delhi,UPI,3
2762,2023-12-02,2,12,2023,Saturday,Xiaomi,Redmi Note 10,9,14729.08,132561.72,Anjali Desai,50,Ludhiana,Debit Card,5
2763,2023-12-02,2,12,2023,Saturday,Samsung,Galaxy S21,1,55779.93,55779.93,Priyanka Nambiar,34,Mumbai,UPI,4
2764,2023-12-02,2,12,2023,Saturday,Apple,iPhone SE,6,45074.59,270447.54,Anjali Kulkarni,37,Delhi,Credit Card,5
2765,2023-12-03,3,12,2023,Sunday,OnePlus,OnePlus 9,1,12287.09,12287.09,Ravi Kaur,30,Ludhiana,Cash,2
2766,2023-12-03,3,12,2023,Sunday,Xiaomi,Mi 11,3,39285.82,117857.45999999999,Ravi Thakur,41,Ludhiana,Cash,3
2767,2023-12-03,3,12,2023,Sunday,Vivo,Vivo V20,6,52721.76,316330.56,Kavita Teja,54,Mumbai,Credit Card,3
2768,2023-12-04,4,12,2023,Monday,OnePlus,OnePlus Nord,3,62137.08,186411.24,Jyoti Bhattacharya,24,Madurai,Debit Card,5
2769,2023-12-04,4,12,2023,Monday,Samsung,Galaxy S21,8,66042.19,528337.52,Vinod Nair,25,Rajkot,Credit Card,5
2770,2023-12-04,4,12,2023,Monday,Samsung,Galaxy A51,5,29646.43,148232.15,Rajesh Singh,40,Delhi,UPI,2
2771,2023-12-05,5,12,2023,Tuesday,Vivo,Vivo Y51,2,18149.95,36299.9,Lata Verma,31,Indore,Debit Card,5
2772,2023-12-05,5,12,2023,Tuesday,Xiaomi,Redmi Note 10,4,24215.56,96862.24,Priya Teja,21,Delhi,Credit Card,4
2773,2023-12-05,5,12,2023,Tuesday,OnePlus,OnePlus 9,9,56570.29,509132.61,Pooja Srivastava,38,Mumbai,Debit Card,5
2774,2023-12-05,5,12,2023,Tuesday,Xiaomi,Mi 11,4,68289.05,273156.2,Kiran Alva,27,Jodhpur,Cash,3
2775,2023-12-06,6,12,2023,Wednesday,Samsung,Galaxy Note 20,8,37983.62,303868.96,Kunal Malhotra,39,Delhi,Credit Card,4
2776,2023-12-06,6,12,2023,Wednesday,Xiaomi,Redmi 9,5,28321.19,141605.94999999998,Rajesh Desai,47,Delhi,Credit Card,2
2777,2023-12-06,6,12,2023,Wednesday,Samsung,Galaxy S21,1,35751.43,35751.43,Yogesh Menon,47,Delhi,Cash,5
2778,2023-12-06,6,12,2023,Wednesday,Xiaomi,Redmi Note 10,7,28288.79,198021.53,Vijay Rawat,33,Chennai,Debit Card,5
2779,2023-12-07,7,12,2023,Thursday,Vivo,Vivo V20,3,25389.25,76167.75,Sumit Verma,28,Hyderabad,Cash,4
2780,2023-12-07,7,12,2023,Thursday,Apple,iPhone 12,8,45625.05,365000.4,Ayesha Patel,39,Delhi,Debit Card,2
2781,2023-12-07,7,12,2023,Thursday,Vivo,Vivo Y51,3,10944.16,32832.479999999996,Namita Desai,46,Jodhpur,Credit Card,2
2782,2023-12-08,8,12,2023,Friday,Vivo,Vivo V20,1,25573.13,25573.13,Bina Kumar,42,Vadodara,Debit Card,5
2783,2023-12-08,8,12,2023,Friday,Apple,iPhone 12,5,49682.92,248414.59999999998,Vijay Mishra,31,Patna,Debit Card,5
2784,2023-12-08,8,12,2023,Friday,Apple,iPhone 12,2,11923.76,23847.52,Sumit Arora,31,Bangalore,UPI,5
2785,2023-12-08,8,12,2023,Friday,OnePlus,OnePlus Nord,4,14992.11,59968.44,Meena Thakur,19,Delhi,UPI,4
2786,2023-12-09,9,12,2023,Saturday,OnePlus,OnePlus Nord,1,27603.77,27603.77,Umesh Kumar,30,Bangalore,UPI,2
2787,2023-12-09,9,12,2023,Saturday,Vivo,Vivo S1,9,62668.29,564014.61,Monika Kumar,20,Patna,Cash,3
2788,2023-12-09,9,12,2023,Saturday,Vivo,Vivo Y51,6,55893.17,335359.02,Vivek Yadav,47,Delhi,Cash,4
2789,2023-12-09,9,12,2023,Saturday,Samsung,Galaxy Note 20,8,11329.4,90635.2,Kavita Srivastava,35,Bangalore,UPI,5
2790,2023-12-10,10,12,2023,Sunday,Samsung,Galaxy Note 20,4,40102.77,160411.08,Anand Pillai,53,Mumbai,Credit Card,4
2791,2023-12-10,10,12,2023,Sunday,OnePlus,OnePlus 9,9,26481.25,238331.25,Anita Arora,38,Hyderabad,Credit Card,5
2792,2023-12-10,10,12,2023,Sunday,OnePlus,OnePlus 9,2,48918.74,97837.48,Aditya Prasad,36,Ludhiana,Credit Card,4
2793,2023-12-11,11,12,2023,Monday,Samsung,Galaxy Note 20,9,53293.23,479639.07,Yogesh Menon,33,Mumbai,Cash,4
2794,2023-12-11,11,12,2023,Monday,Samsung,Galaxy A51,5,61771.75,308858.75,Sunita Mathur,45,Bangalore,Debit Card,4
2795,2023-12-11,11,12,2023,Monday,Xiaomi,Redmi Note 10,6,38524.97,231149.82,Vinod Srivastava,21,Delhi,Cash,3
2796,2023-12-11,11,12,2023,Monday,Xiaomi,Redmi 9,3,69667.01,209001.02999999997,Bhavana Malhotra,32,Hyderabad,UPI,5
2797,2023-12-12,12,12,2023,Tuesday,Samsung,Galaxy S21,4,68799.17,275196.68,Lalita Patel,18,Delhi,Debit Card,4
2798,2023-12-12,12,12,2023,Tuesday,Xiaomi,Redmi Note 10,6,62930.0,377580.0,Anita Prasad,33,Delhi,Credit Card,4
2799,2023-12-12,12,12,2023,Tuesday,Apple,iPhone SE,7,44492.17,311445.19,Ayesha Ahuja,37,Bhopal,Cash,3
2800,2023-12-13,13,12,2023,Wednesday,OnePlus,OnePlus 8T,1,33880.39,33880.39,Vijay Rawat,50,Bangalore,Cash,2
2801,2023-12-13,13,12,2023,Wednesday,OnePlus,OnePlus Nord,7,31863.18,223042.26,Anita Sharma,34,Delhi,UPI,4
2802,2023-12-13,13,12,2023,Wednesday,Samsung,Galaxy Note 20,1,10727.49,10727.49,Sumit Malhotra,22,Lucknow,Credit Card,4
2803,2023-12-14,14,12,2023,Thursday,Vivo,Vivo Y51,5,24950.47,124752.35,Lata Mehta,22,Gorakhpur,Cash,2
2804,2023-12-14,14,12,2023,Thursday,Samsung,Galaxy S21,6,53128.49,318770.94,Reena Kulkarni,56,Delhi,Cash,4
2805,2023-12-14,14,12,2023,Thursday,Xiaomi,Redmi Note 10,2,46217.93,92435.86,Amit Goyal,30,Bangalore,Debit Card,4
2806,2023-12-15,15,12,2023,Friday,Vivo,Vivo V20,9,64985.33,584867.97,Kavita Rawat,53,Delhi,Cash,4
2807,2023-12-15,15,12,2023,Friday,Xiaomi,Mi 11,6,13001.34,78008.04000000001,Bina Rawat,47,Mumbai,Debit Card,5
2808,2023-12-15,15,12,2023,Friday,Apple,iPhone 11,7,19316.6,135216.19999999998,Sunita Iyer,21,Delhi,Cash,2
2809,2023-12-16,16,12,2023,Saturday,Xiaomi,Redmi 9,8,57354.63,458837.04,Sumit Teja,40,Vadodara,Credit Card,5
2810,2023-12-16,16,12,2023,Saturday,Apple,iPhone 12,1,31510.46,31510.46,Monika Solanki,38,Lucknow,UPI,2
2811,2023-12-16,16,12,2023,Saturday,Apple,iPhone 12,8,17100.72,136805.76,Jyoti Pillai,38,Mumbai,Credit Card,5
2812,2023-12-17,17,12,2023,Sunday,Xiaomi,Mi 11,4,69787.03,279148.12,Vinod Nair,23,Mumbai,UPI,5
2813,2023-12-17,17,12,2023,Sunday,Xiaomi,Redmi Note 10,8,57235.02,457880.16,Sanjay Ghosh,41,Madurai,Cash,3
2814,2023-12-17,17,12,2023,Sunday,Apple,iPhone 11,6,34524.46,207146.76,Vijay Mishra,48,Hyderabad,Credit Card,2
2815,2023-12-18,18,12,2023,Monday,Vivo,Vivo S1,9,59400.85,534607.65,Krishna Sharma,36,Delhi,Debit Card,2
2816,2023-12-18,18,12,2023,Monday,Apple,iPhone SE,4,50836.23,203344.92,Lata Reddy,55,Mumbai,UPI,2
2817,2023-12-18,18,12,2023,Monday,OnePlus,OnePlus 9,2,57398.49,114796.98,Prashant Luthra,29,Lucknow,UPI,5
2818,2023-12-19,19,12,2023,Tuesday,Apple,iPhone SE,2,58912.38,117824.76,Rajesh Mathur,31,Delhi,Cash,2
2819,2023-12-19,19,12,2023,Tuesday,Vivo,Vivo V20,5,15083.72,75418.59999999999,Vinod Arora,29,Vadodara,UPI,3
2820,2023-12-19,19,12,2023,Tuesday,OnePlus,OnePlus 9,9,47378.37,426405.33,Umesh Kaur,32,Mumbai,UPI,4
2821,2023-12-19,19,12,2023,Tuesday,Samsung,Galaxy Note 20,3,10407.13,31221.39,Radha Sharma,36,Vadodara,UPI,5
2822,2023-12-20,20,12,2023,Wednesday,Samsung,Galaxy Note 20,8,12607.37,100858.96,Harish Patel,45,Rajkot,Cash,4
2823,2023-12-20,20,12,2023,Wednesday,Vivo,Vivo V20,4,64238.8,256955.2,Manoj Patel,57,Bhopal,Credit Card,4
2824,2023-12-20,20,12,2023,Wednesday,Apple,iPhone SE,6,41653.82,249922.91999999998,Harish Mehta,58,Delhi,Cash,5
2825,2023-12-21,21,12,2023,Thursday,Xiaomi,Redmi 9,6,54154.12,324924.72000000003,Bhavana Varma,22,Coimbatore,Debit Card,5
2826,2023-12-21,21,12,2023,Thursday,Vivo,Vivo V20,3,60310.06,180930.18,Ravi Teja,22,Lucknow,UPI,2
2827,2023-12-21,21,12,2023,Thursday,OnePlus,OnePlus 9,5,66975.21,334876.05000000005,Anjali Desai,23,Hyderabad,UPI,3
2828,2023-12-22,22,12,2023,Friday,OnePlus,OnePlus Nord,3,62161.17,186483.51,Harish Mishra,40,Chennai,Credit Card,5
2829,2023-12-22,22,12,2023,Friday,Samsung,Galaxy A51,1,38998.69,38998.69,Meena Kumar,20,Kolkata,UPI,4
2830,2023-12-22,22,12,2023,Friday,OnePlus,OnePlus 8T,7,30158.22,211107.54,Anita Mathur,54,Coimbatore,Credit Card,5
2831,2023-12-22,22,12,2023,Friday,Vivo,Vivo Y51,4,19269.59,77078.36,Harish Kaur,50,Delhi,UPI,3
2832,2023-12-23,23,12,2023,Saturday,OnePlus,OnePlus Nord,7,34019.29,238135.03,Krishna Sharma,38,Indore,UPI,2
2833,2023-12-23,23,12,2023,Saturday,Vivo,Vivo Y51,3,31989.61,95968.83,Anand Reddy,37,Ranchi,Cash,4
2834,2023-12-23,23,12,2023,Saturday,Xiaomi,Mi 11,5,43574.49,217872.44999999998,Mala Chatterjee,18,Hyderabad,Cash,2
2835,2023-12-23,23,12,2023,Saturday,Samsung,Galaxy S21,5,49930.56,249652.8,Priya Varma,56,Delhi,Debit Card,2
2836,2023-12-24,24,12,2023,Sunday,OnePlus,OnePlus 8T,2,68699.53,137399.06,Ramesh Dutta,34,Gorakhpur,Credit Card,3
2837,2023-12-24,24,12,2023,Sunday,Vivo,Vivo Y51,2,53703.17,107406.34,Jyoti Bhattacharya,46,Indore,Debit Card,5
2838,2023-12-24,24,12,2023,Sunday,Apple,iPhone 12,4,48624.91,194499.64,Reena Menon,25,Madurai,Cash,2
2839,2023-12-24,24,12,2023,Sunday,Samsung,Galaxy A51,4,30105.55,120422.2,Amit Teja,43,Kolkata,Credit Card,2
2840,2023-12-25,25,12,2023,Monday,Xiaomi,Mi 11,4,12070.23,48280.92,Kiran Joshi,45,Delhi,Cash,5
2841,2023-12-25,25,12,2023,Monday,Vivo,Vivo Y51,6,27287.51,163725.06,Ayesha Sheth,51,Mumbai,Credit Card,4
2842,2023-12-25,25,12,2023,Monday,Xiaomi,Redmi 9,2,56106.87,112213.74,Neeta Desai,43,Ranchi,UPI,5
2843,2023-12-26,26,12,2023,Tuesday,Xiaomi,Mi 11,6,22316.32,133897.91999999998,Vijay Prasad,30,Coimbatore,Debit Card,3
2844,2023-12-26,26,12,2023,Tuesday,OnePlus,OnePlus Nord,7,52731.29,369119.03,Priyanka Yadav,54,Gorakhpur,Debit Card,3
2845,2023-12-26,26,12,2023,Tuesday,OnePlus,OnePlus 9,3,44786.79,134360.37,Radha Solanki,30,Rajkot,Credit Card,4
2846,2023-12-26,26,12,2023,Tuesday,Vivo,Vivo S1,8,20311.41,162491.28,Priya Prasad,55,Ludhiana,Debit Card,4
2847,2023-12-27,27,12,2023,Wednesday,Apple,iPhone SE,2,25697.49,51394.98,Radha Nair,42,Coimbatore,Cash,4
2848,2023-12-27,27,12,2023,Wednesday,Vivo,Vivo S1,8,39778.22,318225.76,Navin Solanki,40,Lucknow,Debit Card,3
2849,2023-12-27,27,12,2023,Wednesday,Apple,iPhone 12,5,35102.48,175512.40000000002,Ravi Sharma,39,Mumbai,Credit Card,5
2850,2023-12-28,28,12,2023,Thursday,Xiaomi,Redmi 9,2,56713.83,113427.66,Priyanka Sharma,38,Indore,Debit Card,2
2851,2023-12-28,28,12,2023,Thursday,Samsung,Galaxy A51,7,54064.28,378449.95999999996,Sunil Kapoor,47,Ranchi,Debit Card,2
2852,2023-12-28,28,12,2023,Thursday,Vivo,Vivo V20,2,44474.47,88948.94,Namita Desai,28,Delhi,Cash,2
2853,2023-12-29,29,12,2023,Friday,Vivo,Vivo Y51,6,59336.48,356018.88,Namita Teja,21,Chennai,UPI,3
2854,2023-12-29,29,12,2023,Friday,Apple,iPhone 11,3,43760.17,131280.51,Yogesh Menon,50,Kanpur,Cash,4
2855,2023-12-29,29,12,2023,Friday,Xiaomi,Redmi 9,9,67863.36,610770.24,Gita Rao,29,Ludhiana,Debit Card,5
2856,2023-12-30,30,12,2023,Saturday,Xiaomi,Redmi Note 10,3,23033.45,69100.35,Sanjay Jain,26,Jodhpur,Debit Card,3
2857,2023-12-30,30,12,2023,Saturday,Apple,iPhone 12,3,52847.92,158543.76,Monika Chatterjee,49,Kolkata,UPI,2
2858,2023-12-30,30,12,2023,Saturday,Xiaomi,Redmi 9,5,32196.65,160983.25,Umesh Nair,28,Mumbai,UPI,2
2859,2023-12-31,31,12,2023,Sunday,OnePlus,OnePlus Nord,7,26737.97,187165.79,Kavita Desai,54,Madurai,Cash,5
2860,2023-12-31,31,12,2023,Sunday,Samsung,Galaxy Note 20,8,20823.25,166586.0,Arun Jain,41,Vadodara,UPI,2
2861,2023-12-31,31,12,2023,Sunday,Vivo,Vivo Y51,7,43150.21,302051.47,Radha Mathur,24,Bangalore,Cash,5
2862,2023-12-31,31,12,2023,Sunday,Samsung,Galaxy A51,9,22928.17,206353.52999999997,Kiran Prasad,25,Mumbai,Credit Card,4
2863,2024-01-01,1,1,2024,Monday,Vivo,Vivo V20,5,22021.05,110105.25,Prashant Gupta,50,Madurai,Debit Card,5
2864,2024-01-01,1,1,2024,Monday,OnePlus,OnePlus Nord,3,69431.91,208295.73,Aditya Luthra,42,Coimbatore,UPI,4
2865,2024-01-01,1,1,2024,Monday,Xiaomi,Redmi Note 10,6,58104.85,348629.1,Vivek Mathur,18,Mumbai,Credit Card,3
2866,2024-01-01,1,1,2024,Monday,Apple,iPhone 11,5,54896.61,274483.05,Ramesh Mishra,20,Delhi,Credit Card,2
2867,2024-01-02,2,1,2024,Tuesday,OnePlus,OnePlus Nord,4,57643.64,230574.56,Anand Arora,57,Delhi,Cash,5
2868,2024-01-02,2,1,2024,Tuesday,Samsung,Galaxy S21,2,68135.37,136270.74,Manoj Mehta,45,Vadodara,Cash,5
2869,2024-01-02,2,1,2024,Tuesday,Apple,iPhone 11,7,44396.6,310776.2,Krishna Iyer,50,Patna,UPI,2
2870,2024-01-03,3,1,2024,Wednesday,Xiaomi,Redmi 9,5,23214.63,116073.15000000001,Kiran Prasad,18,Rajkot,Cash,2
2871,2024-01-03,3,1,2024,Wednesday,OnePlus,OnePlus Nord,4,61732.58,246930.32,Bina Das,55,Mumbai,Credit Card,3
2872,2024-01-03,3,1,2024,Wednesday,Apple,iPhone 11,8,54563.84,436510.72,Shruti Alva,44,Vadodara,Credit Card,4
2873,2024-01-04,4,1,2024,Thursday,OnePlus,OnePlus Nord,9,34858.5,313726.5,Kavita Rawat,55,Ranchi,Debit Card,3
2874,2024-01-04,4,1,2024,Thursday,OnePlus,OnePlus 8T,9,38414.17,345727.52999999997,Vijay Singh,52,Mumbai,Credit Card,2
2875,2024-01-04,4,1,2024,Thursday,Xiaomi,Redmi Note 10,3,34675.14,104025.42,Reena Sheth,27,Chennai,UPI,3
2876,2024-01-05,5,1,2024,Friday,Vivo,Vivo S1,3,65796.53,197389.59,Vinod Pathak,29,Lucknow,Debit Card,4
2877,2024-01-05,5,1,2024,Friday,Apple,iPhone 11,5,30611.9,153059.5,Ayesha Singh,27,Mumbai,Cash,2
2878,2024-01-05,5,1,2024,Friday,Xiaomi,Mi 11,5,67809.06,339045.3,Rohan Prasad,51,Patna,Debit Card,2
2879,2024-01-05,5,1,2024,Friday,OnePlus,OnePlus 9,2,64616.31,129232.62,Umesh Kaur,41,Bhopal,Credit Card,5
2880,2024-01-06,6,1,2024,Saturday,Xiaomi,Redmi 9,1,47831.27,47831.27,Sunil Malhotra,45,Jodhpur,UPI,5
2881,2024-01-06,6,1,2024,Saturday,Vivo,Vivo Y51,8,44789.31,358314.48,Yogesh Kaur,39,Gorakhpur,Cash,2
2882,2024-01-06,6,1,2024,Saturday,Apple,iPhone 11,3,32205.36,96616.08,Yogesh Dutta,33,Ludhiana,Cash,3
2883,2024-01-07,7,1,2024,Sunday,Vivo,Vivo Y51,1,11100.3,11100.3,Arun Ghosh,30,Chennai,Credit Card,5
2884,2024-01-07,7,1,2024,Sunday,Samsung,Galaxy A51,1,17657.39,17657.39,Nikhil Rathod,53,Mumbai,UPI,2
2885,2024-01-07,7,1,2024,Sunday,Apple,iPhone SE,2,55253.88,110507.76,Sumit Sheth,53,Delhi,Credit Card,4
2886,2024-01-08,8,1,2024,Monday,Vivo,Vivo V20,6,38292.41,229754.46000000002,Tapan Ahuja,40,Mumbai,Credit Card,3
2887,2024-01-08,8,1,2024,Monday,OnePlus,OnePlus 9,6,18990.29,113941.74,Sumit Chatterjee,31,Kolkata,UPI,4
2888,2024-01-08,8,1,2024,Monday,Apple,iPhone 12,3,25837.65,77512.95000000001,Priya Varma,49,Mumbai,Credit Card,3
2889,2024-01-08,8,1,2024,Monday,Apple,iPhone SE,4,66870.21,267480.84,Anita Mathur,20,Madurai,UPI,2
2890,2024-01-09,9,1,2024,Tuesday,Xiaomi,Mi 11,2,32027.97,64055.94,Harish Pillai,44,Delhi,UPI,4
2891,2024-01-09,9,1,2024,Tuesday,OnePlus,OnePlus Nord,2,64460.92,128921.84,Shruti Iyer,36,Hyderabad,Credit Card,2
2892,2024-01-09,9,1,2024,Tuesday,Samsung,Galaxy A51,7,28278.15,197947.05000000002,Rajesh Kapoor,39,Delhi,Credit Card,4
2893,2024-01-09,9,1,2024,Tuesday,Vivo,Vivo S1,1,42593.21,42593.21,Bina Teja,18,Delhi,Debit Card,3
2894,2024-01-10,10,1,2024,Wednesday,Xiaomi,Redmi Note 10,7,11228.63,78600.40999999999,Lata Rawat,22,Delhi,Cash,2
2895,2024-01-10,10,1,2024,Wednesday,Vivo,Vivo Y51,1,41312.51,41312.51,Deepika Pathak,50,Indore,Cash,3
2896,2024-01-10,10,1,2024,Wednesday,Samsung,Galaxy A51,6,48216.52,289299.12,Monika Patel,36,Mumbai,UPI,3
2897,2024-01-11,11,1,2024,Thursday,Samsung,Galaxy S21,3,24058.31,72174.93000000001,Monika Goyal,53,Delhi,Debit Card,4
2898,2024-01-11,11,1,2024,Thursday,Apple,iPhone SE,8,44736.23,357889.84,Lalita Verma,23,Delhi,UPI,4
2899,2024-01-11,11,1,2024,Thursday,Samsung,Galaxy Note 20,6,48830.07,292980.42,Arun Shah,32,Ranchi,Debit Card,2
2900,2024-01-11,11,1,2024,Thursday,Vivo,Vivo V20,2,51213.16,102426.32,Jyoti Menon,53,Lucknow,UPI,5
2901,2024-01-12,12,1,2024,Friday,OnePlus,OnePlus Nord,8,56584.2,452673.6,Kavita Singh,50,Coimbatore,Cash,2
2902,2024-01-12,12,1,2024,Friday,OnePlus,OnePlus 9,5,28680.35,143401.75,Sachin Jain,41,Mumbai,Debit Card,4
2903,2024-01-12,12,1,2024,Friday,Apple,iPhone 11,8,44066.62,352532.96,Deepika Patel,44,Bhopal,Credit Card,3
2904,2024-01-12,12,1,2024,Friday,Vivo,Vivo Y51,8,68894.74,551157.92,Krishna Alva,28,Delhi,Credit Card,2
2905,2024-01-13,13,1,2024,Saturday,Vivo,Vivo V20,6,63888.65,383331.9,Vivek Luthra,40,Ludhiana,Cash,2
2906,2024-01-13,13,1,2024,Saturday,Samsung,Galaxy A51,2,67159.93,134319.86,Sanjay Sheth,50,Delhi,Debit Card,2
2907,2024-01-13,13,1,2024,Saturday,Vivo,Vivo Y51,8,33168.18,265345.44,Ramesh Srivastava,58,Delhi,Credit Card,2
2908,2024-01-14,14,1,2024,Sunday,Xiaomi,Mi 11,6,57215.69,343294.14,Vinod Nair,46,Mumbai,Credit Card,5
2909,2024-01-14,14,1,2024,Sunday,Samsung,Galaxy A51,6,47193.88,283163.27999999997,Sneha Deshmukh,48,Patna,Credit Card,5
2910,2024-01-14,14,1,2024,Sunday,Xiaomi,Redmi Note 10,8,14964.1,119712.8,Devendra Menon,18,Mumbai,Cash,2
2911,2024-01-14,14,1,2024,Sunday,Apple,iPhone 12,1,59438.82,59438.82,Anjali Jain,51,Ludhiana,UPI,5
2912,2024-01-15,15,1,2024,Monday,OnePlus,OnePlus Nord,2,50626.08,101252.16,Umesh Goyal,35,Mumbai,Credit Card,5
2913,2024-01-15,15,1,2024,Monday,Apple,iPhone 11,9,21935.04,197415.36000000002,Umesh Reddy,35,Madurai,Credit Card,2
2914,2024-01-15,15,1,2024,Monday,OnePlus,OnePlus 8T,8,14784.31,118274.48,Deepika Solanki,23,Delhi,UPI,4
2915,2024-01-16,16,1,2024,Tuesday,Apple,iPhone SE,7,60221.33,421549.31,Vivek Nair,57,Delhi,Credit Card,5
2916,2024-01-16,16,1,2024,Tuesday,Vivo,Vivo S1,7,14734.11,103138.77,Anita Shah,18,Rajkot,Debit Card,2
2917,2024-01-16,16,1,2024,Tuesday,Xiaomi,Redmi Note 10,5,15481.23,77406.15,Sunita Singh,59,Mumbai,Credit Card,4
2918,2024-01-16,16,1,2024,Tuesday,OnePlus,OnePlus 9,2,35644.5,71289.0,Lalita Verma,47,Vadodara,UPI,5
2919,2024-01-17,17,1,2024,Wednesday,Samsung,Galaxy A51,6,18087.87,108527.22,Monika Mathur,21,Delhi,Cash,2
2920,2024-01-17,17,1,2024,Wednesday,Xiaomi,Mi 11,3,64820.18,194460.54,Amit Prasad,49,Mumbai,Cash,5
2921,2024-01-17,17,1,2024,Wednesday,Samsung,Galaxy S21,4,38217.04,152868.16,Tanuja Roy,27,Delhi,Debit Card,4
2922,2024-01-18,18,1,2024,Thursday,Xiaomi,Redmi 9,2,44149.06,88298.12,Mala Srivastava,22,Delhi,Credit Card,2
2923,2024-01-18,18,1,2024,Thursday,Xiaomi,Mi 11,2,65686.37,131372.74,Sachin Kaur,26,Mumbai,Credit Card,4
2924,2024-01-18,18,1,2024,Thursday,Apple,iPhone 12,8,41815.79,334526.32,Gita Roy,22,Ludhiana,UPI,3
2925,2024-01-19,19,1,2024,Friday,OnePlus,OnePlus Nord,8,31215.47,249723.76,Pooja Deshmukh,28,Delhi,UPI,2
2926,2024-01-19,19,1,2024,Friday,OnePlus,OnePlus Nord,6,57829.31,346975.86,Sumit Siddiqui,52,Delhi,Debit Card,3
2927,2024-01-19,19,1,2024,Friday,Xiaomi,Mi 11,5,36571.01,182855.05000000002,Rohan Pathak,44,Mumbai,Debit Card,5
2928,2024-01-20,20,1,2024,Saturday,Vivo,Vivo Y51,8,29108.17,232865.36,Vivek Teja,21,Mumbai,Credit Card,4
2929,2024-01-20,20,1,2024,Saturday,Vivo,Vivo S1,4,53393.77,213575.08,Vivek Nair,27,Gorakhpur,Credit Card,2
2930,2024-01-20,20,1,2024,Saturday,Samsung,Galaxy Note 20,4,58096.34,232385.36,Radha Ghosh,56,Lucknow,Debit Card,4
2931,2024-01-20,20,1,2024,Saturday,Samsung,Galaxy A51,5,57502.97,287514.85,Vivek Mishra,50,Ludhiana,Cash,5
2932,2024-01-21,21,1,2024,Sunday,Apple,iPhone 11,1,68660.46,68660.46,Vijay Rao,55,Delhi,Cash,2
2933,2024-01-21,21,1,2024,Sunday,Xiaomi,Mi 11,1,57200.02,57200.02,Vivek Mehta,25,Delhi,Cash,3
2934,2024-01-21,21,1,2024,Sunday,Samsung,Galaxy S21,2,56196.01,112392.02,Sunil Iyer,41,Gorakhpur,Cash,4
2935,2024-01-22,22,1,2024,Monday,Samsung,Galaxy S21,8,61449.12,491592.96,Shruti Iyer,56,Ranchi,Debit Card,2
2936,2024-01-22,22,1,2024,Monday,Xiaomi,Mi 11,7,10011.11,70077.77,Arun Jain,50,Lucknow,UPI,5
2937,2024-01-22,22,1,2024,Monday,Apple,iPhone SE,9,31745.88,285712.92,Nikhil Solanki,58,Delhi,Cash,5
2938,2024-01-22,22,1,2024,Monday,Samsung,Galaxy Note 20,5,54256.19,271280.95,Reena Dutta,36,Rajkot,Debit Card,4
2939,2024-01-23,23,1,2024,Tuesday,Apple,iPhone 12,2,45983.14,91966.28,Bhavana Dutta,19,Delhi,Cash,3
2940,2024-01-23,23,1,2024,Tuesday,OnePlus,OnePlus Nord,7,20654.32,144580.24,Ayesha Ahuja,28,Delhi,Credit Card,3
2941,2024-01-23,23,1,2024,Tuesday,Apple,iPhone 11,8,28223.99,225791.92,Sumit Sharma,52,Lucknow,Cash,2
2942,2024-01-24,24,1,2024,Wednesday,Vivo,Vivo Y51,7,30207.56,211452.92,Gita Iyer,34,Mumbai,Debit Card,2
2943,2024-01-24,24,1,2024,Wednesday,Vivo,Vivo Y51,7,44069.69,308487.83,Pankaj Arora,59,Delhi,Credit Card,4
2944,2024-01-24,24,1,2024,Wednesday,Apple,iPhone 11,5,59895.9,299479.5,Aditya Luthra,20,Bangalore,Credit Card,2
2945,2024-01-25,25,1,2024,Thursday,Vivo,Vivo V20,2,65949.51,131899.02,Rohan Shah,39,Delhi,Cash,3
2946,2024-01-25,25,1,2024,Thursday,OnePlus,OnePlus 9,6,55005.54,330033.24,Anand Bhattacharya,52,Delhi,Cash,2
2947,2024-01-25,25,1,2024,Thursday,Xiaomi,Redmi Note 10,4,60577.02,242308.08,Sneha Sharma,38,Madurai,Credit Card,2
2948,2024-01-25,25,1,2024,Thursday,Vivo,Vivo V20,2,38205.76,76411.52,Neeta Yadav,42,Mumbai,UPI,4
2949,2024-01-26,26,1,2024,Friday,Vivo,Vivo S1,9,33386.52,300478.68,Priya Kaur,56,Delhi,Debit Card,2
2950,2024-01-26,26,1,2024,Friday,Apple,iPhone SE,7,33562.51,234937.57,Mala Teja,19,Bhopal,Debit Card,2
2951,2024-01-26,26,1,2024,Friday,OnePlus,OnePlus Nord,6,46962.31,281773.86,Pooja Pathak,18,Chennai,Debit Card,4
2952,2024-01-27,27,1,2024,Saturday,Xiaomi,Mi 11,5,17454.2,87271.0,Rajesh Mishra,24,Hyderabad,Debit Card,2
2953,2024-01-27,27,1,2024,Saturday,Apple,iPhone SE,3,44769.65,134308.95,Neeta Arora,37,Delhi,Debit Card,2
2954,2024-01-27,27,1,2024,Saturday,Apple,iPhone 12,4,49907.97,199631.88,Neeta Deshmukh,23,Mumbai,Credit Card,2
2955,2024-01-28,28,1,2024,Sunday,OnePlus,OnePlus 9,3,36334.52,109003.56,Anita Sharma,53,Mumbai,Debit Card,2
2956,2024-01-28,28,1,2024,Sunday,Xiaomi,Mi 11,8,67190.03,537520.24,Sachin Joshi,38,Delhi,UPI,2
2957,2024-01-28,28,1,2024,Sunday,OnePlus,OnePlus Nord,3,46492.8,139478.40000000002,Tanuja Roy,52,Vadodara,UPI,5
2958,2024-01-28,28,1,2024,Sunday,Xiaomi,Mi 11,7,23199.97,162399.79,Kiran Alva,53,Kolkata,Cash,5
2959,2024-01-29,29,1,2024,Monday,OnePlus,OnePlus 8T,7,38752.98,271270.86000000004,Manoj Mehta,25,Delhi,Cash,4
2960,2024-01-29,29,1,2024,Monday,Apple,iPhone SE,7,50524.27,353669.88999999996,Harish Prasad,21,Mumbai,Cash,4
2961,2024-01-29,29,1,2024,Monday,Apple,iPhone 11,7,29417.75,205924.25,Krishna Patel,33,Delhi,Cash,3
2962,2024-01-30,30,1,2024,Tuesday,Samsung,Galaxy A51,2,14778.5,29557.0,Meena Chatterjee,20,Coimbatore,Credit Card,5
2963,2024-01-30,30,1,2024,Tuesday,Vivo,Vivo S1,3,45006.14,135018.41999999998,Shruti Ahuja,24,Delhi,UPI,2
2964,2024-01-30,30,1,2024,Tuesday,OnePlus,OnePlus 8T,9,66872.21,601849.89,Gita Kulkarni,19,Rajkot,Credit Card,5
2965,2024-01-31,31,1,2024,Wednesday,Samsung,Galaxy S21,3,39104.32,117312.95999999999,Gita Mehta,18,Gorakhpur,UPI,4
2966,2024-01-31,31,1,2024,Wednesday,Vivo,Vivo S1,2,64366.54,128733.08,Bina Joshi,18,Ranchi,Credit Card,4
2967,2024-01-31,31,1,2024,Wednesday,OnePlus,OnePlus 9,9,60101.42,540912.78,Tapan Rathod,55,Madurai,UPI,4
2968,2024-02-01,1,2,2024,Thursday,Xiaomi,Redmi Note 10,9,18844.77,169602.93,Deepika Kulkarni,24,Gorakhpur,Cash,2
2969,2024-02-01,1,2,2024,Thursday,Vivo,Vivo S1,4,52490.2,209960.8,Namita Bhatnagar,41,Rajkot,UPI,1
2970,2024-02-01,1,2,2024,Thursday,Apple,iPhone 12,9,36127.93,325151.37,Pooja Pillai,22,Mumbai,Cash,4
2971,2024-02-02,2,2,2024,Friday,Samsung,Galaxy Note 20,3,25014.78,75044.34,Pankaj Mathur,38,Mumbai,UPI,5
2972,2024-02-02,2,2,2024,Friday,Vivo,Vivo Y51,7,51216.3,358514.10000000003,Shruti Iyer,45,Patna,Credit Card,1
2973,2024-02-02,2,2,2024,Friday,Vivo,Vivo V20,7,54559.64,381917.48,Nikhil Arora,35,Madurai,Debit Card,5
2974,2024-02-02,2,2,2024,Friday,Apple,iPhone 11,8,20793.78,166350.24,Monika Mathur,41,Rajkot,UPI,4
2975,2024-02-03,3,2,2024,Saturday,OnePlus,OnePlus Nord,4,64866.68,259466.72,Bhavana Rawat,49,Chennai,Credit Card,2
2976,2024-02-03,3,2,2024,Saturday,Xiaomi,Redmi 9,3,55068.83,165206.49,Aditya Roy,50,Delhi,Debit Card,1
2977,2024-02-03,3,2,2024,Saturday,Apple,iPhone 12,3,66002.53,198007.59,Neeta Mathur,27,Bhopal,Credit Card,1
2978,2024-02-03,3,2,2024,Saturday,Xiaomi,Mi 11,5,29024.39,145121.95,Kiran Siddiqui,26,Delhi,Debit Card,4
2979,2024-02-04,4,2,2024,Sunday,OnePlus,OnePlus 9,1,66360.1,66360.1,Reena Chatterjee,50,Mumbai,Cash,4
2980,2024-02-04,4,2,2024,Sunday,Vivo,Vivo Y51,3,32111.06,96333.18000000001,Pooja Rao,50,Bangalore,UPI,4
2981,2024-02-04,4,2,2024,Sunday,Xiaomi,Redmi 9,6,13238.19,79429.14,Meena Dutta,24,Delhi,Credit Card,3
2982,2024-02-05,5,2,2024,Monday,Samsung,Galaxy Note 20,3,55778.16,167334.48,Sunita Ahuja,21,Hyderabad,UPI,2
2983,2024-02-05,5,2,2024,Monday,Samsung,Galaxy Note 20,5,52210.49,261052.44999999998,Rohan Shah,45,Bhopal,Cash,2
2984,2024-02-05,5,2,2024,Monday,Apple,iPhone 12,9,45874.66,412871.94000000006,Lalita Dutta,40,Patna,Cash,4
2985,2024-02-05,5,2,2024,Monday,OnePlus,OnePlus Nord,2,39393.62,78787.24,Yogesh Menon,49,Delhi,UPI,3
2986,2024-02-06,6,2,2024,Tuesday,Apple,iPhone 11,2,11929.92,23859.84,Pankaj Roy,33,Delhi,Credit Card,4
2987,2024-02-06,6,2,2024,Tuesday,Apple,iPhone SE,6,47475.84,284855.04,Vijay Das,27,Mumbai,Credit Card,4
2988,2024-02-06,6,2,2024,Tuesday,Apple,iPhone 11,6,35010.08,210060.48,Reena Kulkarni,31,Kolkata,Credit Card,2
2989,2024-02-07,7,2,2024,Wednesday,Samsung,Galaxy A51,8,43612.56,348900.48,Yogesh Luthra,56,Mumbai,UPI,3
2990,2024-02-07,7,2,2024,Wednesday,Samsung,Galaxy Note 20,2,35759.28,71518.56,Navin Verma,53,Delhi,Credit Card,2
2991,2024-02-07,7,2,2024,Wednesday,Apple,iPhone SE,9,67963.37,611670.33,Pooja Patel,51,Madurai,Credit Card,4
2992,2024-02-07,7,2,2024,Wednesday,Samsung,Galaxy Note 20,2,46246.53,92493.06,Pooja Deshmukh,41,Patna,Debit Card,5
2993,2024-02-08,8,2,2024,Thursday,OnePlus,OnePlus Nord,1,54954.18,54954.18,Kavita Bhatnagar,35,Ranchi,Credit Card,1
2994,2024-02-08,8,2,2024,Thursday,Apple,iPhone 11,2,66180.82,132361.64,Vivek Nair,33,Mumbai,Cash,4
2995,2024-02-08,8,2,2024,Thursday,Samsung,Galaxy Note 20,7,45495.96,318471.72,Sunil Dutta,58,Bangalore,Credit Card,3
2996,2024-02-09,9,2,2024,Friday,Xiaomi,Redmi 9,8,10723.75,85790.0,Manoj Gupta,54,Jodhpur,UPI,5
2997,2024-02-09,9,2,2024,Friday,Apple,iPhone 12,5,12057.5,60287.5,Pooja Roy,58,Delhi,UPI,3
2998,2024-02-09,9,2,2024,Friday,Apple,iPhone 11,6,52140.31,312841.86,Vinod Kaur,42,Kanpur,Credit Card,4
2999,2024-02-10,10,2,2024,Saturday,OnePlus,OnePlus 8T,1,26745.11,26745.11,Yogesh Luthra,25,Delhi,UPI,4
3000,2024-02-10,10,2,2024,Saturday,Vivo,Vivo V20,6,44762.78,268576.68,Isha Kaur,41,Delhi,UPI,1
3001,2024-02-10,10,2,2024,Saturday,Vivo,Vivo Y51,8,22136.63,177093.04,Krishna Pillai,37,Hyderabad,Credit Card,3
3002,2024-02-11,11,2,2024,Sunday,OnePlus,OnePlus Nord,3,26214.93,78644.79000000001,Ramesh Srivastava,47,Rajkot,Debit Card,5
3003,2024-02-11,11,2,2024,Sunday,OnePlus,OnePlus 9,1,40278.46,40278.46,Kiran Joshi,37,Ludhiana,Debit Card,1
3004,2024-02-11,11,2,2024,Sunday,OnePlus,OnePlus 8T,4,68534.17,274136.68,Arun Ghosh,35,Jodhpur,Debit Card,3
3005,2024-02-12,12,2,2024,Monday,Vivo,Vivo S1,1,46976.23,46976.23,Anita Prasad,21,Mumbai,Debit Card,4
3006,2024-02-12,12,2,2024,Monday,OnePlus,OnePlus Nord,8,66168.89,529351.12,Shruti Verma,53,Rajkot,Cash,1
3007,2024-02-12,12,2,2024,Monday,Samsung,Galaxy S21,5,67562.79,337813.94999999995,Pankaj Srivastava,23,Mumbai,Credit Card,4
3008,2024-02-13,13,2,2024,Tuesday,Apple,iPhone 12,1,22486.6,22486.6,Meena Dutta,20,Delhi,UPI,2
3009,2024-02-13,13,2,2024,Tuesday,Apple,iPhone 12,8,28671.62,229372.96,Vinod Kumar,35,Delhi,UPI,2
3010,2024-02-13,13,2,2024,Tuesday,Xiaomi,Redmi 9,9,56199.54,505795.86,Meena Malhotra,57,Coimbatore,Credit Card,1
3011,2024-02-14,14,2,2024,Wednesday,Xiaomi,Mi 11,2,62005.84,124011.68,Lalita Nambiar,35,Hyderabad,UPI,1
3012,2024-02-14,14,2,2024,Wednesday,Apple,iPhone SE,9,41153.6,370382.39999999997,Manoj Nambiar,40,Jodhpur,Cash,3
3013,2024-02-14,14,2,2024,Wednesday,Samsung,Galaxy A51,8,69593.56,556748.48,Lalita Alva,52,Mumbai,Debit Card,5
3014,2024-02-14,14,2,2024,Wednesday,Vivo,Vivo V20,7,10694.33,74860.31,Tanuja Reddy,23,Indore,Credit Card,5
3015,2024-02-15,15,2,2024,Thursday,Vivo,Vivo Y51,3,27975.56,83926.68000000001,Kiran Alva,43,Mumbai,UPI,2
3016,2024-02-15,15,2,2024,Thursday,Samsung,Galaxy A51,2,47389.71,94779.42,Rajesh Arora,38,Lucknow,Cash,2
3017,2024-02-15,15,2,2024,Thursday,Vivo,Vivo V20,7,38157.39,267101.73,Kavita Solanki,41,Gorakhpur,UPI,2
3018,2024-02-16,16,2,2024,Friday,OnePlus,OnePlus 9,5,16996.18,84980.9,Anjali Nambiar,32,Mumbai,Cash,4
3019,2024-02-16,16,2,2024,Friday,Apple,iPhone 11,6,32067.23,192403.38,Mala Ghosh,44,Bhopal,UPI,5
3020,2024-02-16,16,2,2024,Friday,Apple,iPhone 11,4,11526.83,46107.32,Monika Chatterjee,49,Coimbatore,Debit Card,1
3021,2024-02-16,16,2,2024,Friday,Samsung,Galaxy S21,2,48564.76,97129.52,Ravi Ghosh,29,Mumbai,Credit Card,2
3022,2024-02-17,17,2,2024,Saturday,Vivo,Vivo Y51,9,63564.55,572080.9500000001,Vijay Chatterjee,22,Jodhpur,Debit Card,3
3023,2024-02-17,17,2,2024,Saturday,Xiaomi,Mi 11,3,63092.45,189277.34999999998,Reena Sharma,24,Delhi,Debit Card,1
3024,2024-02-17,17,2,2024,Saturday,Xiaomi,Redmi 9,7,51972.67,363808.69,Navin Chaudhary,39,Kanpur,UPI,1
3025,2024-02-18,18,2,2024,Sunday,Vivo,Vivo Y51,8,37946.21,303569.68,Vivek Ghosh,44,Mumbai,Debit Card,1
3026,2024-02-18,18,2,2024,Sunday,Xiaomi,Redmi Note 10,2,40721.9,81443.8,Gita Sheth,32,Jodhpur,Credit Card,5
3027,2024-02-18,18,2,2024,Sunday,Samsung,Galaxy Note 20,6,18215.13,109290.78,Nikhil Reddy,56,Mumbai,Cash,2
3028,2024-02-18,18,2,2024,Sunday,Samsung,Galaxy A51,8,30461.03,243688.24,Ramesh Kumar,52,Rajkot,Cash,3
3029,2024-02-19,19,2,2024,Monday,Vivo,Vivo Y51,7,21263.68,148845.76,Harish Prasad,43,Delhi,UPI,4
3030,2024-02-19,19,2,2024,Monday,Xiaomi,Redmi 9,3,59272.01,177816.03,Vivek Nambiar,40,Delhi,Credit Card,3
3031,2024-02-19,19,2,2024,Monday,Samsung,Galaxy Note 20,1,64885.23,64885.23,Ravi Malhotra,30,Kolkata,Credit Card,3
3032,2024-02-19,19,2,2024,Monday,Samsung,Galaxy Note 20,6,42215.4,253292.40000000002,Vijay Chatterjee,43,Delhi,Cash,3
3033,2024-02-20,20,2,2024,Tuesday,OnePlus,OnePlus 9,8,53665.84,429326.72,Navin Sharma,20,Madurai,Cash,4
3034,2024-02-20,20,2,2024,Tuesday,OnePlus,OnePlus 9,6,17287.89,103727.34,Ravi Ghosh,46,Patna,Debit Card,3
3035,2024-02-20,20,2,2024,Tuesday,Samsung,Galaxy Note 20,5,46512.08,232560.40000000002,Aditya Kulkarni,19,Kanpur,UPI,3
3036,2024-02-20,20,2,2024,Tuesday,Vivo,Vivo Y51,8,52167.46,417339.68,Arun Desai,45,Kanpur,Cash,2
3037,2024-02-21,21,2,2024,Wednesday,Apple,iPhone SE,2,37166.09,74332.18,Isha Desai,40,Ranchi,Cash,2
3038,2024-02-21,21,2,2024,Wednesday,Apple,iPhone SE,1,24596.39,24596.39,Navin Malhotra,53,Delhi,Credit Card,2
3039,2024-02-21,21,2,2024,Wednesday,Samsung,Galaxy S21,1,62642.47,62642.47,Kunal Singh,23,Ranchi,Credit Card,1
3040,2024-02-22,22,2,2024,Thursday,Samsung,Galaxy Note 20,4,54574.52,218298.08,Aditya Jain,28,Rajkot,Credit Card,3
3041,2024-02-22,22,2,2024,Thursday,Samsung,Galaxy Note 20,6,63991.44,383948.64,Shruti Pathak,55,Delhi,Cash,5
3042,2024-02-22,22,2,2024,Thursday,Vivo,Vivo S1,9,59104.16,531937.4400000001,Sunita Iyer,51,Chennai,UPI,5
3043,2024-02-23,23,2,2024,Friday,OnePlus,OnePlus 8T,1,69422.47,69422.47,Nikhil Ahuja,34,Delhi,Debit Card,5
3044,2024-02-23,23,2,2024,Friday,Samsung,Galaxy Note 20,1,21530.36,21530.36,Pankaj Verma,20,Delhi,UPI,4
3045,2024-02-23,23,2,2024,Friday,Samsung,Galaxy Note 20,5,15204.87,76024.35,Sneha Thakur,51,Lucknow,Cash,2
3046,2024-02-23,23,2,2024,Friday,Xiaomi,Redmi 9,5,30220.17,151100.84999999998,Krishna Ahuja,39,Mumbai,Debit Card,2
3047,2024-02-24,24,2,2024,Saturday,Vivo,Vivo S1,5,17740.25,88701.25,Rajesh Kulkarni,46,Bangalore,UPI,2
3048,2024-02-24,24,2,2024,Saturday,Samsung,Galaxy A51,6,41387.81,248326.86,Shruti Shah,46,Jodhpur,Cash,4
3049,2024-02-24,24,2,2024,Saturday,Xiaomi,Mi 11,8,47981.73,383853.84,Sachin Sheth,22,Delhi,UPI,3
3050,2024-02-25,25,2,2024,Sunday,Apple,iPhone SE,3,44697.32,134091.96,Anita Dutta,27,Kanpur,Cash,1
3051,2024-02-25,25,2,2024,Sunday,Samsung,Galaxy S21,9,25554.41,229989.69,Pooja Deshmukh,27,Mumbai,Credit Card,2
3052,2024-02-25,25,2,2024,Sunday,Samsung,Galaxy S21,1,64529.44,64529.44,Pankaj Mathur,26,Kolkata,UPI,3
3053,2024-02-25,25,2,2024,Sunday,Xiaomi,Redmi 9,4,11270.34,45081.36,Meena Patel,38,Rajkot,Credit Card,5
3054,2024-02-26,26,2,2024,Monday,Vivo,Vivo S1,9,30880.8,277927.2,Devendra Varma,30,Chennai,Credit Card,1
3055,2024-02-26,26,2,2024,Monday,Samsung,Galaxy Note 20,8,53139.55,425116.4,Arun Mathur,27,Coimbatore,Debit Card,5
3056,2024-02-26,26,2,2024,Monday,Apple,iPhone SE,9,56015.74,504141.66,Manoj Kaur,55,Kolkata,Debit Card,3
3057,2024-02-27,27,2,2024,Tuesday,Samsung,Galaxy A51,1,34967.11,34967.11,Vinod Malhotra,28,Indore,UPI,3
3058,2024-02-27,27,2,2024,Tuesday,Apple,iPhone 12,9,11014.59,99131.31,Neeta Patel,21,Kanpur,Cash,5
3059,2024-02-27,27,2,2024,Tuesday,OnePlus,OnePlus 9,3,47082.62,141247.86000000002,Anita Dutta,48,Madurai,Debit Card,1
3060,2024-02-27,27,2,2024,Tuesday,OnePlus,OnePlus 9,9,13785.68,124071.12,Krishna Reddy,51,Mumbai,Debit Card,5
3061,2024-02-28,28,2,2024,Wednesday,Apple,iPhone 12,1,16471.35,16471.35,Pankaj Jain,59,Mumbai,Credit Card,5
3062,2024-02-28,28,2,2024,Wednesday,Vivo,Vivo S1,1,49015.04,49015.04,Bhavana Kapoor,52,Bhopal,Credit Card,5
3063,2024-02-28,28,2,2024,Wednesday,Samsung,Galaxy S21,9,28749.3,258743.69999999998,Pankaj Patel,56,Delhi,Cash,1
3064,2024-02-28,28,2,2024,Wednesday,Samsung,Galaxy Note 20,6,30881.81,185290.86000000002,Tanuja Srivastava,56,Delhi,Debit Card,4
3065,2024-02-29,29,2,2024,Thursday,OnePlus,OnePlus 8T,4,39208.42,156833.68,Prashant Luthra,50,Delhi,Debit Card,1
3066,2024-02-29,29,2,2024,Thursday,Apple,iPhone SE,7,68714.7,481002.89999999997,Jyoti Alva,25,Madurai,Cash,5
3067,2024-02-29,29,2,2024,Thursday,Samsung,Galaxy Note 20,5,67926.53,339632.65,Harish Kapoor,49,Kanpur,Debit Card,2
3068,2024-03-01,1,3,2024,Friday,Samsung,Galaxy S21,7,34975.66,244829.62000000002,Sumit Dutta,50,Delhi,UPI,2
3069,2024-03-01,1,3,2024,Friday,Vivo,Vivo V20,8,25929.95,207439.6,Sachin Rawat,25,Vadodara,UPI,3
3070,2024-03-01,1,3,2024,Friday,Xiaomi,Mi 11,8,28155.53,225244.24,Reena Goyal,31,Delhi,Cash,4
3071,2024-03-01,1,3,2024,Friday,OnePlus,OnePlus Nord,1,26126.88,26126.88,Kiran Ghosh,51,Delhi,Credit Card,3
3072,2024-03-02,2,3,2024,Saturday,OnePlus,OnePlus 9,8,41934.75,335478.0,Gita Mehta,25,Mumbai,Cash,3
3073,2024-03-02,2,3,2024,Saturday,Xiaomi,Redmi Note 10,6,46411.59,278469.54,Rajesh Pathak,59,Bangalore,UPI,2
3074,2024-03-02,2,3,2024,Saturday,Samsung,Galaxy Note 20,4,39326.76,157307.04,Priyanka Sharma,24,Kolkata,Debit Card,1
3075,2024-03-03,3,3,2024,Sunday,Vivo,Vivo S1,8,34479.66,275837.28,Sumit Siddiqui,30,Lucknow,Debit Card,3
3076,2024-03-03,3,3,2024,Sunday,Vivo,Vivo S1,3,22677.1,68031.29999999999,Priyanka Pathak,38,Bangalore,Credit Card,3
3077,2024-03-03,3,3,2024,Sunday,OnePlus,OnePlus 8T,4,38950.34,155801.36,Bhavana Kapoor,49,Delhi,Credit Card,4
3078,2024-03-03,3,3,2024,Sunday,Vivo,Vivo V20,6,30466.16,182796.96,Harish Kapoor,28,Rajkot,UPI,2
3079,2024-03-04,4,3,2024,Monday,Xiaomi,Mi 11,7,42495.73,297470.11000000004,Ayesha Rathod,31,Mumbai,Credit Card,1
3080,2024-03-04,4,3,2024,Monday,Samsung,Galaxy Note 20,4,50511.36,202045.44,Sunil Menon,28,Coimbatore,Cash,4
3081,2024-03-04,4,3,2024,Monday,Xiaomi,Mi 11,4,47998.73,191994.92,Aditya Patel,19,Bhopal,UPI,1
3082,2024-03-04,4,3,2024,Monday,Apple,iPhone 12,7,37749.41,264245.87,Aditya Jain,51,Gorakhpur,Debit Card,1
3083,2024-03-05,5,3,2024,Tuesday,OnePlus,OnePlus 9,6,43363.15,260178.90000000002,Prashant Arora,34,Gorakhpur,Debit Card,3
3084,2024-03-05,5,3,2024,Tuesday,Vivo,Vivo Y51,8,27091.37,216730.96,Mala Das,31,Bhopal,Debit Card,4
3085,2024-03-05,5,3,2024,Tuesday,Apple,iPhone SE,1,11454.42,11454.42,Neeta Patel,42,Coimbatore,Credit Card,3
3086,2024-03-06,6,3,2024,Wednesday,Vivo,Vivo Y51,7,47501.17,332508.19,Vijay Sheth,44,Mumbai,UPI,5
3087,2024-03-06,6,3,2024,Wednesday,Samsung,Galaxy S21,7,25154.11,176078.77000000002,Isha Ghosh,25,Delhi,Credit Card,1
3088,2024-03-06,6,3,2024,Wednesday,Samsung,Galaxy A51,7,50137.22,350960.54000000004,Ayesha Thakur,34,Coimbatore,Cash,4
3089,2024-03-07,7,3,2024,Thursday,Samsung,Galaxy A51,7,54820.51,383743.57,Prashant Gupta,22,Delhi,UPI,2
3090,2024-03-07,7,3,2024,Thursday,Vivo,Vivo V20,8,64955.66,519645.28,Pooja Chatterjee,29,Kanpur,Credit Card,3
3091,2024-03-07,7,3,2024,Thursday,Apple,iPhone 12,9,67487.37,607386.33,Meena Prasad,55,Bhopal,Debit Card,5
3092,2024-03-08,8,3,2024,Friday,Samsung,Galaxy Note 20,9,10631.56,95684.04,Bhavana Siddiqui,35,Bhopal,Debit Card,5
3093,2024-03-08,8,3,2024,Friday,Apple,iPhone 12,2,69422.45,138844.9,Vivek Alva,43,Delhi,Cash,5
3094,2024-03-08,8,3,2024,Friday,Vivo,Vivo S1,7,50981.1,356867.7,Kavita Desai,48,Kolkata,Cash,3
3095,2024-03-08,8,3,2024,Friday,Apple,iPhone 11,7,48611.45,340280.14999999997,Anjali Jain,54,Delhi,Cash,2
3096,2024-03-09,9,3,2024,Saturday,Vivo,Vivo Y51,4,10912.79,43651.16,Arun Luthra,23,Mumbai,Debit Card,4
3097,2024-03-09,9,3,2024,Saturday,Vivo,Vivo S1,9,61674.0,555066.0,Meena Malhotra,58,Kolkata,Credit Card,1
3098,2024-03-09,9,3,2024,Saturday,OnePlus,OnePlus 9,8,18729.49,149835.92,Anita Ghosh,32,Ranchi,Debit Card,2
3099,2024-03-10,10,3,2024,Sunday,Vivo,Vivo Y51,1,60239.81,60239.81,Priya Roy,59,Ludhiana,Debit Card,3
3100,2024-03-10,10,3,2024,Sunday,Vivo,Vivo S1,2,10933.75,21867.5,Nikhil Pathak,43,Lucknow,Debit Card,4
3101,2024-03-10,10,3,2024,Sunday,Xiaomi,Redmi 9,2,48757.86,97515.72,Ayesha Dutta,29,Ranchi,Credit Card,1
3102,2024-03-10,10,3,2024,Sunday,Samsung,Galaxy A51,8,36088.09,288704.72,Bhavana Mathur,58,Mumbai,Debit Card,4
3103,2024-03-11,11,3,2024,Monday,OnePlus,OnePlus 9,1,22046.0,22046.0,Sumit Goyal,31,Delhi,Cash,1
3104,2024-03-11,11,3,2024,Monday,OnePlus,OnePlus 9,4,16453.68,65814.72,Manoj Shah,18,Chennai,Cash,1
3105,2024-03-11,11,3,2024,Monday,OnePlus,OnePlus 9,5,36407.66,182038.30000000002,Shruti Menon,34,Mumbai,Cash,5
3106,2024-03-11,11,3,2024,Monday,Xiaomi,Redmi Note 10,9,17398.35,156585.15,Amit Prasad,50,Bangalore,Cash,3
3107,2024-03-12,12,3,2024,Tuesday,Vivo,Vivo S1,7,39186.8,274307.60000000003,Vivek Deshmukh,46,Delhi,Debit Card,2
3108,2024-03-12,12,3,2024,Tuesday,Samsung,Galaxy Note 20,8,47513.02,380104.16,Aditya Luthra,48,Patna,Debit Card,5
3109,2024-03-12,12,3,2024,Tuesday,Apple,iPhone SE,9,59643.05,536787.4500000001,Amit Teja,25,Lucknow,Debit Card,5
3110,2024-03-13,13,3,2024,Wednesday,Vivo,Vivo Y51,7,50718.97,355032.79000000004,Mala Malhotra,47,Delhi,Cash,4
3111,2024-03-13,13,3,2024,Wednesday,Xiaomi,Mi 11,5,13911.99,69559.95,Pankaj Bhattacharya,30,Mumbai,Credit Card,1
3112,2024-03-13,13,3,2024,Wednesday,Vivo,Vivo Y51,5,28445.95,142229.75,Devendra Mathur,33,Delhi,UPI,1
3113,2024-03-14,14,3,2024,Thursday,Vivo,Vivo V20,6,27278.72,163672.32,Harish Kaur,19,Kolkata,UPI,4
3114,2024-03-14,14,3,2024,Thursday,Xiaomi,Redmi 9,5,64901.95,324509.75,Pankaj Varma,35,Delhi,UPI,3
3115,2024-03-14,14,3,2024,Thursday,OnePlus,OnePlus 8T,9,62066.92,558602.28,Anita Mathur,52,Madurai,Credit Card,1
3116,2024-03-14,14,3,2024,Thursday,OnePlus,OnePlus Nord,3,32208.88,96626.64,Priyanka Dutta,36,Mumbai,Debit Card,5
3117,2024-03-15,15,3,2024,Friday,Samsung,Galaxy S21,3,14269.32,42807.96,Priyanka Teja,30,Indore,UPI,5
3118,2024-03-15,15,3,2024,Friday,Samsung,Galaxy Note 20,7,63646.44,445525.08,Nikhil Menon,21,Delhi,UPI,1
3119,2024-03-15,15,3,2024,Friday,OnePlus,OnePlus 9,7,63291.4,443039.8,Kavita Teja,36,Delhi,Debit Card,1
3120,2024-03-15,15,3,2024,Friday,Apple,iPhone 12,6,61284.77,367708.62,Rohan Dutta,42,Gorakhpur,UPI,3
3121,2024-03-16,16,3,2024,Saturday,Vivo,Vivo S1,3,60704.9,182114.7,Namita Reddy,55,Mumbai,Debit Card,1
3122,2024-03-16,16,3,2024,Saturday,Apple,iPhone 11,7,38815.24,271706.68,Monika Nambiar,48,Delhi,UPI,3
3123,2024-03-16,16,3,2024,Saturday,Vivo,Vivo V20,5,20645.9,103229.5,Ravi Dutta,53,Bangalore,Debit Card,5
3124,2024-03-17,17,3,2024,Sunday,OnePlus,OnePlus Nord,7,38649.28,270544.95999999996,Anita Pillai,21,Mumbai,Cash,3
3125,2024-03-17,17,3,2024,Sunday,Samsung,Galaxy Note 20,2,39675.87,79351.74,Priya Thakur,56,Delhi,Credit Card,1
3126,2024-03-17,17,3,2024,Sunday,Samsung,Galaxy Note 20,6,39395.91,236375.46000000002,Harish Mishra,24,Jodhpur,UPI,2
3127,2024-03-18,18,3,2024,Monday,Apple,iPhone 12,8,42326.36,338610.88,Bhavana Luthra,33,Delhi,Debit Card,1
3128,2024-03-18,18,3,2024,Monday,Samsung,Galaxy S21,1,25459.42,25459.42,Monika Ahuja,22,Madurai,Cash,2
3129,2024-03-18,18,3,2024,Monday,OnePlus,OnePlus 9,4,31974.47,127897.88,Vijay Rawat,40,Delhi,Debit Card,5
3130,2024-03-19,19,3,2024,Tuesday,Apple,iPhone 12,1,36051.2,36051.2,Arun Gupta,53,Madurai,UPI,4
3131,2024-03-19,19,3,2024,Tuesday,Vivo,Vivo Y51,1,17867.27,17867.27,Radha Sheth,49,Delhi,UPI,5
3132,2024-03-19,19,3,2024,Tuesday,Samsung,Galaxy S21,8,37321.85,298574.8,Nikhil Arora,41,Kanpur,UPI,5
3133,2024-03-20,20,3,2024,Wednesday,Xiaomi,Redmi Note 10,7,58628.18,410397.26,Meena Prasad,42,Mumbai,UPI,5
3134,2024-03-20,20,3,2024,Wednesday,Samsung,Galaxy S21,1,59683.57,59683.57,Umesh Nair,45,Delhi,UPI,3
3135,2024-03-20,20,3,2024,Wednesday,Vivo,Vivo Y51,2,34693.83,69387.66,Harish Mehta,36,Hyderabad,Cash,5
3136,2024-03-21,21,3,2024,Thursday,Apple,iPhone SE,4,41128.5,164514.0,Sunita Singh,24,Delhi,Debit Card,4
3137,2024-03-21,21,3,2024,Thursday,Vivo,Vivo S1,1,12019.02,12019.02,Nikhil Luthra,58,Indore,Debit Card,1
3138,2024-03-21,21,3,2024,Thursday,Xiaomi,Mi 11,3,50465.95,151397.84999999998,Priyanka Patel,34,Vadodara,UPI,2
3139,2024-03-21,21,3,2024,Thursday,OnePlus,OnePlus Nord,8,34276.35,274210.8,Shruti Sharma,19,Mumbai,Debit Card,5
3140,2024-03-22,22,3,2024,Friday,Samsung,Galaxy Note 20,8,36728.66,293829.28,Priyanka Pillai,33,Delhi,Cash,2
3141,2024-03-22,22,3,2024,Friday,Apple,iPhone 12,8,62420.36,499362.88,Ravi Sharma,56,Mumbai,UPI,5
3142,2024-03-22,22,3,2024,Friday,OnePlus,OnePlus Nord,6,37710.07,226260.41999999998,Reena Dutta,35,Delhi,Credit Card,3
3143,2024-03-22,22,3,2024,Friday,Vivo,Vivo Y51,6,11271.53,67629.18000000001,Arun Deshmukh,56,Mumbai,Cash,2
3144,2024-03-23,23,3,2024,Saturday,Apple,iPhone 11,5,23649.45,118247.25,Harish Solanki,18,Mumbai,UPI,5
3145,2024-03-23,23,3,2024,Saturday,OnePlus,OnePlus 9,9,38537.24,346835.16,Harish Teja,20,Delhi,Debit Card,5
3146,2024-03-23,23,3,2024,Saturday,Apple,iPhone 11,4,35463.78,141855.12,Tapan Kulkarni,38,Rajkot,Cash,4
3147,2024-03-23,23,3,2024,Saturday,Xiaomi,Redmi 9,7,61622.21,431355.47,Rajesh Mathur,47,Chennai,UPI,4
3148,2024-03-24,24,3,2024,Sunday,Xiaomi,Redmi Note 10,1,42528.25,42528.25,Monika Rawat,28,Delhi,Debit Card,4
3149,2024-03-24,24,3,2024,Sunday,Samsung,Galaxy Note 20,9,51378.14,462403.26,Sunita Teja,39,Kanpur,Debit Card,3
3150,2024-03-24,24,3,2024,Sunday,Samsung,Galaxy S21,7,38159.4,267115.8,Monika Rathod,42,Mumbai,UPI,2
3151,2024-03-24,24,3,2024,Sunday,Xiaomi,Mi 11,9,36379.34,327414.05999999994,Lalita Ahuja,20,Delhi,Cash,3
3152,2024-03-25,25,3,2024,Monday,Apple,iPhone SE,7,36777.2,257440.39999999997,Yogesh Malhotra,47,Indore,UPI,1
3153,2024-03-25,25,3,2024,Monday,Xiaomi,Redmi 9,2,34655.29,69310.58,Aditya Jain,41,Delhi,UPI,5
3154,2024-03-25,25,3,2024,Monday,Samsung,Galaxy S21,6,42315.0,253890.0,Deepika Desai,53,Kanpur,UPI,5
3155,2024-03-26,26,3,2024,Tuesday,Xiaomi,Mi 11,4,25026.6,100106.4,Devendra Arora,40,Ranchi,UPI,5
3156,2024-03-26,26,3,2024,Tuesday,Xiaomi,Redmi Note 10,3,63463.31,190389.93,Devendra Rao,25,Mumbai,UPI,4
3157,2024-03-26,26,3,2024,Tuesday,Apple,iPhone 12,2,29985.13,59970.26,Arun Dutta,21,Kolkata,Debit Card,5
3158,2024-03-27,27,3,2024,Wednesday,OnePlus,OnePlus Nord,6,18851.43,113108.58,Bhavana Siddiqui,56,Mumbai,UPI,4
3159,2024-03-27,27,3,2024,Wednesday,Samsung,Galaxy S21,8,15793.03,126344.24,Aditya Patel,48,Delhi,Cash,1
3160,2024-03-27,27,3,2024,Wednesday,Apple,iPhone 11,6,10805.37,64832.22,Monika Rathod,46,Bhopal,Credit Card,3
3161,2024-03-28,28,3,2024,Thursday,Xiaomi,Redmi 9,9,35371.36,318342.24,Nikhil Bhatnagar,53,Gorakhpur,UPI,3
3162,2024-03-28,28,3,2024,Thursday,Xiaomi,Mi 11,5,21256.66,106283.3,Sneha Kaur,30,Gorakhpur,Cash,3
3163,2024-03-28,28,3,2024,Thursday,OnePlus,OnePlus 9,2,11298.87,22597.74,Umesh Dutta,58,Delhi,Credit Card,4
3164,2024-03-28,28,3,2024,Thursday,Samsung,Galaxy A51,8,41201.17,329609.36,Arun Iyer,26,Chennai,Cash,2
3165,2024-03-29,29,3,2024,Friday,Samsung,Galaxy Note 20,9,50798.71,457188.39,Anand Chatterjee,38,Chennai,Debit Card,2
3166,2024-03-29,29,3,2024,Friday,Vivo,Vivo Y51,4,15145.06,60580.24,Kiran Solanki,20,Delhi,Debit Card,1
3167,2024-03-29,29,3,2024,Friday,Samsung,Galaxy S21,6,37655.25,225931.5,Ramesh Chatterjee,42,Vadodara,Credit Card,2
3168,2024-03-29,29,3,2024,Friday,OnePlus,OnePlus 8T,8,54617.72,436941.76,Lalita Desai,42,Bangalore,Credit Card,1
3169,2024-03-30,30,3,2024,Saturday,Vivo,Vivo V20,9,69148.41,622335.6900000001,Kiran Malhotra,29,Delhi,Credit Card,5
3170,2024-03-30,30,3,2024,Saturday,Vivo,Vivo V20,5,50031.42,250157.09999999998,Bhavana Rawat,46,Jodhpur,Debit Card,3
3171,2024-03-30,30,3,2024,Saturday,Xiaomi,Redmi Note 10,6,24690.37,148142.22,Nikhil Bhattacharya,28,Mumbai,Debit Card,4
3172,2024-03-31,31,3,2024,Sunday,Xiaomi,Redmi Note 10,4,52993.22,211972.88,Pooja Sharma,28,Delhi,Cash,1
3173,2024-03-31,31,3,2024,Sunday,Samsung,Galaxy A51,5,45875.77,229378.84999999998,Manoj Jain,43,Delhi,Debit Card,4
3174,2024-03-31,31,3,2024,Sunday,Vivo,Vivo Y51,7,22707.96,158955.72,Aditya Nair,31,Vadodara,Credit Card,4
3175,2024-04-01,1,4,2024,Monday,Xiaomi,Mi 11,9,61066.65,549599.85,Jyoti Ghosh,33,Madurai,UPI,3
3176,2024-04-01,1,4,2024,Monday,OnePlus,OnePlus Nord,6,35644.27,213865.62,Namita Mehta,27,Kanpur,UPI,5
3177,2024-04-01,1,4,2024,Monday,Xiaomi,Redmi Note 10,6,67718.66,406311.96,Reena Deshmukh,48,Delhi,Credit Card,5
3178,2024-04-01,1,4,2024,Monday,Xiaomi,Redmi Note 10,8,53374.06,426992.48,Tanuja Dutta,48,Delhi,Debit Card,2
3179,2024-04-02,2,4,2024,Tuesday,Vivo,Vivo V20,4,48673.79,194695.16,Neeta Patel,53,Mumbai,Credit Card,5
3180,2024-04-02,2,4,2024,Tuesday,Vivo,Vivo V20,3,53701.17,161103.51,Mala Kulkarni,27,Vadodara,Debit Card,3
3181,2024-04-02,2,4,2024,Tuesday,Apple,iPhone SE,7,38685.82,270800.74,Vinod Dutta,43,Ludhiana,UPI,4
3182,2024-04-02,2,4,2024,Tuesday,OnePlus,OnePlus 8T,5,40313.59,201567.94999999998,Umesh Patel,37,Rajkot,Cash,1
3183,2024-04-03,3,4,2024,Wednesday,Vivo,Vivo V20,2,61072.44,122144.88,Pooja Menon,26,Gorakhpur,Debit Card,1
3184,2024-04-03,3,4,2024,Wednesday,Samsung,Galaxy S21,2,50855.71,101711.42,Sumit Goyal,32,Ranchi,Cash,5
3185,2024-04-03,3,4,2024,Wednesday,OnePlus,OnePlus 9,6,63834.6,383007.6,Nikhil Menon,26,Delhi,UPI,2
3186,2024-04-04,4,4,2024,Thursday,OnePlus,OnePlus 8T,8,63449.61,507596.88,Sumit Goyal,24,Coimbatore,Cash,1
3187,2024-04-04,4,4,2024,Thursday,Vivo,Vivo Y51,1,68589.4,68589.4,Aditya Alva,43,Delhi,Cash,2
3188,2024-04-04,4,4,2024,Thursday,OnePlus,OnePlus Nord,6,52012.88,312077.27999999997,Bhavana Malhotra,41,Coimbatore,Credit Card,1
3189,2024-04-05,5,4,2024,Friday,Vivo,Vivo Y51,2,40138.1,80276.2,Kavita Kapoor,29,Mumbai,Cash,2
3190,2024-04-05,5,4,2024,Friday,Xiaomi,Mi 11,2,19978.7,39957.4,Arun Kaur,37,Mumbai,UPI,2
3191,2024-04-05,5,4,2024,Friday,Apple,iPhone 12,7,52322.83,366259.81,Pooja Goyal,31,Bangalore,Debit Card,4
3192,2024-04-05,5,4,2024,Friday,Xiaomi,Mi 11,1,27494.66,27494.66,Anita Varma,39,Mumbai,Cash,3
3193,2024-04-06,6,4,2024,Saturday,Vivo,Vivo V20,6,26976.85,161861.09999999998,Shruti Thakur,33,Mumbai,Debit Card,1
3194,2024-04-06,6,4,2024,Saturday,Vivo,Vivo S1,7,24297.27,170080.89,Lalita Desai,46,Madurai,Credit Card,5
3195,2024-04-06,6,4,2024,Saturday,Xiaomi,Redmi Note 10,8,62507.32,500058.56,Sunil Kumar,49,Jodhpur,UPI,3
3196,2024-04-07,7,4,2024,Sunday,Samsung,Galaxy A51,7,62077.87,434545.09,Navin Mathur,36,Mumbai,UPI,4
3197,2024-04-07,7,4,2024,Sunday,Samsung,Galaxy Note 20,6,47858.23,287149.38,Ramesh Solanki,52,Mumbai,Debit Card,4
3198,2024-04-07,7,4,2024,Sunday,Samsung,Galaxy A51,9,38378.86,345409.74,Vivek Luthra,49,Hyderabad,UPI,4
3199,2024-04-08,8,4,2024,Monday,Vivo,Vivo V20,3,50326.87,150980.61000000002,Navin Pathak,37,Chennai,Credit Card,5
3200,2024-04-08,8,4,2024,Monday,OnePlus,OnePlus 8T,6,46433.77,278602.62,Rajesh Siddiqui,57,Ludhiana,Debit Card,1
3201,2024-04-08,8,4,2024,Monday,Vivo,Vivo Y51,4,34944.05,139776.2,Rajesh Kulkarni,37,Delhi,UPI,1
3202,2024-04-09,9,4,2024,Tuesday,OnePlus,OnePlus 9,2,32777.85,65555.7,Pankaj Jain,25,Delhi,Credit Card,2
3203,2024-04-09,9,4,2024,Tuesday,Xiaomi,Mi 11,1,32967.66,32967.66,Manoj Mehta,52,Delhi,Credit Card,2
3204,2024-04-09,9,4,2024,Tuesday,Apple,iPhone 12,1,45348.0,45348.0,Namita Roy,59,Indore,Cash,2
3205,2024-04-09,9,4,2024,Tuesday,OnePlus,OnePlus Nord,3,48860.16,146580.48,Sumit Nambiar,30,Delhi,UPI,5
3206,2024-04-10,10,4,2024,Wednesday,Samsung,Galaxy A51,4,37104.51,148418.04,Radha Pathak,58,Delhi,Debit Card,3
3207,2024-04-10,10,4,2024,Wednesday,Vivo,Vivo Y51,2,68121.49,136242.98,Krishna Jain,23,Delhi,Cash,1
3208,2024-04-10,10,4,2024,Wednesday,Xiaomi,Redmi Note 10,1,15030.74,15030.74,Sachin Sheth,33,Kolkata,Debit Card,2
3209,2024-04-10,10,4,2024,Wednesday,Samsung,Galaxy S21,4,30822.82,123291.28,Sumit Malhotra,22,Coimbatore,Cash,5
3210,2024-04-11,11,4,2024,Thursday,Xiaomi,Redmi 9,7,35144.48,246011.36000000002,Pankaj Sheth,51,Delhi,Credit Card,5
3211,2024-04-11,11,4,2024,Thursday,Apple,iPhone 12,6,11015.28,66091.68000000001,Deepika Desai,23,Kanpur,Cash,2
3212,2024-04-11,11,4,2024,Thursday,Vivo,Vivo Y51,6,31897.43,191384.58000000002,Lata Chatterjee,50,Rajkot,Cash,4
3213,2024-04-11,11,4,2024,Thursday,Vivo,Vivo Y51,9,26422.6,237803.4,Meena Menon,32,Lucknow,Cash,4
3214,2024-04-12,12,4,2024,Friday,Apple,iPhone SE,2,40362.18,80724.36,Prashant Verma,32,Delhi,UPI,4
3215,2024-04-12,12,4,2024,Friday,Vivo,Vivo V20,4,30184.63,120738.52,Harish Kaur,31,Kolkata,Cash,2
3216,2024-04-12,12,4,2024,Friday,OnePlus,OnePlus 8T,5,53570.93,267854.65,Nikhil Chaudhary,56,Chennai,Credit Card,5
3217,2024-04-12,12,4,2024,Friday,Xiaomi,Mi 11,1,40595.95,40595.95,Pankaj Roy,22,Indore,Debit Card,5
3218,2024-04-13,13,4,2024,Saturday,Samsung,Galaxy Note 20,8,17785.73,142285.84,Priyanka Jain,43,Mumbai,UPI,1
3219,2024-04-13,13,4,2024,Saturday,Apple,iPhone 12,8,55003.68,440029.44,Bina Das,34,Mumbai,Credit Card,4
3220,2024-04-13,13,4,2024,Saturday,OnePlus,OnePlus Nord,6,15953.73,95722.38,Aditya Rao,33,Indore,UPI,2
3221,2024-04-13,13,4,2024,Saturday,Samsung,Galaxy A51,5,60342.95,301714.75,Pooja Goyal,52,Mumbai,Debit Card,1
3222,2024-04-14,14,4,2024,Sunday,Samsung,Galaxy Note 20,8,65885.33,527082.64,Isha Singh,55,Delhi,Debit Card,5
3223,2024-04-14,14,4,2024,Sunday,Apple,iPhone SE,3,29346.72,88040.16,Tapan Ahuja,40,Gorakhpur,Debit Card,1
3224,2024-04-14,14,4,2024,Sunday,OnePlus,OnePlus 8T,3,65568.56,196705.68,Ramesh Sharma,30,Coimbatore,UPI,4
3225,2024-04-14,14,4,2024,Sunday,Samsung,Galaxy Note 20,2,57580.49,115160.98,Sunil Das,50,Coimbatore,UPI,3
3226,2024-04-15,15,4,2024,Monday,Samsung,Galaxy S21,5,65346.14,326730.7,Tanuja Malhotra,46,Bangalore,Debit Card,4
3227,2024-04-15,15,4,2024,Monday,OnePlus,OnePlus 8T,3,49976.21,149928.63,Lalita Shah,51,Rajkot,Debit Card,4
3228,2024-04-15,15,4,2024,Monday,Vivo,Vivo Y51,3,24138.64,72415.92,Pankaj Verma,51,Vadodara,Credit Card,2
3229,2024-04-15,15,4,2024,Monday,Samsung,Galaxy S21,6,63671.39,382028.33999999997,Mala Menon,44,Lucknow,Debit Card,3
3230,2024-04-16,16,4,2024,Tuesday,Xiaomi,Redmi Note 10,8,21055.9,168447.2,Priyanka Sharma,32,Bhopal,Cash,3
3231,2024-04-16,16,4,2024,Tuesday,OnePlus,OnePlus Nord,2,22783.63,45567.26,Deepika Gupta,26,Bhopal,UPI,3
3232,2024-04-16,16,4,2024,Tuesday,Samsung,Galaxy S21,4,26263.78,105055.12,Radha Mathur,43,Mumbai,Credit Card,5
3233,2024-04-17,17,4,2024,Wednesday,Apple,iPhone 11,7,28254.78,197783.46,Lalita Rathod,20,Madurai,UPI,1
3234,2024-04-17,17,4,2024,Wednesday,Xiaomi,Redmi Note 10,1,40868.78,40868.78,Prashant Mishra,53,Ludhiana,Debit Card,5
3235,2024-04-17,17,4,2024,Wednesday,Samsung,Galaxy S21,1,52807.44,52807.44,Ravi Teja,22,Mumbai,Cash,3
3236,2024-04-18,18,4,2024,Thursday,Xiaomi,Redmi 9,7,65572.49,459007.43000000005,Ravi Teja,37,Kolkata,Debit Card,2
3237,2024-04-18,18,4,2024,Thursday,Xiaomi,Redmi Note 10,7,15306.26,107143.82,Kavita Singh,37,Chennai,UPI,4
3238,2024-04-18,18,4,2024,Thursday,Vivo,Vivo Y51,1,67262.16,67262.16,Vinod Kulkarni,22,Bangalore,Credit Card,4
3239,2024-04-19,19,4,2024,Friday,Xiaomi,Mi 11,1,65279.38,65279.38,Ayesha Ahuja,27,Madurai,UPI,5
3240,2024-04-19,19,4,2024,Friday,Vivo,Vivo Y51,4,13239.96,52959.84,Jyoti Kumar,33,Hyderabad,Credit Card,5
3241,2024-04-19,19,4,2024,Friday,OnePlus,OnePlus 9,5,31619.27,158096.35,Manoj Dutta,42,Kanpur,Cash,2
3242,2024-04-20,20,4,2024,Saturday,Vivo,Vivo V20,5,58788.6,293943.0,Namita Gupta,42,Delhi,Debit Card,4
3243,2024-04-20,20,4,2024,Saturday,Apple,iPhone 11,4,46694.59,186778.36,Nikhil Solanki,47,Hyderabad,Debit Card,5
3244,2024-04-20,20,4,2024,Saturday,Samsung,Galaxy S21,8,56745.64,453965.12,Pooja Solanki,31,Chennai,Cash,1
3245,2024-04-21,21,4,2024,Sunday,OnePlus,OnePlus Nord,7,53142.0,371994.0,Sumit Sheth,39,Ludhiana,UPI,5
3246,2024-04-21,21,4,2024,Sunday,OnePlus,OnePlus Nord,9,39806.21,358255.89,Krishna Bhattacharya,45,Mumbai,Cash,5
3247,2024-04-21,21,4,2024,Sunday,Apple,iPhone SE,7,12473.08,87311.56,Ayesha Bhattacharya,47,Mumbai,Debit Card,3
3248,2024-04-22,22,4,2024,Monday,Vivo,Vivo S1,1,45056.09,45056.09,Vivek Mishra,36,Ludhiana,Credit Card,1
3249,2024-04-22,22,4,2024,Monday,Samsung,Galaxy Note 20,7,12914.0,90398.0,Priya Ahuja,55,Delhi,Debit Card,1
3250,2024-04-22,22,4,2024,Monday,Vivo,Vivo V20,1,46223.6,46223.6,Vijay Rao,59,Mumbai,UPI,2
3251,2024-04-23,23,4,2024,Tuesday,Xiaomi,Redmi 9,7,58024.65,406172.55,Priya Ahuja,37,Ranchi,Credit Card,3
3252,2024-04-23,23,4,2024,Tuesday,Vivo,Vivo Y51,8,45099.5,360796.0,Lata Rawat,52,Chennai,UPI,1
3253,2024-04-23,23,4,2024,Tuesday,OnePlus,OnePlus Nord,9,69821.31,628391.79,Prashant Verma,39,Gorakhpur,Debit Card,3
3254,2024-04-23,23,4,2024,Tuesday,Samsung,Galaxy S21,3,37351.99,112055.97,Sunil Kapoor,32,Kanpur,Debit Card,3
3255,2024-04-24,24,4,2024,Wednesday,Vivo,Vivo S1,4,54929.65,219718.6,Bhavana Varma,28,Coimbatore,Credit Card,4
3256,2024-04-24,24,4,2024,Wednesday,Samsung,Galaxy A51,4,50032.8,200131.2,Ramesh Nambiar,51,Mumbai,UPI,1
3257,2024-04-24,24,4,2024,Wednesday,Samsung,Galaxy A51,9,69485.9,625373.1,Gita Dutta,41,Delhi,Credit Card,4
3258,2024-04-24,24,4,2024,Wednesday,Xiaomi,Redmi 9,7,52793.14,369551.98,Isha Gupta,23,Bangalore,Credit Card,5
3259,2024-04-25,25,4,2024,Thursday,Xiaomi,Redmi Note 10,3,19841.84,59525.520000000004,Kiran Gupta,34,Delhi,UPI,5
3260,2024-04-25,25,4,2024,Thursday,OnePlus,OnePlus 8T,5,67331.06,336655.3,Manoj Siddiqui,45,Rajkot,Credit Card,4
3261,2024-04-25,25,4,2024,Thursday,Apple,iPhone SE,7,50066.63,350466.41,Mala Pathak,48,Mumbai,Cash,5
3262,2024-04-26,26,4,2024,Friday,Samsung,Galaxy Note 20,8,13560.29,108482.32,Mala Roy,53,Lucknow,Credit Card,4
3263,2024-04-26,26,4,2024,Friday,Apple,iPhone 12,1,49454.1,49454.1,Nikhil Menon,26,Gorakhpur,Debit Card,2
3264,2024-04-26,26,4,2024,Friday,OnePlus,OnePlus 9,2,62987.16,125974.32,Meena Mathur,27,Mumbai,UPI,3
3265,2024-04-27,27,4,2024,Saturday,Samsung,Galaxy A51,7,44622.51,312357.57,Kiran Singh,38,Patna,Debit Card,2
3266,2024-04-27,27,4,2024,Saturday,Samsung,Galaxy Note 20,2,31241.18,62482.36,Priyanka Menon,51,Madurai,Cash,1
3267,2024-04-27,27,4,2024,Saturday,Apple,iPhone SE,7,59254.58,414782.06,Nikhil Ahuja,48,Delhi,Cash,2
3268,2024-04-27,27,4,2024,Saturday,Vivo,Vivo V20,9,56950.72,512556.48,Ayesha Roy,46,Bangalore,Credit Card,2
3269,2024-04-28,28,4,2024,Sunday,Xiaomi,Redmi 9,2,42650.93,85301.86,Sunil Dutta,28,Lucknow,Debit Card,5
3270,2024-04-28,28,4,2024,Sunday,Vivo,Vivo S1,7,19261.71,134831.97,Priya Patel,50,Delhi,Credit Card,4
3271,2024-04-28,28,4,2024,Sunday,Apple,iPhone 11,4,25059.19,100236.76,Anita Malhotra,18,Bhopal,Credit Card,1
3272,2024-04-29,29,4,2024,Monday,Xiaomi,Redmi Note 10,2,54309.04,108618.08,Anita Joshi,38,Vadodara,Debit Card,5
3273,2024-04-29,29,4,2024,Monday,Vivo,Vivo S1,7,58364.93,408554.51,Sunil Dutta,40,Indore,Cash,1
3274,2024-04-29,29,4,2024,Monday,Xiaomi,Redmi 9,5,26755.92,133779.59999999998,Pankaj Pathak,26,Hyderabad,Cash,3
3275,2024-04-30,30,4,2024,Tuesday,Samsung,Galaxy A51,1,32079.1,32079.1,Manoj Jain,18,Coimbatore,Cash,4
3276,2024-04-30,30,4,2024,Tuesday,Vivo,Vivo Y51,5,14657.91,73289.55,Bhavana Rathod,38,Delhi,UPI,5
3277,2024-04-30,30,4,2024,Tuesday,Xiaomi,Redmi Note 10,3,52807.72,158423.16,Rajesh Mishra,39,Mumbai,UPI,2
3278,2024-04-30,30,4,2024,Tuesday,Xiaomi,Redmi 9,7,10214.65,71502.55,Namita Mehta,21,Delhi,Credit Card,3
3279,2024-05-01,1,5,2024,Wednesday,Xiaomi,Redmi 9,6,12792.49,76754.94,Neeta Mathur,18,Mumbai,UPI,2
3280,2024-05-01,1,5,2024,Wednesday,Vivo,Vivo S1,8,10260.64,82085.12,Rajesh Singh,27,Bangalore,UPI,1
3281,2024-05-01,1,5,2024,Wednesday,OnePlus,OnePlus 9,5,48719.18,243595.9,Sunita Das,32,Chennai,Debit Card,3
3282,2024-05-02,2,5,2024,Thursday,Vivo,Vivo Y51,2,35043.23,70086.46,Krishna Reddy,53,Mumbai,Credit Card,5
3283,2024-05-02,2,5,2024,Thursday,Apple,iPhone 11,9,27852.81,250675.29,Vijay Siddiqui,46,Delhi,Credit Card,2
3284,2024-05-02,2,5,2024,Thursday,Vivo,Vivo S1,8,64762.06,518096.48,Sunita Teja,22,Mumbai,Debit Card,2
3285,2024-05-02,2,5,2024,Thursday,Xiaomi,Redmi 9,6,21568.17,129409.01999999999,Devendra Thakur,46,Delhi,Cash,1
3286,2024-05-03,3,5,2024,Friday,Samsung,Galaxy Note 20,7,33362.08,233534.56,Namita Siddiqui,44,Chennai,Debit Card,1
3287,2024-05-03,3,5,2024,Friday,Vivo,Vivo Y51,9,66418.71,597768.39,Kiran Mishra,42,Bhopal,Cash,4
3288,2024-05-03,3,5,2024,Friday,Vivo,Vivo Y51,7,35626.39,249384.72999999998,Aditya Singh,33,Jodhpur,Credit Card,4
3289,2024-05-04,4,5,2024,Saturday,Xiaomi,Redmi 9,3,43281.62,129844.86000000002,Priyanka Joshi,33,Hyderabad,Credit Card,1
3290,2024-05-04,4,5,2024,Saturday,Samsung,Galaxy A51,6,14820.21,88921.26,Pankaj Singh,53,Delhi,UPI,4
3291,2024-05-04,4,5,2024,Saturday,Samsung,Galaxy Note 20,7,57409.98,401869.86000000004,Sunita Prasad,42,Rajkot,UPI,2
3292,2024-05-04,4,5,2024,Saturday,Apple,iPhone 11,2,35365.53,70731.06,Radha Solanki,58,Bhopal,Debit Card,1
3293,2024-05-05,5,5,2024,Sunday,Vivo,Vivo V20,3,58030.91,174092.73,Arun Shah,18,Indore,UPI,3
3294,2024-05-05,5,5,2024,Sunday,Samsung,Galaxy A51,4,25227.86,100911.44,Reena Bhatnagar,22,Mumbai,Credit Card,1
3295,2024-05-05,5,5,2024,Sunday,Samsung,Galaxy S21,6,35348.73,212092.38,Lata Chatterjee,58,Mumbai,Credit Card,5
3296,2024-05-05,5,5,2024,Sunday,OnePlus,OnePlus 8T,1,57192.94,57192.94,Rohan Sheth,37,Ranchi,Cash,5
3297,2024-05-06,6,5,2024,Monday,OnePlus,OnePlus Nord,9,68432.67,615894.03,Kiran Pathak,22,Mumbai,UPI,1
3298,2024-05-06,6,5,2024,Monday,Samsung,Galaxy A51,5,13577.53,67887.65000000001,Amit Pillai,53,Mumbai,Cash,3
3299,2024-05-06,6,5,2024,Monday,Apple,iPhone 12,7,58747.37,411231.59,Lalita Patel,46,Delhi,Credit Card,1
3300,2024-05-06,6,5,2024,Monday,Samsung,Galaxy S21,9,28041.34,252372.06,Sanjay Patel,51,Delhi,UPI,3
3301,2024-05-07,7,5,2024,Tuesday,Xiaomi,Redmi Note 10,9,43044.6,387401.39999999997,Pankaj Patel,35,Delhi,Cash,2
3302,2024-05-07,7,5,2024,Tuesday,Vivo,Vivo V20,1,27405.54,27405.54,Anjali Nambiar,19,Madurai,Credit Card,2
3303,2024-05-07,7,5,2024,Tuesday,Apple,iPhone SE,1,46806.73,46806.73,Monika Sharma,33,Gorakhpur,Cash,3
3304,2024-05-08,8,5,2024,Wednesday,Xiaomi,Mi 11,3,31228.17,93684.51,Meena Kaur,46,Kolkata,UPI,4
3305,2024-05-08,8,5,2024,Wednesday,Apple,iPhone 11,6,30016.89,180101.34,Sachin Rao,50,Jodhpur,Cash,2
3306,2024-05-08,8,5,2024,Wednesday,Xiaomi,Mi 11,2,12276.3,24552.6,Sanjay Jain,33,Delhi,Cash,5
3307,2024-05-08,8,5,2024,Wednesday,Vivo,Vivo V20,1,18817.62,18817.62,Vivek Sharma,52,Jodhpur,Credit Card,1
3308,2024-05-09,9,5,2024,Thursday,Vivo,Vivo Y51,1,65024.69,65024.69,Anjali Thakur,59,Kolkata,UPI,4
3309,2024-05-09,9,5,2024,Thursday,OnePlus,OnePlus 9,5,69896.65,349483.25,Bhavana Rawat,34,Delhi,Debit Card,5
3310,2024-05-09,9,5,2024,Thursday,Xiaomi,Redmi Note 10,4,56831.23,227324.92,Radha Sharma,21,Bangalore,Debit Card,1
3311,2024-05-10,10,5,2024,Friday,OnePlus,OnePlus 8T,1,27208.76,27208.76,Yogesh Bhattacharya,21,Mumbai,Cash,5
3312,2024-05-10,10,5,2024,Friday,Xiaomi,Mi 11,4,34146.71,136586.84,Tapan Siddiqui,42,Ludhiana,Credit Card,4
3313,2024-05-10,10,5,2024,Friday,OnePlus,OnePlus 8T,3,54370.21,163110.63,Manoj Ahuja,50,Mumbai,UPI,3
3314,2024-05-11,11,5,2024,Saturday,Vivo,Vivo S1,2,68110.81,136221.62,Namita Goyal,31,Mumbai,Credit Card,1
3315,2024-05-11,11,5,2024,Saturday,Apple,iPhone 12,9,37328.27,335954.43,Harish Prasad,41,Patna,UPI,5
3316,2024-05-11,11,5,2024,Saturday,OnePlus,OnePlus Nord,1,59771.34,59771.34,Pankaj Pathak,28,Vadodara,Credit Card,5
3317,2024-05-12,12,5,2024,Sunday,Xiaomi,Mi 11,7,68504.14,479528.98,Aditya Roy,42,Delhi,Debit Card,4
3318,2024-05-12,12,5,2024,Sunday,Xiaomi,Redmi 9,4,62408.39,249633.56,Vijay Varma,45,Delhi,Debit Card,4
3319,2024-05-12,12,5,2024,Sunday,Vivo,Vivo S1,5,23628.98,118144.9,Arun Mehta,24,Gorakhpur,Debit Card,4
3320,2024-05-13,13,5,2024,Monday,Xiaomi,Mi 11,5,10481.91,52409.55,Tapan Singh,53,Mumbai,Credit Card,3
3321,2024-05-13,13,5,2024,Monday,Samsung,Galaxy Note 20,1,39524.9,39524.9,Sumit Sheth,27,Kolkata,Credit Card,2
3322,2024-05-13,13,5,2024,Monday,Apple,iPhone 12,6,41881.65,251289.90000000002,Anita Luthra,53,Jodhpur,Cash,5
3323,2024-05-13,13,5,2024,Monday,OnePlus,OnePlus 9,9,22075.02,198675.18,Prashant Gupta,48,Kolkata,Debit Card,3
3324,2024-05-14,14,5,2024,Tuesday,Apple,iPhone SE,2,27080.46,54160.92,Amit Ahuja,36,Patna,Cash,5
3325,2024-05-14,14,5,2024,Tuesday,Vivo,Vivo Y51,7,55909.19,391364.33,Sanjay Mehta,35,Ranchi,Credit Card,3
3326,2024-05-14,14,5,2024,Tuesday,OnePlus,OnePlus 9,6,38220.84,229325.03999999998,Yogesh Rao,23,Indore,UPI,1
3327,2024-05-14,14,5,2024,Tuesday,OnePlus,OnePlus 9,5,29041.25,145206.25,Tanuja Mathur,45,Ranchi,Debit Card,2
3328,2024-05-15,15,5,2024,Wednesday,Samsung,Galaxy A51,4,47357.56,189430.24,Tapan Kumar,24,Jodhpur,Debit Card,5
3329,2024-05-15,15,5,2024,Wednesday,Vivo,Vivo S1,4,49165.59,196662.36,Pankaj Sheth,55,Kanpur,Debit Card,4
3330,2024-05-15,15,5,2024,Wednesday,Xiaomi,Redmi 9,6,56163.75,336982.5,Umesh Reddy,29,Mumbai,Debit Card,2
3331,2024-05-16,16,5,2024,Thursday,Samsung,Galaxy Note 20,4,19402.56,77610.24,Radha Kumar,58,Delhi,Debit Card,5
3332,2024-05-16,16,5,2024,Thursday,Samsung,Galaxy S21,5,54491.04,272455.2,Lata Rathod,51,Kanpur,Credit Card,1
3333,2024-05-16,16,5,2024,Thursday,Apple,iPhone 12,6,45965.7,275794.19999999995,Isha Dutta,42,Lucknow,Debit Card,5
3334,2024-05-17,17,5,2024,Friday,Apple,iPhone 12,5,13454.31,67271.55,Arun Mehta,34,Delhi,Debit Card,5
3335,2024-05-17,17,5,2024,Friday,Apple,iPhone SE,7,56646.74,396527.18,Manoj Kulkarni,50,Mumbai,Cash,5
3336,2024-05-17,17,5,2024,Friday,Samsung,Galaxy Note 20,9,32984.82,296863.38,Krishna Iyer,40,Bhopal,UPI,2
3337,2024-05-17,17,5,2024,Friday,Xiaomi,Redmi 9,7,29822.86,208760.02000000002,Sunil Reddy,26,Indore,Debit Card,5
3338,2024-05-18,18,5,2024,Saturday,OnePlus,OnePlus Nord,7,36884.51,258191.57,Neeta Mishra,23,Kolkata,Cash,4
3339,2024-05-18,18,5,2024,Saturday,Apple,iPhone 11,4,30770.5,123082.0,Radha Kumar,19,Bhopal,Credit Card,3
3340,2024-05-18,18,5,2024,Saturday,Xiaomi,Mi 11,1,30297.14,30297.14,Deepika Das,55,Mumbai,Cash,4
3341,2024-05-19,19,5,2024,Sunday,Vivo,Vivo S1,8,58484.66,467877.28,Radha Sharma,26,Delhi,Debit Card,1
3342,2024-05-19,19,5,2024,Sunday,Apple,iPhone 11,4,17470.32,69881.28,Harish Mishra,20,Mumbai,Cash,2
3343,2024-05-19,19,5,2024,Sunday,OnePlus,OnePlus Nord,1,68236.0,68236.0,Nikhil Kapoor,33,Rajkot,Cash,3
3344,2024-05-19,19,5,2024,Sunday,Vivo,Vivo V20,5,43295.9,216479.5,Navin Pathak,42,Delhi,Credit Card,2
3345,2024-05-20,20,5,2024,Monday,Vivo,Vivo Y51,8,20975.44,167803.52,Ayesha Sheth,41,Bangalore,Cash,2
3346,2024-05-20,20,5,2024,Monday,OnePlus,OnePlus 9,4,17872.93,71491.72,Tanuja Malhotra,46,Ludhiana,Credit Card,5
3347,2024-05-20,20,5,2024,Monday,Apple,iPhone 11,8,45490.57,363924.56,Radha Kapoor,57,Indore,Credit Card,4
3348,2024-05-21,21,5,2024,Tuesday,Samsung,Galaxy A51,8,47979.97,383839.76,Priyanka Patel,43,Rajkot,Cash,3
3349,2024-05-21,21,5,2024,Tuesday,OnePlus,OnePlus Nord,3,13181.55,39544.649999999994,Priyanka Dutta,55,Mumbai,Debit Card,5
3350,2024-05-21,21,5,2024,Tuesday,OnePlus,OnePlus Nord,9,24580.11,221220.99,Umesh Patel,52,Kolkata,UPI,3
3351,2024-05-22,22,5,2024,Wednesday,OnePlus,OnePlus Nord,3,57727.72,173183.16,Prashant Das,40,Ranchi,Cash,4
3352,2024-05-22,22,5,2024,Wednesday,Vivo,Vivo S1,1,12977.48,12977.48,Vinod Ahuja,21,Kolkata,Cash,5
3353,2024-05-22,22,5,2024,Wednesday,Xiaomi,Redmi 9,2,61305.32,122610.64,Anjali Nambiar,59,Mumbai,Cash,3
3354,2024-05-22,22,5,2024,Wednesday,Samsung,Galaxy Note 20,6,49489.75,296938.5,Radha Pathak,31,Chennai,UPI,5
3355,2024-05-23,23,5,2024,Thursday,Apple,iPhone 11,2,36065.4,72130.8,Ravi Reddy,56,Mumbai,UPI,2
3356,2024-05-23,23,5,2024,Thursday,Apple,iPhone 12,6,30785.97,184715.82,Ravi Jain,24,Ludhiana,Credit Card,1
3357,2024-05-23,23,5,2024,Thursday,Xiaomi,Mi 11,1,11154.94,11154.94,Lalita Ahuja,25,Vadodara,UPI,3
3358,2024-05-24,24,5,2024,Friday,OnePlus,OnePlus 8T,1,59512.9,59512.9,Priyanka Mishra,59,Kolkata,UPI,4
3359,2024-05-24,24,5,2024,Friday,Samsung,Galaxy S21,5,18563.31,92816.55,Vinod Srivastava,36,Lucknow,Cash,3
3360,2024-05-24,24,5,2024,Friday,Apple,iPhone 12,9,28572.52,257152.68,Anita Srivastava,19,Delhi,Credit Card,1
3361,2024-05-24,24,5,2024,Friday,Apple,iPhone SE,8,44146.42,353171.36,Neeta Ghosh,18,Coimbatore,Debit Card,3
3362,2024-05-25,25,5,2024,Saturday,OnePlus,OnePlus 9,3,24759.56,74278.68000000001,Gita Bhattacharya,59,Chennai,Credit Card,3
3363,2024-05-25,25,5,2024,Saturday,Xiaomi,Redmi Note 10,3,39828.43,119485.29000000001,Nikhil Bhattacharya,55,Delhi,UPI,3
3364,2024-05-25,25,5,2024,Saturday,Samsung,Galaxy Note 20,1,58560.57,58560.57,Umesh Dutta,30,Kanpur,UPI,4
3365,2024-05-26,26,5,2024,Sunday,Xiaomi,Redmi 9,3,38232.28,114696.84,Jyoti Menon,59,Delhi,Cash,1
3366,2024-05-26,26,5,2024,Sunday,Xiaomi,Redmi Note 10,1,66938.64,66938.64,Jyoti Mishra,41,Rajkot,Debit Card,1
3367,2024-05-26,26,5,2024,Sunday,Samsung,Galaxy A51,8,60850.04,486800.32,Krishna Iyer,49,Mumbai,Debit Card,4
3368,2024-05-27,27,5,2024,Monday,Samsung,Galaxy A51,1,29982.35,29982.35,Tanuja Srivastava,47,Rajkot,Debit Card,3
3369,2024-05-27,27,5,2024,Monday,Apple,iPhone 12,5,33997.73,169988.65000000002,Tapan Rawat,23,Bhopal,UPI,3
3370,2024-05-27,27,5,2024,Monday,Apple,iPhone 12,9,35399.6,318596.39999999997,Aditya Sheth,55,Madurai,UPI,1
3371,2024-05-28,28,5,2024,Tuesday,Samsung,Galaxy S21,7,47570.77,332995.38999999996,Yogesh Mishra,50,Chennai,Credit Card,3
3372,2024-05-28,28,5,2024,Tuesday,Vivo,Vivo V20,4,27207.74,108830.96,Vivek Nair,40,Madurai,UPI,2
3373,2024-05-28,28,5,2024,Tuesday,Apple,iPhone SE,9,68154.95,613394.5499999999,Namita Siddiqui,27,Delhi,Debit Card,3
3374,2024-05-28,28,5,2024,Tuesday,Vivo,Vivo Y51,9,46521.05,418689.45,Isha Sheth,32,Mumbai,Debit Card,3
3375,2024-05-29,29,5,2024,Wednesday,Samsung,Galaxy A51,2,33964.1,67928.2,Prashant Nair,40,Patna,Debit Card,5
3376,2024-05-29,29,5,2024,Wednesday,Apple,iPhone SE,6,48700.59,292203.54,Vivek Mehta,53,Hyderabad,Cash,1
3377,2024-05-29,29,5,2024,Wednesday,Xiaomi,Redmi 9,4,33724.3,134897.2,Reena Chatterjee,18,Bhopal,Credit Card,1
3378,2024-05-30,30,5,2024,Thursday,Samsung,Galaxy S21,8,59067.74,472541.92,Deepika Gupta,25,Delhi,Credit Card,2
3379,2024-05-30,30,5,2024,Thursday,OnePlus,OnePlus 9,7,44070.46,308493.22,Rohan Roy,20,Coimbatore,UPI,2
3380,2024-05-30,30,5,2024,Thursday,Vivo,Vivo Y51,7,12518.23,87627.61,Aditya Iyer,31,Bhopal,Cash,2
3381,2024-05-31,31,5,2024,Friday,Samsung,Galaxy Note 20,9,20605.41,185448.69,Priya Teja,34,Delhi,Credit Card,1
3382,2024-05-31,31,5,2024,Friday,Samsung,Galaxy Note 20,5,61899.64,309498.2,Pooja Srivastava,51,Chennai,Cash,5
3383,2024-05-31,31,5,2024,Friday,Apple,iPhone SE,6,43773.99,262643.94,Priyanka Chatterjee,23,Madurai,Cash,5
3384,2024-06-01,1,6,2024,Saturday,Apple,iPhone 11,1,67020.61,67020.61,Mala Srivastava,22,Mumbai,UPI,4
3385,2024-06-01,1,6,2024,Saturday,Apple,iPhone SE,6,14345.34,86072.04000000001,Radha Gupta,58,Gorakhpur,Cash,1
3386,2024-06-01,1,6,2024,Saturday,OnePlus,OnePlus 9,2,27715.64,55431.28,Priya Reddy,57,Bhopal,Credit Card,4
3387,2024-06-02,2,6,2024,Sunday,Apple,iPhone SE,6,21612.6,129675.59999999999,Ayesha Rathod,46,Mumbai,UPI,3
3388,2024-06-02,2,6,2024,Sunday,Samsung,Galaxy S21,9,43230.42,389073.77999999997,Nikhil Varma,52,Ludhiana,Credit Card,2
3389,2024-06-02,2,6,2024,Sunday,Apple,iPhone 12,8,32967.57,263740.56,Vivek Rawat,35,Lucknow,Cash,4
3390,2024-06-02,2,6,2024,Sunday,Xiaomi,Mi 11,9,19436.41,174927.69,Ravi Prasad,57,Delhi,Cash,4
3391,2024-06-03,3,6,2024,Monday,Apple,iPhone 12,8,48565.11,388520.88,Neeta Sharma,47,Patna,Debit Card,5
3392,2024-06-03,3,6,2024,Monday,OnePlus,OnePlus 8T,3,42177.9,126533.70000000001,Sachin Shah,32,Vadodara,UPI,2
3393,2024-06-03,3,6,2024,Monday,Xiaomi,Mi 11,8,26484.18,211873.44,Sanjay Jain,32,Delhi,UPI,2
3394,2024-06-03,3,6,2024,Monday,Samsung,Galaxy Note 20,6,38786.28,232717.68,Vivek Mathur,33,Mumbai,Debit Card,5
3395,2024-06-04,4,6,2024,Tuesday,Samsung,Galaxy A51,6,54744.3,328465.80000000005,Kavita Rawat,50,Delhi,Credit Card,4
3396,2024-06-04,4,6,2024,Tuesday,Vivo,Vivo Y51,6,22316.3,133897.8,Bina Kumar,27,Bhopal,Credit Card,5
3397,2024-06-04,4,6,2024,Tuesday,Xiaomi,Mi 11,3,27574.34,82723.02,Amit Sheth,36,Indore,Cash,4
3398,2024-06-05,5,6,2024,Wednesday,Vivo,Vivo V20,1,30766.66,30766.66,Sachin Ghosh,54,Delhi,UPI,5
3399,2024-06-05,5,6,2024,Wednesday,Xiaomi,Redmi 9,4,54803.59,219214.36,Monika Rawat,20,Mumbai,Cash,5
3400,2024-06-05,5,6,2024,Wednesday,Xiaomi,Mi 11,6,60815.36,364892.16000000003,Lalita Bhatnagar,53,Mumbai,Debit Card,3
3401,2024-06-05,5,6,2024,Wednesday,OnePlus,OnePlus 8T,2,32583.31,65166.62,Namita Kumar,21,Rajkot,Cash,4
3402,2024-06-06,6,6,2024,Thursday,Vivo,Vivo Y51,7,27797.25,194580.75,Kavita Bhattacharya,28,Delhi,Credit Card,4
3403,2024-06-06,6,6,2024,Thursday,OnePlus,OnePlus 9,7,63366.81,443567.67,Mala Menon,58,Lucknow,Credit Card,2
3404,2024-06-06,6,6,2024,Thursday,Xiaomi,Redmi Note 10,4,69961.9,279847.6,Devendra Arora,50,Kolkata,Debit Card,2
3405,2024-06-07,7,6,2024,Friday,Samsung,Galaxy S21,4,50221.22,200884.88,Vijay Shah,45,Rajkot,Credit Card,5
3406,2024-06-07,7,6,2024,Friday,Xiaomi,Mi 11,1,69398.84,69398.84,Prashant Nair,49,Bangalore,Debit Card,3
3407,2024-06-07,7,6,2024,Friday,OnePlus,OnePlus 8T,2,49597.98,99195.96,Sunil Varma,33,Delhi,UPI,5
3408,2024-06-08,8,6,2024,Saturday,Vivo,Vivo Y51,9,54007.62,486068.58,Nikhil Pathak,26,Chennai,Debit Card,4
3409,2024-06-08,8,6,2024,Saturday,Vivo,Vivo Y51,8,33319.36,266554.88,Gita Iyer,28,Ludhiana,Debit Card,5
3410,2024-06-08,8,6,2024,Saturday,OnePlus,OnePlus 8T,8,35978.05,287824.4,Jyoti Srivastava,23,Madurai,Debit Card,3
3411,2024-06-09,9,6,2024,Sunday,Vivo,Vivo V20,9,18648.14,167833.26,Shruti Bhatnagar,44,Kanpur,Credit Card,2
3412,2024-06-09,9,6,2024,Sunday,Apple,iPhone 11,7,59365.0,415555.0,Kiran Malhotra,29,Chennai,UPI,3
3413,2024-06-09,9,6,2024,Sunday,Samsung,Galaxy A51,9,65863.54,592771.86,Isha Reddy,39,Mumbai,Cash,5
3414,2024-06-09,9,6,2024,Sunday,Samsung,Galaxy Note 20,2,47406.29,94812.58,Isha Sheth,57,Jodhpur,UPI,5
3415,2024-06-10,10,6,2024,Monday,Samsung,Galaxy S21,6,30618.84,183713.04,Meena Desai,54,Indore,Credit Card,2
3416,2024-06-10,10,6,2024,Monday,Vivo,Vivo Y51,3,19240.98,57722.94,Lalita Rathod,38,Hyderabad,UPI,2
3417,2024-06-10,10,6,2024,Monday,Vivo,Vivo S1,6,25909.37,155456.22,Sanjay Thakur,50,Patna,UPI,5
3418,2024-06-10,10,6,2024,Monday,Xiaomi,Mi 11,3,25324.63,75973.89,Manoj Goyal,34,Mumbai,Debit Card,2
3419,2024-06-11,11,6,2024,Tuesday,Xiaomi,Redmi 9,8,46811.67,374493.36,Anita Deshmukh,46,Lucknow,Debit Card,5
3420,2024-06-11,11,6,2024,Tuesday,Samsung,Galaxy A51,4,66702.25,266809.0,Anand Nair,57,Indore,Credit Card,2
3421,2024-06-11,11,6,2024,Tuesday,Apple,iPhone 12,6,12896.31,77377.86,Sumit Goyal,27,Delhi,Debit Card,4
3422,2024-06-11,11,6,2024,Tuesday,Xiaomi,Redmi 9,9,10061.34,90552.06,Anjali Srivastava,35,Delhi,Credit Card,3
3423,2024-06-12,12,6,2024,Wednesday,Xiaomi,Mi 11,2,46010.92,92021.84,Prashant Jain,30,Mumbai,Cash,5
3424,2024-06-12,12,6,2024,Wednesday,Vivo,Vivo S1,2,27043.63,54087.26,Kavita Rawat,44,Bangalore,UPI,5
3425,2024-06-12,12,6,2024,Wednesday,Apple,iPhone 11,7,62832.9,439830.3,Anita Sharma,27,Vadodara,Cash,5
3426,2024-06-12,12,6,2024,Wednesday,Samsung,Galaxy Note 20,2,29635.02,59270.04,Jyoti Ghosh,49,Ludhiana,Cash,4
3427,2024-06-13,13,6,2024,Thursday,Xiaomi,Mi 11,2,27384.26,54768.52,Yogesh Menon,58,Patna,UPI,2
3428,2024-06-13,13,6,2024,Thursday,Apple,iPhone 11,4,26170.64,104682.56,Neeta Arora,20,Gorakhpur,Debit Card,2
3429,2024-06-13,13,6,2024,Thursday,Apple,iPhone 12,9,18691.17,168220.52999999997,Isha Thakur,39,Gorakhpur,Cash,5
3430,2024-06-13,13,6,2024,Thursday,Samsung,Galaxy Note 20,8,44891.83,359134.64,Navin Pathak,44,Bangalore,UPI,2
3431,2024-06-14,14,6,2024,Friday,Apple,iPhone 12,2,20092.82,40185.64,Sanjay Das,20,Ludhiana,Cash,2
3432,2024-06-14,14,6,2024,Friday,Apple,iPhone SE,8,35477.87,283822.96,Kavita Goyal,50,Jodhpur,Cash,4
3433,2024-06-14,14,6,2024,Friday,Apple,iPhone 11,4,37658.32,150633.28,Shruti Pathak,19,Mumbai,UPI,5
3434,2024-06-14,14,6,2024,Friday,Xiaomi,Redmi 9,2,11229.52,22459.04,Kavita Kaur,28,Lucknow,Debit Card,3
3435,2024-06-15,15,6,2024,Saturday,Samsung,Galaxy S21,7,11008.44,77059.08,Rajesh Singh,27,Jodhpur,Credit Card,5
3436,2024-06-15,15,6,2024,Saturday,Apple,iPhone 11,6,41212.76,247276.56,Devendra Singh,56,Kanpur,UPI,5
3437,2024-06-15,15,6,2024,Saturday,Apple,iPhone 11,5,51762.08,258810.40000000002,Sneha Yadav,50,Mumbai,Credit Card,3
3438,2024-06-15,15,6,2024,Saturday,Xiaomi,Redmi Note 10,1,66528.55,66528.55,Mala Das,24,Vadodara,UPI,5
3439,2024-06-16,16,6,2024,Sunday,Samsung,Galaxy A51,2,20747.16,41494.32,Bina Teja,32,Delhi,UPI,5
3440,2024-06-16,16,6,2024,Sunday,Vivo,Vivo V20,8,16195.53,129564.24,Pankaj Mehta,43,Bhopal,Credit Card,4
3441,2024-06-16,16,6,2024,Sunday,Xiaomi,Redmi 9,1,13125.27,13125.27,Lata Dutta,28,Chennai,Credit Card,4
3442,2024-06-16,16,6,2024,Sunday,Samsung,Galaxy A51,3,36162.49,108487.47,Neeta Solanki,55,Bangalore,Debit Card,4
3443,2024-06-17,17,6,2024,Monday,Apple,iPhone SE,2,47388.84,94777.68,Lata Shah,44,Kanpur,UPI,5
3444,2024-06-17,17,6,2024,Monday,Samsung,Galaxy Note 20,5,60433.2,302166.0,Radha Rao,56,Chennai,UPI,5
3445,2024-06-17,17,6,2024,Monday,Samsung,Galaxy S21,4,50958.69,203834.76,Manoj Shah,24,Gorakhpur,UPI,2
3446,2024-06-17,17,6,2024,Monday,Samsung,Galaxy Note 20,7,22501.65,157511.55000000002,Rajesh Yadav,18,Madurai,Debit Card,2
3447,2024-06-18,18,6,2024,Tuesday,Vivo,Vivo V20,5,37706.22,188531.1,Nikhil Jain,27,Madurai,Credit Card,4
3448,2024-06-18,18,6,2024,Tuesday,Samsung,Galaxy A51,8,64620.78,516966.24,Isha Menon,38,Mumbai,UPI,5
3449,2024-06-18,18,6,2024,Tuesday,Vivo,Vivo Y51,4,29604.46,118417.84,Pankaj Bhattacharya,32,Gorakhpur,Credit Card,2
3450,2024-06-19,19,6,2024,Wednesday,Apple,iPhone 11,6,39923.82,239542.91999999998,Mala Roy,47,Delhi,Debit Card,5
3451,2024-06-19,19,6,2024,Wednesday,Vivo,Vivo Y51,4,67513.92,270055.68,Monika Ahuja,47,Delhi,Cash,5
3452,2024-06-19,19,6,2024,Wednesday,Apple,iPhone SE,2,54082.48,108164.96,Neeta Solanki,25,Delhi,Credit Card,4
3453,2024-06-19,19,6,2024,Wednesday,Apple,iPhone 12,1,54864.42,54864.42,Anjali Varma,41,Ludhiana,Debit Card,3
3454,2024-06-20,20,6,2024,Thursday,Vivo,Vivo S1,1,25140.04,25140.04,Gita Roy,36,Bhopal,Cash,4
3455,2024-06-20,20,6,2024,Thursday,Xiaomi,Mi 11,8,34881.89,279055.12,Sumit Malhotra,20,Bangalore,UPI,3
3456,2024-06-20,20,6,2024,Thursday,OnePlus,OnePlus 8T,4,14940.53,59762.12,Vivek Mehta,32,Delhi,UPI,2
3457,2024-06-20,20,6,2024,Thursday,Samsung,Galaxy A51,5,46391.55,231957.75,Bhavana Bhatnagar,53,Mumbai,Credit Card,3
3458,2024-06-21,21,6,2024,Friday,OnePlus,OnePlus 8T,8,16223.81,129790.48,Devendra Rao,23,Ranchi,Cash,5
3459,2024-06-21,21,6,2024,Friday,Samsung,Galaxy Note 20,7,60154.57,421081.99,Pankaj Sheth,59,Ranchi,Debit Card,3
3460,2024-06-21,21,6,2024,Friday,Samsung,Galaxy S21,8,58873.23,470985.84,Tanuja Teja,35,Delhi,UPI,2
3461,2024-06-21,21,6,2024,Friday,Apple,iPhone 12,8,42016.31,336130.48,Sunita Verma,55,Ranchi,UPI,2
3462,2024-06-22,22,6,2024,Saturday,Samsung,Galaxy S21,6,18469.96,110819.76,Sunita Mehta,36,Mumbai,Cash,4
3463,2024-06-22,22,6,2024,Saturday,Samsung,Galaxy S21,2,11534.74,23069.48,Anjali Gupta,47,Bangalore,Debit Card,2
3464,2024-06-22,22,6,2024,Saturday,Vivo,Vivo V20,6,57802.52,346815.12,Sumit Goyal,30,Delhi,UPI,5
3465,2024-06-22,22,6,2024,Saturday,OnePlus,OnePlus 9,1,46008.43,46008.43,Rohan Roy,56,Lucknow,UPI,3
3466,2024-06-23,23,6,2024,Sunday,Vivo,Vivo Y51,1,52655.78,52655.78,Yogesh Pathak,29,Mumbai,Credit Card,5
3467,2024-06-23,23,6,2024,Sunday,Samsung,Galaxy Note 20,3,28228.43,84685.29000000001,Pankaj Sheth,51,Mumbai,Debit Card,2
3468,2024-06-23,23,6,2024,Sunday,Apple,iPhone 12,3,40568.96,121706.88,Kavita Teja,29,Lucknow,UPI,3
3469,2024-06-23,23,6,2024,Sunday,Vivo,Vivo S1,5,54830.45,274152.25,Krishna Patel,41,Delhi,Cash,4
3470,2024-06-24,24,6,2024,Monday,Vivo,Vivo V20,1,37753.8,37753.8,Sunita Mathur,21,Coimbatore,UPI,5
3471,2024-06-24,24,6,2024,Monday,Xiaomi,Mi 11,6,46083.05,276498.30000000005,Lata Dutta,53,Vadodara,Debit Card,4
3472,2024-06-24,24,6,2024,Monday,Samsung,Galaxy A51,7,57383.7,401685.89999999997,Ramesh Mishra,31,Mumbai,Credit Card,5
3473,2024-06-24,24,6,2024,Monday,Apple,iPhone SE,3,22913.24,68739.72,Krishna Rao,34,Kanpur,UPI,4
3474,2024-06-25,25,6,2024,Tuesday,Vivo,Vivo S1,4,13955.73,55822.92,Sunita Luthra,20,Kanpur,Cash,3
3475,2024-06-25,25,6,2024,Tuesday,Vivo,Vivo Y51,3,41909.41,125728.23000000001,Bhavana Mehta,55,Coimbatore,UPI,5
3476,2024-06-25,25,6,2024,Tuesday,Apple,iPhone SE,1,13727.55,13727.55,Lata Joshi,40,Coimbatore,Cash,4
3477,2024-06-25,25,6,2024,Tuesday,Samsung,Galaxy Note 20,8,55993.44,447947.52,Anjali Kulkarni,30,Mumbai,Debit Card,4
3478,2024-06-26,26,6,2024,Wednesday,Xiaomi,Mi 11,2,53152.69,106305.38,Rajesh Kapoor,26,Delhi,Credit Card,5
3479,2024-06-26,26,6,2024,Wednesday,Vivo,Vivo V20,1,62902.76,62902.76,Nikhil Patel,38,Indore,Debit Card,3
3480,2024-06-26,26,6,2024,Wednesday,Xiaomi,Mi 11,8,48373.73,386989.84,Amit Ghosh,58,Delhi,UPI,4
3481,2024-06-26,26,6,2024,Wednesday,OnePlus,OnePlus Nord,7,14031.85,98222.95,Kiran Chaudhary,25,Delhi,UPI,3
3482,2024-06-27,27,6,2024,Thursday,Samsung,Galaxy Note 20,7,25189.13,176323.91,Anand Joshi,34,Gorakhpur,Credit Card,2
3483,2024-06-27,27,6,2024,Thursday,OnePlus,OnePlus 8T,4,58475.91,233903.64,Nikhil Menon,33,Mumbai,Cash,5
3484,2024-06-27,27,6,2024,Thursday,OnePlus,OnePlus 9,9,20027.95,180251.55000000002,Tapan Mishra,33,Rajkot,Debit Card,5
3485,2024-06-27,27,6,2024,Thursday,OnePlus,OnePlus 9,6,51908.83,311452.98,Vivek Shah,45,Mumbai,Cash,5
3486,2024-06-28,28,6,2024,Friday,Samsung,Galaxy Note 20,2,56815.56,113631.12,Priyanka Sharma,33,Kolkata,UPI,3
3487,2024-06-28,28,6,2024,Friday,Samsung,Galaxy Note 20,1,29806.71,29806.71,Shruti Mehta,31,Patna,Cash,4
3488,2024-06-28,28,6,2024,Friday,Apple,iPhone 11,1,29337.85,29337.85,Sneha Mehta,55,Hyderabad,Debit Card,4
3489,2024-06-28,28,6,2024,Friday,Xiaomi,Redmi Note 10,9,43468.16,391213.44000000006,Rohan Kapoor,37,Rajkot,Cash,3
3490,2024-06-29,29,6,2024,Saturday,Xiaomi,Redmi Note 10,4,61677.18,246708.72,Umesh Goyal,58,Mumbai,UPI,3
3491,2024-06-29,29,6,2024,Saturday,Apple,iPhone SE,5,23434.37,117171.84999999999,Gita Rathod,51,Mumbai,Debit Card,2
3492,2024-06-29,29,6,2024,Saturday,Apple,iPhone SE,3,66475.49,199426.47000000003,Deepika Patel,46,Delhi,Cash,5
3493,2024-06-29,29,6,2024,Saturday,OnePlus,OnePlus Nord,4,45947.12,183788.48,Devendra Yadav,20,Ranchi,Cash,5
3494,2024-06-30,30,6,2024,Sunday,Apple,iPhone SE,8,69527.59,556220.72,Sunita Luthra,27,Mumbai,Debit Card,5
3495,2024-06-30,30,6,2024,Sunday,Vivo,Vivo V20,4,15376.82,61507.28,Anita Kulkarni,37,Patna,UPI,4
3496,2024-06-30,30,6,2024,Sunday,Xiaomi,Redmi Note 10,9,17593.73,158343.57,Sanjay Ghosh,19,Delhi,Debit Card,5
3497,2024-07-01,1,7,2024,Monday,Apple,iPhone 11,9,59598.51,536386.59,Neeta Arora,44,Gorakhpur,UPI,4
3498,2024-07-01,1,7,2024,Monday,Vivo,Vivo S1,6,61885.35,371312.1,Isha Gupta,49,Delhi,Cash,4
3499,2024-07-01,1,7,2024,Monday,Vivo,Vivo Y51,2,36727.52,73455.04,Rohan Dutta,27,Hyderabad,Debit Card,2
3500,2024-07-02,2,7,2024,Tuesday,Vivo,Vivo Y51,7,52844.27,369909.88999999996,Umesh Reddy,57,Ludhiana,UPI,3
3501,2024-07-02,2,7,2024,Tuesday,Vivo,Vivo V20,9,62053.44,558480.96,Isha Desai,34,Delhi,Debit Card,3
3502,2024-07-02,2,7,2024,Tuesday,OnePlus,OnePlus 8T,6,12587.67,75526.02,Priyanka Verma,50,Delhi,Cash,3
3503,2024-07-02,2,7,2024,Tuesday,Vivo,Vivo Y51,3,44437.03,133311.09,Monika Mehta,23,Hyderabad,Debit Card,5
3504,2024-07-03,3,7,2024,Wednesday,OnePlus,OnePlus 9,7,61208.84,428461.88,Reena Das,56,Mumbai,Cash,3
3505,2024-07-03,3,7,2024,Wednesday,OnePlus,OnePlus 9,5,33889.3,169446.5,Krishna Patel,35,Bangalore,Cash,5
3506,2024-07-03,3,7,2024,Wednesday,Vivo,Vivo V20,1,28143.02,28143.02,Rohan Sheth,26,Delhi,Cash,5
3507,2024-07-03,3,7,2024,Wednesday,Xiaomi,Redmi Note 10,3,57742.4,173227.2,Navin Kaur,25,Coimbatore,UPI,5
3508,2024-07-04,4,7,2024,Thursday,Vivo,Vivo S1,5,30147.2,150736.0,Arun Teja,42,Rajkot,UPI,4
3509,2024-07-04,4,7,2024,Thursday,Vivo,Vivo S1,7,10190.46,71333.22,Sachin Kaur,48,Indore,Credit Card,2
3510,2024-07-04,4,7,2024,Thursday,Vivo,Vivo S1,3,67574.36,202723.08000000002,Rohan Patel,59,Ludhiana,UPI,2
3511,2024-07-05,5,7,2024,Friday,Xiaomi,Mi 11,6,45527.39,273164.33999999997,Pooja Arora,21,Chennai,Credit Card,4
3512,2024-07-05,5,7,2024,Friday,Samsung,Galaxy A51,5,59171.08,295855.4,Lata Shah,37,Rajkot,Debit Card,5
3513,2024-07-05,5,7,2024,Friday,Samsung,Galaxy S21,1,59518.09,59518.09,Nikhil Luthra,45,Kanpur,Cash,2
3514,2024-07-05,5,7,2024,Friday,OnePlus,OnePlus Nord,6,13984.63,83907.78,Rajesh Siddiqui,57,Indore,UPI,4
3515,2024-07-06,6,7,2024,Saturday,OnePlus,OnePlus 9,8,20251.61,162012.88,Rajesh Nambiar,18,Hyderabad,Cash,2
3516,2024-07-06,6,7,2024,Saturday,Xiaomi,Redmi 9,1,28667.24,28667.24,Anita Mehta,57,Bhopal,Credit Card,5
3517,2024-07-06,6,7,2024,Saturday,Apple,iPhone SE,2,29241.96,58483.92,Jyoti Jain,40,Delhi,UPI,2
3518,2024-07-07,7,7,2024,Sunday,Samsung,Galaxy S21,4,49527.17,198108.68,Vijay Rao,30,Delhi,UPI,5
3519,2024-07-07,7,7,2024,Sunday,OnePlus,OnePlus 9,2,47387.98,94775.96,Ravi Siddiqui,33,Delhi,UPI,5
3520,2024-07-07,7,7,2024,Sunday,Samsung,Galaxy Note 20,9,39675.39,357078.51,Vivek Sheth,43,Ranchi,UPI,2
3521,2024-07-08,8,7,2024,Monday,Xiaomi,Mi 11,8,22675.82,181406.56,Manoj Luthra,48,Kolkata,Cash,2
3522,2024-07-08,8,7,2024,Monday,Xiaomi,Mi 11,8,32919.01,263352.08,Vivek Prasad,18,Hyderabad,UPI,5
3523,2024-07-08,8,7,2024,Monday,Apple,iPhone SE,4,42615.64,170462.56,Bina Das,34,Madurai,Credit Card,2
3524,2024-07-09,9,7,2024,Tuesday,Apple,iPhone SE,5,38079.12,190395.6,Bina Roy,33,Delhi,UPI,5
3525,2024-07-09,9,7,2024,Tuesday,Xiaomi,Redmi Note 10,4,17637.55,70550.2,Prashant Arora,54,Mumbai,Credit Card,3
3526,2024-07-09,9,7,2024,Tuesday,OnePlus,OnePlus 9,9,48970.63,440735.67,Gita Rao,27,Madurai,Credit Card,3
3527,2024-07-10,10,7,2024,Wednesday,Samsung,Galaxy Note 20,2,14383.11,28766.22,Anita Kumar,55,Mumbai,Cash,4
3528,2024-07-10,10,7,2024,Wednesday,Vivo,Vivo V20,8,32691.68,261533.44,Sneha Patel,48,Delhi,UPI,3
3529,2024-07-10,10,7,2024,Wednesday,Apple,iPhone SE,2,52601.76,105203.52,Reena Arora,27,Bhopal,Credit Card,5
3530,2024-07-11,11,7,2024,Thursday,Vivo,Vivo V20,1,11201.41,11201.41,Reena Das,51,Bangalore,UPI,3
3531,2024-07-11,11,7,2024,Thursday,OnePlus,OnePlus 9,3,44198.97,132596.91,Harish Pillai,23,Coimbatore,Cash,3
3532,2024-07-11,11,7,2024,Thursday,Apple,iPhone 12,9,30071.26,270641.33999999997,Namita Patel,45,Chennai,Cash,5
3533,2024-07-11,11,7,2024,Thursday,Vivo,Vivo V20,3,10529.91,31589.73,Radha Pathak,45,Delhi,UPI,5
3534,2024-07-12,12,7,2024,Friday,OnePlus,OnePlus 9,9,21423.0,192807.0,Neeta Ghosh,30,Rajkot,Credit Card,3
3535,2024-07-12,12,7,2024,Friday,Samsung,Galaxy Note 20,7,66456.77,465197.39,Sumit Sharma,58,Delhi,Debit Card,4
3536,2024-07-12,12,7,2024,Friday,OnePlus,OnePlus 8T,1,41268.93,41268.93,Vivek Kaur,29,Ranchi,Debit Card,3
3537,2024-07-13,13,7,2024,Saturday,Apple,iPhone SE,5,69833.63,349168.15,Rajesh Sheth,57,Kolkata,Cash,3
3538,2024-07-13,13,7,2024,Saturday,Xiaomi,Mi 11,9,41489.01,373401.09,Manoj Thakur,19,Vadodara,Credit Card,5
3539,2024-07-13,13,7,2024,Saturday,Samsung,Galaxy S21,3,42636.18,127908.54000000001,Yogesh Rao,25,Chennai,Debit Card,5
3540,2024-07-13,13,7,2024,Saturday,Vivo,Vivo Y51,9,33510.58,301595.22000000003,Aditya Jain,59,Delhi,Credit Card,4
3541,2024-07-14,14,7,2024,Sunday,Apple,iPhone SE,5,28602.43,143012.15,Yogesh Dutta,26,Lucknow,UPI,2
3542,2024-07-14,14,7,2024,Sunday,Xiaomi,Mi 11,9,25092.73,225834.57,Sneha Arora,25,Delhi,Cash,5
3543,2024-07-14,14,7,2024,Sunday,OnePlus,OnePlus Nord,6,30605.24,183631.44,Rajesh Desai,20,Kolkata,UPI,2
3544,2024-07-14,14,7,2024,Sunday,Xiaomi,Redmi 9,9,37591.06,338319.54,Kiran Srivastava,26,Kolkata,UPI,4
3545,2024-07-15,15,7,2024,Monday,Apple,iPhone SE,7,21519.52,150636.64,Sanjay Sheth,30,Ludhiana,UPI,3
3546,2024-07-15,15,7,2024,Monday,Apple,iPhone 12,7,23492.51,164447.56999999998,Ravi Bhattacharya,26,Rajkot,Credit Card,3
3547,2024-07-15,15,7,2024,Monday,Xiaomi,Redmi 9,8,26292.69,210341.52,Manoj Kaur,48,Patna,Debit Card,2
3548,2024-07-16,16,7,2024,Tuesday,OnePlus,OnePlus 8T,7,36955.59,258689.12999999998,Ravi Gupta,42,Vadodara,UPI,4
3549,2024-07-16,16,7,2024,Tuesday,Xiaomi,Mi 11,9,49168.8,442519.2,Kavita Nair,25,Rajkot,Cash,4
3550,2024-07-16,16,7,2024,Tuesday,Apple,iPhone 11,9,61368.77,552318.9299999999,Anita Kumar,48,Mumbai,Credit Card,5
3551,2024-07-17,17,7,2024,Wednesday,Apple,iPhone SE,6,27227.91,163367.46,Anjali Desai,48,Delhi,Debit Card,2
3552,2024-07-17,17,7,2024,Wednesday,Vivo,Vivo S1,7,21023.7,147165.9,Namita Goyal,34,Kolkata,UPI,5
3553,2024-07-17,17,7,2024,Wednesday,Vivo,Vivo V20,2,32730.85,65461.7,Vivek Ghosh,36,Delhi,Cash,2
3554,2024-07-17,17,7,2024,Wednesday,Samsung,Galaxy A51,9,63662.98,572966.8200000001,Meena Desai,20,Bhopal,UPI,5
3555,2024-07-18,18,7,2024,Thursday,Apple,iPhone 11,1,10591.64,10591.64,Lalita Sheth,47,Delhi,Debit Card,5
3556,2024-07-18,18,7,2024,Thursday,Vivo,Vivo V20,1,50672.12,50672.12,Ramesh Sharma,27,Lucknow,Debit Card,4
3557,2024-07-18,18,7,2024,Thursday,Xiaomi,Mi 11,3,38629.6,115888.79999999999,Monika Bhatnagar,46,Indore,UPI,4
3558,2024-07-19,19,7,2024,Friday,OnePlus,OnePlus 9,6,19662.77,117976.62,Anjali Jain,57,Delhi,UPI,3
3559,2024-07-19,19,7,2024,Friday,Xiaomi,Redmi 9,5,29261.29,146306.45,Bhavana Mehta,35,Delhi,Credit Card,3
3560,2024-07-19,19,7,2024,Friday,OnePlus,OnePlus 9,2,23497.0,46994.0,Vijay Varma,29,Mumbai,Debit Card,4
3561,2024-07-20,20,7,2024,Saturday,Vivo,Vivo S1,9,62669.93,564029.37,Pooja Rao,40,Madurai,Debit Card,4
3562,2024-07-20,20,7,2024,Saturday,Samsung,Galaxy A51,4,38912.4,155649.6,Vivek Patel,28,Delhi,UPI,5
3563,2024-07-20,20,7,2024,Saturday,Xiaomi,Mi 11,4,43785.66,175142.64,Aditya Nair,26,Delhi,Cash,3
3564,2024-07-20,20,7,2024,Saturday,Xiaomi,Redmi 9,5,45621.26,228106.30000000002,Umesh Kulkarni,41,Mumbai,UPI,4
3565,2024-07-21,21,7,2024,Sunday,Xiaomi,Redmi 9,8,48377.03,387016.24,Sunil Sheth,42,Mumbai,UPI,2
3566,2024-07-21,21,7,2024,Sunday,OnePlus,OnePlus Nord,4,39733.34,158933.36,Harish Solanki,42,Kolkata,Debit Card,2
3567,2024-07-21,21,7,2024,Sunday,Vivo,Vivo Y51,5,11072.41,55362.05,Namita Das,26,Delhi,Credit Card,3
3568,2024-07-21,21,7,2024,Sunday,Xiaomi,Redmi 9,4,30083.36,120333.44,Vijay Rawat,29,Ranchi,UPI,2
3569,2024-07-22,22,7,2024,Monday,Xiaomi,Mi 11,6,21032.39,126194.34,Lalita Luthra,28,Mumbai,Cash,5
3570,2024-07-22,22,7,2024,Monday,Samsung,Galaxy S21,3,50808.57,152425.71,Ayesha Patel,55,Delhi,Cash,3
3571,2024-07-22,22,7,2024,Monday,Samsung,Galaxy Note 20,8,13402.28,107218.24,Meena Chatterjee,45,Jodhpur,UPI,4
3572,2024-07-23,23,7,2024,Tuesday,Vivo,Vivo Y51,6,43828.2,262969.19999999995,Deepika Kulkarni,25,Delhi,Cash,2
3573,2024-07-23,23,7,2024,Tuesday,Vivo,Vivo S1,5,22637.9,113189.5,Arun Teja,27,Hyderabad,Cash,5
3574,2024-07-23,23,7,2024,Tuesday,Apple,iPhone 11,2,66930.75,133861.5,Sanjay Ghosh,42,Mumbai,UPI,4
3575,2024-07-23,23,7,2024,Tuesday,Samsung,Galaxy S21,7,30132.46,210927.22,Devendra Varma,53,Delhi,Cash,5
3576,2024-07-24,24,7,2024,Wednesday,Apple,iPhone 11,2,29513.27,59026.54,Yogesh Ahuja,26,Indore,Cash,5
3577,2024-07-24,24,7,2024,Wednesday,OnePlus,OnePlus Nord,1,65403.08,65403.08,Mala Ghosh,58,Ranchi,UPI,2
3578,2024-07-24,24,7,2024,Wednesday,Apple,iPhone 12,7,35040.88,245286.15999999997,Priya Bhattacharya,25,Delhi,Debit Card,5
3579,2024-07-25,25,7,2024,Thursday,Xiaomi,Redmi 9,5,67771.74,338858.7,Vivek Pathak,20,Delhi,Credit Card,5
3580,2024-07-25,25,7,2024,Thursday,Apple,iPhone SE,1,11450.22,11450.22,Meena Verma,35,Bhopal,Credit Card,5
3581,2024-07-25,25,7,2024,Thursday,Vivo,Vivo Y51,4,28380.67,113522.68,Anita Mehta,52,Mumbai,Debit Card,5
3582,2024-07-26,26,7,2024,Friday,OnePlus,OnePlus Nord,4,49971.58,199886.32,Priya Prasad,34,Hyderabad,UPI,4
3583,2024-07-26,26,7,2024,Friday,Xiaomi,Redmi Note 10,7,63451.42,444159.94,Kiran Joshi,53,Mumbai,Debit Card,4
3584,2024-07-26,26,7,2024,Friday,Apple,iPhone 12,9,25384.34,228459.06,Radha Kaur,45,Delhi,Credit Card,5
3585,2024-07-27,27,7,2024,Saturday,OnePlus,OnePlus 9,2,65828.66,131657.32,Namita Patel,32,Lucknow,Credit Card,3
3586,2024-07-27,27,7,2024,Saturday,OnePlus,OnePlus 9,1,45647.29,45647.29,Anjali Pathak,36,Vadodara,Credit Card,3
3587,2024-07-27,27,7,2024,Saturday,Xiaomi,Mi 11,2,58060.49,116120.98,Ravi Bhattacharya,39,Lucknow,Credit Card,4
3588,2024-07-27,27,7,2024,Saturday,Apple,iPhone 12,7,33832.44,236827.08000000002,Bhavana Bhatnagar,23,Delhi,UPI,3
3589,2024-07-28,28,7,2024,Sunday,OnePlus,OnePlus 8T,6,22730.82,136384.91999999998,Bina Jain,24,Hyderabad,Credit Card,4
3590,2024-07-28,28,7,2024,Sunday,OnePlus,OnePlus Nord,4,64674.12,258696.48,Rohan Roy,26,Kolkata,Credit Card,2
3591,2024-07-28,28,7,2024,Sunday,Samsung,Galaxy A51,1,65988.15,65988.15,Mala Siddiqui,37,Delhi,UPI,4
3592,2024-07-28,28,7,2024,Sunday,OnePlus,OnePlus 8T,1,39854.51,39854.51,Prashant Arora,54,Delhi,Debit Card,2
3593,2024-07-29,29,7,2024,Monday,Samsung,Galaxy A51,5,10389.7,51948.5,Ayesha Rathod,28,Ranchi,UPI,5
3594,2024-07-29,29,7,2024,Monday,Apple,iPhone SE,1,16586.98,16586.98,Sunil Menon,19,Bhopal,Credit Card,3
3595,2024-07-29,29,7,2024,Monday,Apple,iPhone 12,7,44381.68,310671.76,Kiran Malhotra,39,Delhi,Cash,5
3596,2024-07-29,29,7,2024,Monday,Apple,iPhone SE,1,11426.6,11426.6,Sachin Singh,53,Kanpur,UPI,5
3597,2024-07-30,30,7,2024,Tuesday,Vivo,Vivo S1,1,33814.72,33814.72,Anjali Chatterjee,22,Chennai,UPI,5
3598,2024-07-30,30,7,2024,Tuesday,Apple,iPhone 11,2,28202.2,56404.4,Yogesh Patel,24,Mumbai,Debit Card,5
3599,2024-07-30,30,7,2024,Tuesday,OnePlus,OnePlus 9,3,52860.9,158582.7,Ravi Kulkarni,23,Coimbatore,Credit Card,4
3600,2024-07-30,30,7,2024,Tuesday,Xiaomi,Redmi 9,1,13334.72,13334.72,Pooja Arora,39,Vadodara,Cash,4
3601,2024-07-31,31,7,2024,Wednesday,Samsung,Galaxy A51,9,39323.88,353914.92,Radha Sharma,27,Delhi,UPI,3
3602,2024-07-31,31,7,2024,Wednesday,Vivo,Vivo Y51,8,44746.86,357974.88,Bhavana Desai,57,Hyderabad,UPI,5
3603,2024-07-31,31,7,2024,Wednesday,Apple,iPhone SE,5,47037.46,235187.3,Anjali Nambiar,37,Delhi,UPI,5
3604,2024-07-31,31,7,2024,Wednesday,Apple,iPhone 12,2,34309.46,68618.92,Neeta Desai,45,Mumbai,Cash,5
3605,2024-08-01,1,8,2024,Thursday,Xiaomi,Redmi Note 10,5,28262.07,141310.35,Anita Luthra,40,Delhi,UPI,5
3606,2024-08-01,1,8,2024,Thursday,Xiaomi,Redmi Note 10,6,50949.58,305697.48,Reena Mehta,52,Rajkot,UPI,3
3607,2024-08-01,1,8,2024,Thursday,Vivo,Vivo Y51,1,60854.14,60854.14,Lalita Bhatnagar,18,Mumbai,Cash,4
3608,2024-08-02,2,8,2024,Friday,Samsung,Galaxy S21,4,51617.06,206468.24,Kavita Teja,46,Bangalore,UPI,5
3609,2024-08-02,2,8,2024,Friday,Apple,iPhone 12,9,65926.14,593335.26,Lata Chaudhary,26,Kanpur,Cash,3
3610,2024-08-02,2,8,2024,Friday,Vivo,Vivo V20,2,53035.81,106071.62,Pooja Pathak,26,Mumbai,Debit Card,5
3611,2024-08-03,3,8,2024,Saturday,OnePlus,OnePlus 9,5,55877.12,279385.60000000003,Navin Kapoor,39,Kanpur,Cash,5
3612,2024-08-03,3,8,2024,Saturday,OnePlus,OnePlus 9,1,20074.19,20074.19,Anita Kumar,19,Mumbai,Debit Card,4
3613,2024-08-03,3,8,2024,Saturday,Vivo,Vivo V20,4,35172.38,140689.52,Reena Menon,33,Bhopal,Cash,4
3614,2024-08-04,4,8,2024,Sunday,Apple,iPhone 11,4,39103.32,156413.28,Tapan Luthra,57,Delhi,Credit Card,3
3615,2024-08-04,4,8,2024,Sunday,Vivo,Vivo V20,6,25377.59,152265.54,Devendra Menon,23,Kanpur,UPI,2
3616,2024-08-04,4,8,2024,Sunday,Apple,iPhone SE,9,41712.39,375411.51,Umesh Nair,30,Ranchi,Debit Card,3
3617,2024-08-05,5,8,2024,Monday,Xiaomi,Mi 11,3,27447.52,82342.56,Anand Thakur,50,Delhi,UPI,3
3618,2024-08-05,5,8,2024,Monday,Vivo,Vivo S1,9,51250.13,461251.17,Anand Siddiqui,36,Delhi,UPI,2
3619,2024-08-05,5,8,2024,Monday,Apple,iPhone SE,6,38217.31,229303.86,Prashant Mishra,32,Rajkot,Cash,5
3620,2024-08-05,5,8,2024,Monday,Vivo,Vivo V20,7,37528.42,262698.94,Amit Chatterjee,50,Indore,Credit Card,5
3621,2024-08-06,6,8,2024,Tuesday,Vivo,Vivo S1,2,69018.55,138037.1,Kunal Malhotra,27,Delhi,Cash,2
3622,2024-08-06,6,8,2024,Tuesday,Apple,iPhone SE,6,33546.69,201280.14,Bina Nair,18,Mumbai,UPI,5
3623,2024-08-06,6,8,2024,Tuesday,Apple,iPhone SE,6,31737.73,190426.38,Priyanka Joshi,29,Delhi,Cash,5
3624,2024-08-07,7,8,2024,Wednesday,Samsung,Galaxy S21,2,29116.26,58232.52,Kunal Chaudhary,46,Mumbai,Debit Card,2
3625,2024-08-07,7,8,2024,Wednesday,Vivo,Vivo V20,2,63684.95,127369.9,Meena Rathod,34,Rajkot,Credit Card,4
3626,2024-08-07,7,8,2024,Wednesday,OnePlus,OnePlus 9,2,39803.43,79606.86,Arun Kumar,21,Hyderabad,UPI,3
3627,2024-08-07,7,8,2024,Wednesday,Vivo,Vivo Y51,1,46000.87,46000.87,Prashant Teja,46,Bangalore,Cash,2
3628,2024-08-08,8,8,2024,Thursday,Vivo,Vivo V20,5,20849.11,104245.55,Rohan Shah,24,Jodhpur,Debit Card,2
3629,2024-08-08,8,8,2024,Thursday,Apple,iPhone 12,8,42456.54,339652.32,Ayesha Patel,30,Mumbai,Credit Card,5
3630,2024-08-08,8,8,2024,Thursday,Vivo,Vivo S1,2,26478.89,52957.78,Vijay Varma,22,Ludhiana,Cash,4
3631,2024-08-09,9,8,2024,Friday,Vivo,Vivo V20,5,53838.22,269191.1,Anita Bhattacharya,23,Delhi,Cash,2
3632,2024-08-09,9,8,2024,Friday,OnePlus,OnePlus Nord,8,59951.7,479613.6,Lalita Alva,51,Madurai,UPI,4
3633,2024-08-09,9,8,2024,Friday,Apple,iPhone 12,5,52888.64,264443.2,Yogesh Menon,24,Madurai,Debit Card,5
3634,2024-08-09,9,8,2024,Friday,Vivo,Vivo V20,2,53814.65,107629.3,Kunal Patel,45,Kolkata,Credit Card,2
3635,2024-08-10,10,8,2024,Saturday,Xiaomi,Redmi Note 10,3,40748.48,122245.44,Aditya Nair,27,Rajkot,Cash,4
3636,2024-08-10,10,8,2024,Saturday,Samsung,Galaxy S21,6,52727.08,316362.48,Amit Ahuja,21,Indore,Credit Card,3
3637,2024-08-10,10,8,2024,Saturday,OnePlus,OnePlus 9,5,35361.22,176806.1,Tanuja Gupta,20,Mumbai,Debit Card,5
3638,2024-08-10,10,8,2024,Saturday,Vivo,Vivo V20,4,49089.35,196357.4,Rohan Goyal,42,Mumbai,UPI,4
3639,2024-08-11,11,8,2024,Sunday,Xiaomi,Redmi Note 10,4,25542.35,102169.4,Anita Kulkarni,40,Gorakhpur,UPI,5
3640,2024-08-11,11,8,2024,Sunday,Vivo,Vivo S1,5,14185.42,70927.1,Manoj Iyer,44,Bangalore,UPI,2
3641,2024-08-11,11,8,2024,Sunday,Vivo,Vivo Y51,2,34808.4,69616.8,Kavita Goyal,31,Vadodara,Credit Card,2
3642,2024-08-12,12,8,2024,Monday,Apple,iPhone 11,9,37706.69,339360.21,Nikhil Chaudhary,55,Delhi,Credit Card,5
3643,2024-08-12,12,8,2024,Monday,Apple,iPhone 12,2,25384.43,50768.86,Sunil Kumar,49,Mumbai,Cash,5
3644,2024-08-12,12,8,2024,Monday,Apple,iPhone 11,2,53662.57,107325.14,Umesh Srivastava,40,Delhi,Debit Card,3
3645,2024-08-13,13,8,2024,Tuesday,Xiaomi,Redmi 9,9,14413.03,129717.27,Isha Nair,57,Mumbai,Debit Card,3
3646,2024-08-13,13,8,2024,Tuesday,Vivo,Vivo S1,3,23364.9,70094.70000000001,Neeta Arora,54,Mumbai,Debit Card,4
3647,2024-08-13,13,8,2024,Tuesday,Samsung,Galaxy A51,7,54913.88,384397.16,Lalita Shah,20,Bangalore,Credit Card,3
3648,2024-08-14,14,8,2024,Wednesday,OnePlus,OnePlus 8T,4,36227.46,144909.84,Anand Thakur,52,Bhopal,UPI,5
3649,2024-08-14,14,8,2024,Wednesday,Apple,iPhone 11,6,52317.02,313902.12,Vinod Pathak,30,Delhi,Debit Card,2
3650,2024-08-14,14,8,2024,Wednesday,Apple,iPhone 11,4,44049.15,176196.6,Ravi Siddiqui,51,Coimbatore,Cash,5
3651,2024-08-15,15,8,2024,Thursday,Vivo,Vivo V20,7,67042.76,469299.31999999995,Lata Verma,41,Mumbai,Credit Card,5
3652,2024-08-15,15,8,2024,Thursday,Vivo,Vivo S1,1,45867.75,45867.75,Anand Mehta,18,Rajkot,UPI,2
3653,2024-08-15,15,8,2024,Thursday,Xiaomi,Redmi 9,3,10892.14,32676.42,Meena Sheth,29,Delhi,Debit Card,5
3654,2024-08-15,15,8,2024,Thursday,Xiaomi,Redmi Note 10,3,31172.64,93517.92,Devendra Yadav,25,Delhi,UPI,3
3655,2024-08-16,16,8,2024,Friday,Apple,iPhone 11,1,18583.64,18583.64,Vivek Srivastava,36,Delhi,Cash,4
3656,2024-08-16,16,8,2024,Friday,Vivo,Vivo S1,6,65478.02,392868.12,Bhavana Kapoor,26,Gorakhpur,Debit Card,4
3657,2024-08-16,16,8,2024,Friday,Samsung,Galaxy Note 20,9,16240.75,146166.75,Tapan Ahuja,45,Mumbai,Debit Card,5
3658,2024-08-17,17,8,2024,Saturday,OnePlus,OnePlus 9,8,33262.4,266099.2,Lalita Shah,31,Madurai,UPI,2
3659,2024-08-17,17,8,2024,Saturday,Vivo,Vivo Y51,7,23565.95,164961.65,Rohan Sheth,44,Indore,Credit Card,5
3660,2024-08-17,17,8,2024,Saturday,Vivo,Vivo V20,8,60803.32,486426.56,Ravi Kaur,35,Jodhpur,UPI,5
3661,2024-08-18,18,8,2024,Sunday,Xiaomi,Mi 11,6,28513.99,171083.94,Pooja Deshmukh,59,Delhi,Cash,5
3662,2024-08-18,18,8,2024,Sunday,OnePlus,OnePlus 9,9,69513.61,625622.49,Sneha Reddy,58,Delhi,UPI,5
3663,2024-08-18,18,8,2024,Sunday,Apple,iPhone SE,3,12317.0,36951.0,Aditya Joshi,23,Mumbai,UPI,4
3664,2024-08-18,18,8,2024,Sunday,Vivo,Vivo V20,9,17696.61,159269.49,Lata Shah,50,Ranchi,Debit Card,4
3665,2024-08-19,19,8,2024,Monday,Apple,iPhone 11,4,23478.33,93913.32,Priya Varma,54,Bangalore,Credit Card,5
3666,2024-08-19,19,8,2024,Monday,Vivo,Vivo S1,7,58666.36,410664.52,Deepika Deshmukh,59,Hyderabad,Credit Card,2
3667,2024-08-19,19,8,2024,Monday,Apple,iPhone 11,9,62711.03,564399.27,Umesh Kaur,42,Delhi,Credit Card,5
3668,2024-08-20,20,8,2024,Tuesday,OnePlus,OnePlus 8T,2,14287.08,28574.16,Sachin Sheth,30,Mumbai,Credit Card,3
3669,2024-08-20,20,8,2024,Tuesday,Xiaomi,Redmi Note 10,2,11947.61,23895.22,Umesh Ghosh,40,Vadodara,UPI,4
3670,2024-08-20,20,8,2024,Tuesday,OnePlus,OnePlus 9,9,54673.41,492060.69000000006,Sumit Rathod,53,Delhi,Debit Card,4
3671,2024-08-21,21,8,2024,Wednesday,Samsung,Galaxy Note 20,3,18001.12,54003.36,Vijay Varma,50,Vadodara,Debit Card,4
3672,2024-08-21,21,8,2024,Wednesday,Xiaomi,Redmi Note 10,9,17979.92,161819.27999999997,Priyanka Roy,38,Mumbai,Credit Card,2
3673,2024-08-21,21,8,2024,Wednesday,OnePlus,OnePlus 8T,5,11341.99,56709.95,Manoj Mehta,51,Patna,UPI,5
3674,2024-08-22,22,8,2024,Thursday,Samsung,Galaxy S21,6,12988.47,77930.81999999999,Pooja Rao,53,Mumbai,Credit Card,2
3675,2024-08-22,22,8,2024,Thursday,Vivo,Vivo V20,2,25820.53,51641.06,Tanuja Ahuja,34,Gorakhpur,Credit Card,4
3676,2024-08-22,22,8,2024,Thursday,Vivo,Vivo Y51,8,13900.33,111202.64,Bhavana Srivastava,27,Coimbatore,Debit Card,5
3677,2024-08-23,23,8,2024,Friday,Apple,iPhone SE,9,32132.75,289194.75,Gita Bhattacharya,40,Delhi,Debit Card,4
3678,2024-08-23,23,8,2024,Friday,Xiaomi,Redmi Note 10,2,59966.5,119933.0,Umesh Patel,19,Ludhiana,Credit Card,5
3679,2024-08-23,23,8,2024,Friday,Vivo,Vivo Y51,6,29579.22,177475.32,Arun Shah,52,Patna,UPI,5
3680,2024-08-24,24,8,2024,Saturday,Xiaomi,Redmi 9,6,53670.05,322020.30000000005,Kunal Deshmukh,31,Kanpur,Credit Card,4
3681,2024-08-24,24,8,2024,Saturday,Vivo,Vivo V20,8,15634.6,125076.8,Rohan Pathak,58,Delhi,Debit Card,4
3682,2024-08-24,24,8,2024,Saturday,Apple,iPhone 12,5,49562.51,247812.55000000002,Radha Bhatnagar,19,Bangalore,Debit Card,5
3683,2024-08-24,24,8,2024,Saturday,OnePlus,OnePlus 8T,9,29004.83,261043.47000000003,Rajesh Desai,36,Mumbai,UPI,2
3684,2024-08-25,25,8,2024,Sunday,Apple,iPhone 12,1,54985.17,54985.17,Nikhil Bhattacharya,33,Hyderabad,Credit Card,2
3685,2024-08-25,25,8,2024,Sunday,Samsung,Galaxy Note 20,9,18175.12,163576.08,Rohan Deshmukh,42,Mumbai,Credit Card,2
3686,2024-08-25,25,8,2024,Sunday,Vivo,Vivo Y51,7,63873.0,447111.0,Anand Thakur,18,Patna,Cash,3
3687,2024-08-26,26,8,2024,Monday,Samsung,Galaxy S21,4,24554.63,98218.52,Sneha Teja,19,Delhi,Credit Card,5
3688,2024-08-26,26,8,2024,Monday,Samsung,Galaxy A51,3,31188.27,93564.81,Rajesh Mathur,44,Delhi,UPI,3
3689,2024-08-26,26,8,2024,Monday,Xiaomi,Redmi Note 10,6,67010.84,402065.04,Amit Pillai,19,Delhi,Debit Card,3
3690,2024-08-27,27,8,2024,Tuesday,Vivo,Vivo S1,1,44708.94,44708.94,Pankaj Varma,47,Mumbai,Cash,5
3691,2024-08-27,27,8,2024,Tuesday,Samsung,Galaxy S21,3,31946.29,95838.87,Pankaj Pathak,27,Patna,UPI,3
3692,2024-08-27,27,8,2024,Tuesday,OnePlus,OnePlus Nord,2,66976.13,133952.26,Anand Reddy,36,Ludhiana,UPI,5
3693,2024-08-28,28,8,2024,Wednesday,Samsung,Galaxy S21,9,29744.65,267701.85000000003,Rohan Kapoor,59,Coimbatore,Cash,5
3694,2024-08-28,28,8,2024,Wednesday,OnePlus,OnePlus Nord,3,15692.24,47076.72,Tanuja Bhattacharya,33,Delhi,Credit Card,5
3695,2024-08-28,28,8,2024,Wednesday,Xiaomi,Redmi 9,2,69810.93,139621.86,Aditya Deshmukh,30,Chennai,Cash,5
3696,2024-08-29,29,8,2024,Thursday,Samsung,Galaxy S21,4,26070.7,104282.8,Shruti Menon,25,Mumbai,UPI,5
3697,2024-08-29,29,8,2024,Thursday,Apple,iPhone 12,2,61075.47,122150.94,Sumit Joshi,48,Mumbai,Credit Card,5
3698,2024-08-29,29,8,2024,Thursday,Xiaomi,Mi 11,1,19932.45,19932.45,Namita Desai,42,Mumbai,Debit Card,2
3699,2024-08-30,30,8,2024,Friday,OnePlus,OnePlus Nord,6,53881.24,323287.44,Ravi Thakur,56,Gorakhpur,Cash,5
3700,2024-08-30,30,8,2024,Friday,Xiaomi,Redmi Note 10,8,41466.96,331735.68,Nikhil Menon,38,Indore,UPI,4
3701,2024-08-30,30,8,2024,Friday,Samsung,Galaxy Note 20,2,68854.39,137708.78,Arun Gupta,55,Delhi,Credit Card,5
3702,2024-08-30,30,8,2024,Friday,Vivo,Vivo V20,9,43169.82,388528.38,Lalita Alva,58,Delhi,UPI,5
3703,2024-08-31,31,8,2024,Saturday,Vivo,Vivo S1,3,11500.91,34502.729999999996,Pankaj Deshmukh,46,Vadodara,Credit Card,5
3704,2024-08-31,31,8,2024,Saturday,OnePlus,OnePlus 9,8,46232.68,369861.44,Kavita Desai,23,Bhopal,Credit Card,5
3705,2024-08-31,31,8,2024,Saturday,OnePlus,OnePlus 9,8,18718.99,149751.92,Anjali Gupta,35,Delhi,Cash,5
3706,2024-09-01,1,9,2024,Sunday,Vivo,Vivo Y51,3,57912.45,173737.34999999998,Anita Bhattacharya,52,Delhi,Debit Card,5
3707,2024-09-01,1,9,2024,Sunday,OnePlus,OnePlus 9,3,61394.09,184182.27,Bhavana Luthra,44,Bhopal,Credit Card,5
3708,2024-09-01,1,9,2024,Sunday,Xiaomi,Mi 11,6,38925.61,233553.66,Meena Kulkarni,22,Mumbai,UPI,5
3709,2024-09-01,1,9,2024,Sunday,Apple,iPhone SE,1,56993.29,56993.29,Rohan Rao,24,Delhi,Credit Card,4
3710,2024-09-02,2,9,2024,Monday,Apple,iPhone SE,4,18706.64,74826.56,Jyoti Sheth,27,Delhi,Debit Card,3
3711,2024-09-02,2,9,2024,Monday,Xiaomi,Redmi Note 10,1,39524.69,39524.69,Isha Kaur,27,Mumbai,UPI,4
3712,2024-09-02,2,9,2024,Monday,Apple,iPhone 11,3,33636.66,100909.98000000001,Pooja Sharma,45,Bhopal,Credit Card,4
3713,2024-09-02,2,9,2024,Monday,Samsung,Galaxy A51,9,46679.04,420111.36,Meena Menon,53,Vadodara,Credit Card,5
3714,2024-09-03,3,9,2024,Tuesday,Xiaomi,Redmi Note 10,5,12668.63,63343.149999999994,Tapan Chatterjee,27,Ranchi,Cash,4
3715,2024-09-03,3,9,2024,Tuesday,OnePlus,OnePlus 9,5,55127.37,275636.85000000003,Mala Thakur,52,Madurai,Debit Card,5
3716,2024-09-03,3,9,2024,Tuesday,Xiaomi,Redmi Note 10,4,14747.76,58991.04,Anjali Roy,52,Indore,Credit Card,2
3717,2024-09-04,4,9,2024,Wednesday,Vivo,Vivo V20,3,49388.29,148164.87,Pooja Rao,54,Jodhpur,Debit Card,5
3718,2024-09-04,4,9,2024,Wednesday,OnePlus,OnePlus 9,5,11107.43,55537.15,Meena Yadav,37,Ranchi,Credit Card,3
3719,2024-09-04,4,9,2024,Wednesday,Vivo,Vivo Y51,4,59913.28,239653.12,Ayesha Rathod,30,Kanpur,UPI,2
3720,2024-09-05,5,9,2024,Thursday,OnePlus,OnePlus 9,8,20481.98,163855.84,Deepika Menon,28,Mumbai,Debit Card,5
3721,2024-09-05,5,9,2024,Thursday,Apple,iPhone 12,4,40929.85,163719.4,Deepika Pathak,36,Delhi,UPI,5
3722,2024-09-05,5,9,2024,Thursday,Xiaomi,Redmi Note 10,8,25689.57,205516.56,Vivek Mishra,45,Mumbai,Debit Card,3
3723,2024-09-06,6,9,2024,Friday,Samsung,Galaxy S21,6,53358.83,320152.98,Rajesh Ahuja,55,Delhi,UPI,4
3724,2024-09-06,6,9,2024,Friday,OnePlus,OnePlus 9,5,29281.07,146405.35,Harish Kumar,21,Gorakhpur,Credit Card,5
3725,2024-09-06,6,9,2024,Friday,OnePlus,OnePlus 9,4,53476.55,213906.2,Mala Teja,54,Delhi,UPI,3
3726,2024-09-07,7,9,2024,Saturday,Vivo,Vivo V20,4,27092.27,108369.08,Amit Ahuja,36,Delhi,UPI,5
3727,2024-09-07,7,9,2024,Saturday,Apple,iPhone SE,4,55148.39,220593.56,Mala Thakur,54,Gorakhpur,Credit Card,5
3728,2024-09-07,7,9,2024,Saturday,Vivo,Vivo S1,9,11836.33,106526.97,Ayesha Rathod,31,Ranchi,Debit Card,5
3729,2024-09-07,7,9,2024,Saturday,Vivo,Vivo V20,4,26998.68,107994.72,Mala Arora,48,Bangalore,UPI,4
3730,2024-09-08,8,9,2024,Sunday,Apple,iPhone 11,9,39918.01,359262.09,Jyoti Varma,45,Hyderabad,Cash,4
3731,2024-09-08,8,9,2024,Sunday,Samsung,Galaxy S21,6,12703.57,76221.42,Sunita Iyer,53,Mumbai,Cash,5
3732,2024-09-08,8,9,2024,Sunday,Vivo,Vivo Y51,7,21162.04,148134.28,Sachin Joshi,55,Delhi,UPI,5
3733,2024-09-09,9,9,2024,Monday,Vivo,Vivo Y51,3,66072.22,198216.66,Lalita Rathod,36,Ranchi,UPI,4
3734,2024-09-09,9,9,2024,Monday,OnePlus,OnePlus 8T,8,68610.06,548880.48,Radha Ghosh,59,Rajkot,UPI,3
3735,2024-09-09,9,9,2024,Monday,Apple,iPhone 11,3,54385.0,163155.0,Priyanka Pillai,18,Mumbai,Debit Card,5
3736,2024-09-10,10,9,2024,Tuesday,Xiaomi,Mi 11,1,25132.0,25132.0,Harish Kaur,40,Delhi,Credit Card,3
3737,2024-09-10,10,9,2024,Tuesday,Samsung,Galaxy A51,5,25631.05,128155.25,Lata Shah,45,Delhi,Cash,2
3738,2024-09-10,10,9,2024,Tuesday,Samsung,Galaxy S21,2,48747.42,97494.84,Mala Roy,21,Bangalore,Cash,5
3739,2024-09-11,11,9,2024,Wednesday,Apple,iPhone SE,6,17055.98,102335.88,Radha Ghosh,58,Gorakhpur,Debit Card,4
3740,2024-09-11,11,9,2024,Wednesday,OnePlus,OnePlus Nord,9,66898.56,602087.04,Ramesh Nambiar,35,Delhi,UPI,2
3741,2024-09-11,11,9,2024,Wednesday,OnePlus,OnePlus 9,1,23488.77,23488.77,Arun Desai,56,Indore,UPI,4
3742,2024-09-12,12,9,2024,Thursday,Apple,iPhone SE,4,69978.14,279912.56,Sachin Arora,42,Indore,Credit Card,2
3743,2024-09-12,12,9,2024,Thursday,OnePlus,OnePlus 9,1,39744.03,39744.03,Sunil Varma,35,Mumbai,Credit Card,4
3744,2024-09-12,12,9,2024,Thursday,Samsung,Galaxy S21,1,56285.8,56285.8,Sachin Ghosh,23,Hyderabad,Cash,5
3745,2024-09-13,13,9,2024,Friday,Samsung,Galaxy S21,8,10131.05,81048.4,Vivek Sheth,36,Mumbai,Credit Card,5
3746,2024-09-13,13,9,2024,Friday,Xiaomi,Redmi Note 10,2,63324.78,126649.56,Anita Desai,29,Delhi,Cash,3
3747,2024-09-13,13,9,2024,Friday,Apple,iPhone 11,1,26200.12,26200.12,Gita Rathod,42,Lucknow,Debit Card,2
3748,2024-09-14,14,9,2024,Saturday,Vivo,Vivo Y51,8,50076.2,400609.6,Bhavana Arora,52,Delhi,UPI,3
3749,2024-09-14,14,9,2024,Saturday,Vivo,Vivo S1,4,58381.32,233525.28,Sneha Kaur,18,Bangalore,UPI,3
3750,2024-09-14,14,9,2024,Saturday,Xiaomi,Redmi Note 10,3,19848.86,59546.58,Pankaj Teja,22,Delhi,Cash,4
3751,2024-09-14,14,9,2024,Saturday,Xiaomi,Redmi Note 10,4,36550.57,146202.28,Priya Siddiqui,18,Jodhpur,UPI,5
3752,2024-09-15,15,9,2024,Sunday,OnePlus,OnePlus 9,5,39630.16,198150.80000000002,Tapan Nair,25,Delhi,Debit Card,4
3753,2024-09-15,15,9,2024,Sunday,Xiaomi,Redmi Note 10,1,28727.17,28727.17,Namita Teja,56,Mumbai,Credit Card,3
3754,2024-09-15,15,9,2024,Sunday,Xiaomi,Mi 11,1,38905.35,38905.35,Anjali Ahuja,35,Kolkata,Debit Card,5
3755,2024-09-15,15,9,2024,Sunday,Vivo,Vivo Y51,3,29052.74,87158.22,Sumit Sharma,26,Jodhpur,UPI,5
3756,2024-09-16,16,9,2024,Monday,OnePlus,OnePlus 8T,6,31644.86,189869.16,Yogesh Kaur,22,Kolkata,Debit Card,5
3757,2024-09-16,16,9,2024,Monday,Xiaomi,Redmi 9,1,50159.87,50159.87,Sanjay Bhattacharya,21,Delhi,UPI,3
3758,2024-09-16,16,9,2024,Monday,Xiaomi,Redmi Note 10,2,47955.6,95911.2,Kunal Deshmukh,46,Coimbatore,Cash,4
3759,2024-09-17,17,9,2024,Tuesday,OnePlus,OnePlus 8T,7,23935.94,167551.58,Lalita Alva,18,Delhi,Credit Card,5
3760,2024-09-17,17,9,2024,Tuesday,Apple,iPhone 11,1,63848.97,63848.97,Neeta Malhotra,47,Hyderabad,Credit Card,2
3761,2024-09-17,17,9,2024,Tuesday,OnePlus,OnePlus 9,7,61767.31,432371.17,Rajesh Mathur,18,Delhi,UPI,4
3762,2024-09-18,18,9,2024,Wednesday,Vivo,Vivo Y51,4,40545.0,162180.0,Manoj Rao,20,Delhi,UPI,5
3763,2024-09-18,18,9,2024,Wednesday,Apple,iPhone 12,6,35995.04,215970.24,Neeta Sharma,39,Rajkot,Credit Card,4
3764,2024-09-18,18,9,2024,Wednesday,Samsung,Galaxy S21,8,32611.36,260890.88,Sachin Shah,25,Delhi,Debit Card,2
3765,2024-09-19,19,9,2024,Thursday,OnePlus,OnePlus 8T,9,52436.08,471924.72000000003,Deepika Iyer,35,Bhopal,Debit Card,5
3766,2024-09-19,19,9,2024,Thursday,Vivo,Vivo S1,6,50299.96,301799.76,Vijay Das,42,Delhi,Debit Card,5
3767,2024-09-19,19,9,2024,Thursday,Apple,iPhone 12,9,21770.84,195937.56,Isha Arora,37,Vadodara,Credit Card,2
3768,2024-09-19,19,9,2024,Thursday,OnePlus,OnePlus Nord,4,50287.48,201149.92,Manoj Sharma,48,Jodhpur,Cash,2
3769,2024-09-20,20,9,2024,Friday,Xiaomi,Mi 11,6,25145.87,150875.22,Ayesha Ghosh,47,Coimbatore,UPI,3
3770,2024-09-20,20,9,2024,Friday,OnePlus,OnePlus 9,8,11113.5,88908.0,Tapan Joshi,33,Hyderabad,UPI,5
3771,2024-09-20,20,9,2024,Friday,Samsung,Galaxy S21,9,51952.52,467572.68,Navin Solanki,19,Indore,Credit Card,3
3772,2024-09-21,21,9,2024,Saturday,OnePlus,OnePlus 8T,3,48687.62,146062.86000000002,Prashant Roy,34,Delhi,Cash,4
3773,2024-09-21,21,9,2024,Saturday,Apple,iPhone SE,2,34648.56,69297.12,Sneha Teja,27,Mumbai,Credit Card,2
3774,2024-09-21,21,9,2024,Saturday,Apple,iPhone 11,6,41541.16,249246.96000000002,Priyanka Verma,24,Ludhiana,Debit Card,3
3775,2024-09-21,21,9,2024,Saturday,OnePlus,OnePlus 8T,4,66830.15,267320.6,Sunil Chaudhary,59,Bhopal,Debit Card,5
3776,2024-09-22,22,9,2024,Sunday,Apple,iPhone 11,1,45712.01,45712.01,Priya Patel,26,Bhopal,UPI,5
3777,2024-09-22,22,9,2024,Sunday,Xiaomi,Redmi 9,8,49473.04,395784.32,Kavita Dutta,34,Mumbai,UPI,2
3778,2024-09-22,22,9,2024,Sunday,OnePlus,OnePlus 9,9,13834.68,124512.12,Lalita Shah,26,Mumbai,UPI,3
3779,2024-09-23,23,9,2024,Monday,Xiaomi,Redmi Note 10,9,19959.67,179637.02999999997,Rohan Sheth,26,Coimbatore,UPI,5
3780,2024-09-23,23,9,2024,Monday,Xiaomi,Mi 11,2,28057.14,56114.28,Sachin Desai,54,Delhi,Debit Card,2
3781,2024-09-23,23,9,2024,Monday,Vivo,Vivo Y51,9,42362.76,381264.84,Bina Mishra,41,Coimbatore,Debit Card,4
3782,2024-09-24,24,9,2024,Tuesday,OnePlus,OnePlus Nord,7,56595.45,396168.14999999997,Ramesh Varma,56,Hyderabad,Cash,3
3783,2024-09-24,24,9,2024,Tuesday,Apple,iPhone 11,5,29274.45,146372.25,Monika Chatterjee,28,Kolkata,UPI,3
3784,2024-09-24,24,9,2024,Tuesday,Xiaomi,Redmi 9,7,31382.95,219680.65,Monika Goyal,25,Kolkata,Credit Card,2
3785,2024-09-25,25,9,2024,Wednesday,Vivo,Vivo S1,9,25369.05,228321.44999999998,Deepika Desai,42,Delhi,Cash,3
3786,2024-09-25,25,9,2024,Wednesday,OnePlus,OnePlus Nord,8,25276.56,202212.48,Sumit Siddiqui,19,Delhi,Cash,3
3787,2024-09-25,25,9,2024,Wednesday,OnePlus,OnePlus 8T,6,66931.83,401590.98,Shruti Dutta,27,Delhi,Debit Card,4
3788,2024-09-26,26,9,2024,Thursday,Samsung,Galaxy S21,4,48127.43,192509.72,Bhavana Rathod,41,Mumbai,UPI,4
3789,2024-09-26,26,9,2024,Thursday,Samsung,Galaxy A51,1,19354.07,19354.07,Sanjay Srivastava,33,Mumbai,Cash,5
3790,2024-09-26,26,9,2024,Thursday,Xiaomi,Redmi Note 10,6,53334.91,320009.46,Vinod Prasad,36,Mumbai,UPI,4
3791,2024-09-26,26,9,2024,Thursday,Samsung,Galaxy A51,3,53321.27,159963.81,Lalita Alva,48,Madurai,Debit Card,5
3792,2024-09-27,27,9,2024,Friday,Xiaomi,Mi 11,6,49988.21,299929.26,Monika Kumar,28,Delhi,Cash,4
3793,2024-09-27,27,9,2024,Friday,Apple,iPhone SE,6,18083.23,108499.38,Anita Shah,23,Delhi,Cash,5
3794,2024-09-27,27,9,2024,Friday,Xiaomi,Redmi 9,4,34479.49,137917.96,Sumit Malhotra,23,Patna,Credit Card,4
3795,2024-09-27,27,9,2024,Friday,Samsung,Galaxy S21,2,16405.38,32810.76,Harish Kapoor,49,Vadodara,Debit Card,4
3796,2024-09-28,28,9,2024,Saturday,Apple,iPhone 11,9,58997.23,530975.0700000001,Gita Bhattacharya,56,Rajkot,Credit Card,2
3797,2024-09-28,28,9,2024,Saturday,Samsung,Galaxy A51,2,49310.33,98620.66,Sumit Reddy,30,Delhi,Debit Card,4
3798,2024-09-28,28,9,2024,Saturday,Xiaomi,Mi 11,3,40432.24,121296.72,Harish Malhotra,20,Delhi,Credit Card,5
3799,2024-09-29,29,9,2024,Sunday,Vivo,Vivo V20,1,30580.93,30580.93,Yogesh Ahuja,58,Gorakhpur,Debit Card,2
3800,2024-09-29,29,9,2024,Sunday,OnePlus,OnePlus 8T,7,21054.97,147384.79,Priyanka Goyal,52,Kolkata,Debit Card,5
3801,2024-09-29,29,9,2024,Sunday,Samsung,Galaxy Note 20,1,16386.86,16386.86,Anand Bhattacharya,55,Mumbai,Cash,4
3802,2024-09-30,30,9,2024,Monday,Xiaomi,Redmi Note 10,9,68154.44,613389.96,Monika Rathod,34,Kanpur,Credit Card,4
3803,2024-09-30,30,9,2024,Monday,Apple,iPhone SE,1,21978.92,21978.92,Sachin Kaur,20,Delhi,Credit Card,5
3804,2024-09-30,30,9,2024,Monday,Samsung,Galaxy A51,5,13592.48,67962.4,Kiran Mishra,51,Vadodara,Credit Card,3
3805,2024-09-30,30,9,2024,Monday,Samsung,Galaxy Note 20,7,67700.01,473900.06999999995,Priya Sharma,29,Mumbai,Cash,2
3806,2024-10-01,1,10,2024,Tuesday,OnePlus,OnePlus Nord,3,42937.1,128811.29999999999,Lata Bhattacharya,41,Patna,UPI,2
3807,2024-10-01,1,10,2024,Tuesday,Xiaomi,Redmi Note 10,9,57799.4,520194.60000000003,Jyoti Jain,23,Bangalore,Debit Card,4
3808,2024-10-01,1,10,2024,Tuesday,Vivo,Vivo Y51,8,12625.95,101007.6,Anand Rao,59,Delhi,Credit Card,2
3809,2024-10-01,1,10,2024,Tuesday,Apple,iPhone 11,3,44016.75,132050.25,Sunita Roy,28,Delhi,Debit Card,5
3810,2024-10-02,2,10,2024,Wednesday,Xiaomi,Redmi 9,5,33892.6,169463.0,Reena Arora,44,Jodhpur,Cash,4
3811,2024-10-02,2,10,2024,Wednesday,Apple,iPhone SE,7,56317.87,394225.09,Ramesh Solanki,41,Coimbatore,Debit Card,2
3812,2024-10-02,2,10,2024,Wednesday,Samsung,Galaxy A51,4,12305.54,49222.16,Ramesh Kumar,35,Kanpur,Cash,5
3813,2024-10-02,2,10,2024,Wednesday,OnePlus,OnePlus 8T,5,34101.43,170507.15,Arun Kumar,44,Delhi,UPI,2
3814,2024-10-03,3,10,2024,Thursday,OnePlus,OnePlus Nord,3,57944.41,173833.23,Kiran Singh,58,Kanpur,Credit Card,5
3815,2024-10-03,3,10,2024,Thursday,Vivo,Vivo Y51,9,41361.84,372256.55999999994,Sumit Sheth,38,Delhi,Cash,2
3816,2024-10-03,3,10,2024,Thursday,OnePlus,OnePlus Nord,9,43002.32,387020.88,Kiran Rathod,51,Delhi,Debit Card,3
3817,2024-10-03,3,10,2024,Thursday,Samsung,Galaxy Note 20,7,15829.88,110809.15999999999,Pankaj Alva,50,Hyderabad,Cash,3
3818,2024-10-04,4,10,2024,Friday,Vivo,Vivo Y51,2,17939.83,35879.66,Tanuja Teja,35,Delhi,Cash,4
3819,2024-10-04,4,10,2024,Friday,Xiaomi,Mi 11,7,50619.98,354339.86000000004,Arun Shah,20,Mumbai,UPI,3
3820,2024-10-04,4,10,2024,Friday,OnePlus,OnePlus Nord,7,50502.8,353519.60000000003,Lalita Sheth,41,Chennai,Credit Card,5
3821,2024-10-05,5,10,2024,Saturday,Vivo,Vivo S1,5,68746.2,343731.0,Vivek Shah,18,Delhi,Cash,5
3822,2024-10-05,5,10,2024,Saturday,Samsung,Galaxy S21,9,52717.18,474454.62,Lata Alva,23,Bhopal,Cash,5
3823,2024-10-05,5,10,2024,Saturday,Apple,iPhone 11,3,39594.61,118783.83,Rajesh Ghosh,36,Hyderabad,Debit Card,4
3824,2024-10-05,5,10,2024,Saturday,Apple,iPhone SE,4,61439.67,245758.68,Namita Patel,39,Kanpur,Cash,4
3825,2024-10-06,6,10,2024,Sunday,Samsung,Galaxy S21,1,16268.38,16268.38,Tapan Singh,25,Kanpur,Cash,3
3826,2024-10-06,6,10,2024,Sunday,Samsung,Galaxy S21,6,36957.75,221746.5,Radha Kumar,22,Delhi,Credit Card,5
3827,2024-10-06,6,10,2024,Sunday,Apple,iPhone SE,4,27226.55,108906.2,Navin Solanki,26,Lucknow,Credit Card,3
3828,2024-10-07,7,10,2024,Monday,Vivo,Vivo Y51,1,16278.27,16278.27,Sumit Ghosh,38,Ranchi,Debit Card,5
3829,2024-10-07,7,10,2024,Monday,Apple,iPhone 12,2,55810.13,111620.26,Rajesh Singh,45,Rajkot,Cash,5
3830,2024-10-07,7,10,2024,Monday,Samsung,Galaxy S21,3,40647.52,121942.56,Meena Sheth,21,Delhi,Cash,5
3831,2024-10-07,7,10,2024,Monday,OnePlus,OnePlus 8T,9,43406.12,390655.08,Kavita Bhatnagar,41,Mumbai,Cash,5
3832,2024-10-08,8,10,2024,Tuesday,Xiaomi,Redmi 9,8,34675.31,277402.48,Vivek Sheth,25,Jodhpur,UPI,2
3833,2024-10-08,8,10,2024,Tuesday,OnePlus,OnePlus 8T,7,37620.23,263341.61000000004,Anita Desai,34,Vadodara,UPI,5
3834,2024-10-08,8,10,2024,Tuesday,OnePlus,OnePlus 8T,4,16961.04,67844.16,Ayesha Rathod,51,Mumbai,Debit Card,5
3835,2024-10-08,8,10,2024,Tuesday,Samsung,Galaxy A51,1,50375.07,50375.07,Sanjay Malhotra,37,Patna,UPI,3
